Facility Name,Facility ID,State,Measure Name,Number of Discharges,Excess Readmission Ratio,Predicted Readmission Rate,Expected Readmission Rate,Number of Readmissions,Start Date,End Date
SOUTHEAST HEALTH MEDICAL CENTER,10001,AL,READM-30-HF-HRRP,616,1.1003,23.1263,21.0184,149,01-07-2019,30-06-2022
SOUTHEAST HEALTH MEDICAL CENTER,10001,AL,READM-30-AMI-HRRP,274,0.9332,12.9044,13.8283,32,01-07-2019,30-06-2022
SOUTHEAST HEALTH MEDICAL CENTER,10001,AL,READM-30-PN-HRRP,404,0.9871,17.0529,17.2762,68,01-07-2019,30-06-2022
SOUTHEAST HEALTH MEDICAL CENTER,10001,AL,READM-30-CABG-HRRP,126,0.9517,9.8131,10.3112,11,01-07-2019,30-06-2022
SOUTHEAST HEALTH MEDICAL CENTER,10001,AL,READM-30-COPD-HRRP,117,0.9803,18.1837,18.5483,20,01-07-2019,30-06-2022
MARSHALL MEDICAL CENTERS,10005,AL,READM-30-COPD-HRRP,137,0.8784,16.2476,18.4967,14,01-07-2019,30-06-2022
MARSHALL MEDICAL CENTERS,10005,AL,READM-30-PN-HRRP,285,0.9497,15.2494,16.0567,40,01-07-2019,30-06-2022
MARSHALL MEDICAL CENTERS,10005,AL,READM-30-HF-HRRP,129,0.9885,19.1975,19.4209,24,01-07-2019,30-06-2022
NORTH ALABAMA MEDICAL CENTER,10006,AL,READM-30-HIP-KNEE-HRRP,158,0.9165,16.8035,18.3353,21,01-07-2019,30-06-2022
NORTH ALABAMA MEDICAL CENTER,10006,AL,READM-30-COPD-HRRP,89,1.133,12.8249,11.3197,15,01-07-2019,30-06-2022
NORTH ALABAMA MEDICAL CENTER,10006,AL,READM-30-CABG-HRRP,441,0.9629,19.3905,20.138,83,01-07-2019,30-06-2022
NORTH ALABAMA MEDICAL CENTER,10006,AL,READM-30-HF-HRRP,273,1.0472,12.3815,11.8232,36,01-07-2019,30-06-2022
NORTH ALABAMA MEDICAL CENTER,10006,AL,READM-30-AMI-HRRP,472,0.9731,16.2835,16.734,75,01-07-2019,30-06-2022
MIZELL MEMORIAL HOSPITAL,10007,AL,READM-30-AMI-HRRP,127,0.9969,11.9288,11.9664,15,01-07-2019,30-06-2022
CRENSHAW COMMUNITY HOSPITAL,10008,AL,READM-30-COPD-HRRP,309,1.05,17.6813,16.8389,58,01-07-2019,30-06-2022
CRENSHAW COMMUNITY HOSPITAL,10008,AL,READM-30-HIP-KNEE-HRRP,64,1.153,12.495,10.8369,12,01-07-2019,30-06-2022
CRENSHAW COMMUNITY HOSPITAL,10008,AL,READM-30-HF-HRRP,251,0.9971,19.9965,20.0544,50,01-07-2019,30-06-2022
CRENSHAW COMMUNITY HOSPITAL,10008,AL,READM-30-CABG-HRRP,82,0.9856,18.2175,18.4834,14,01-07-2019,30-06-2022
CRENSHAW COMMUNITY HOSPITAL,10008,AL,READM-30-PN-HRRP,151,0.9781,14.2085,14.526,20,01-07-2019,30-06-2022
ST. VINCENT'S EAST,10011,AL,READM-30-HIP-KNEE-HRRP,168,1.0081,17.5256,17.3839,30,01-07-2019,30-06-2022
ST. VINCENT'S EAST,10011,AL,READM-30-HF-HRRP,72,1.038,14.1322,13.6152,12,01-07-2019,30-06-2022
DEKALB REGIONAL MEDICAL CENTER,10012,AL,READM-30-COPD-HRRP,186,0.9745,20.2796,20.81,36,01-07-2019,30-06-2022
DEKALB REGIONAL MEDICAL CENTER,10012,AL,READM-30-CABG-HRRP,208,0.9366,17.922,19.1344,33,01-07-2019,30-06-2022
DEKALB REGIONAL MEDICAL CENTER,10012,AL,READM-30-PN-HRRP,160,0.9307,16.5761,17.81,22,01-07-2019,30-06-2022
DEKALB REGIONAL MEDICAL CENTER,10012,AL,READM-30-HIP-KNEE-HRRP,208,0.9978,15.456,15.4901,32,01-07-2019,30-06-2022
SHELBY BAPTIST MEDICAL CENTER,10016,AL,READM-30-CABG-HRRP,47,1.0552,15.7025,14.8809,11,01-07-2019,30-06-2022
SHELBY BAPTIST MEDICAL CENTER,10016,AL,READM-30-AMI-HRRP,68,0.9977,19.3437,19.389,13,01-07-2019,30-06-2022
CALLAHAN EYE HOSPITAL,10018,AL,READM-30-PN-HRRP,284,0.9412,19.3729,20.5838,51,01-07-2019,30-06-2022
CALLAHAN EYE HOSPITAL,10018,AL,READM-30-HIP-KNEE-HRRP,190,1.0287,15.0433,14.6243,30,01-07-2019,30-06-2022
CALLAHAN EYE HOSPITAL,10018,AL,READM-30-HF-HRRP,117,0.9747,17.7691,18.2305,19,01-07-2019,30-06-2022
CALLAHAN EYE HOSPITAL,10018,AL,READM-30-COPD-HRRP,195,1.0147,17.4308,17.1779,35,01-07-2019,30-06-2022
CALLAHAN EYE HOSPITAL,10018,AL,READM-30-CABG-HRRP,256,0.9629,18.9363,19.6649,46,01-07-2019,30-06-2022
HELEN KELLER HOSPITAL,10019,AL,READM-30-HIP-KNEE-HRRP,117,1.0898,15.9752,14.6583,23,01-07-2019,30-06-2022
HELEN KELLER HOSPITAL,10019,AL,READM-30-HF-HRRP,72,1.0008,17.9843,17.9699,13,01-07-2019,30-06-2022
HELEN KELLER HOSPITAL,10019,AL,READM-30-AMI-HRRP,88,1.0167,11.9626,11.7663,11,01-07-2019,30-06-2022
HELEN KELLER HOSPITAL,10019,AL,READM-30-CABG-HRRP,88,0.961,16.7335,17.413,12,01-07-2019,30-06-2022
HELEN KELLER HOSPITAL,10019,AL,READM-30-COPD-HRRP,175,1.1095,21.2027,19.11,44,01-07-2019,30-06-2022
HELEN KELLER HOSPITAL,10019,AL,READM-30-PN-HRRP,72,1.0344,20.507,19.825,17,01-07-2019,30-06-2022
DALE MEDICAL CENTER,10021,AL,READM-30-AMI-HRRP,321,1.0892,18.0978,16.6152,64,01-07-2019,30-06-2022
DALE MEDICAL CENTER,10021,AL,READM-30-HF-HRRP,134,1.0125,21.0181,20.7589,29,01-07-2019,30-06-2022
DALE MEDICAL CENTER,10021,AL,READM-30-PN-HRRP,281,1.0353,12.1039,11.6912,35,01-07-2019,30-06-2022
CHEROKEE MEDICAL CENTER,10022,AL,READM-30-HF-HRRP,251,1.0693,16.1899,15.1403,44,01-07-2019,30-06-2022
CHEROKEE MEDICAL CENTER,10022,AL,READM-30-PN-HRRP,595,0.8908,18.255,20.4934,101,01-07-2019,30-06-2022
CHEROKEE MEDICAL CENTER,10022,AL,READM-30-HIP-KNEE-HRRP,328,1.0905,20.8074,19.0802,74,01-07-2019,30-06-2022
BAPTIST MEDICAL CENTER SOUTH,10023,AL,READM-30-CABG-HRRP,315,1.0232,16.018,15.6549,52,01-07-2019,30-06-2022
BAPTIST MEDICAL CENTER SOUTH,10023,AL,READM-30-COPD-HRRP,113,1.0903,20.6265,18.9178,29,01-07-2019,30-06-2022
BAPTIST MEDICAL CENTER SOUTH,10023,AL,READM-30-HIP-KNEE-HRRP,121,1.0269,17.5026,17.0433,23,01-07-2019,30-06-2022
BAPTIST MEDICAL CENTER SOUTH,10023,AL,READM-30-PN-HRRP,154,1.0418,22.2181,21.3276,37,01-07-2019,30-06-2022
JACKSON HOSPITAL & CLINIC INC,10024,AL,READM-30-HIP-KNEE-HRRP,243,0.8286,8.2787,9.9909,15,01-07-2019,30-06-2022
JACKSON HOSPITAL & CLINIC INC,10024,AL,READM-30-HF-HRRP,334,1.2916,5.698,4.4117,23,01-07-2019,30-06-2022
JACKSON HOSPITAL & CLINIC INC,10024,AL,READM-30-AMI-HRRP,613,0.8867,10.7176,12.0875,60,01-07-2019,30-06-2022
JACKSON HOSPITAL & CLINIC INC,10024,AL,READM-30-COPD-HRRP,396,0.9641,17,17.6328,65,01-07-2019,30-06-2022
JACKSON HOSPITAL & CLINIC INC,10024,AL,READM-30-CABG-HRRP,1085,0.9794,15.7055,16.0354,169,01-07-2019,30-06-2022
THE EAST ALABAMA HEALTHCARE AUTHORITY,10029,AL,READM-30-PN-HRRP,1086,1.0105,20.1021,19.8942,219,01-07-2019,30-06-2022
THE EAST ALABAMA HEALTHCARE AUTHORITY,10029,AL,READM-30-HF-HRRP,225,0.9275,16.9822,18.31,33,01-07-2019,30-06-2022
THE EAST ALABAMA HEALTHCARE AUTHORITY,10029,AL,READM-30-COPD-HRRP,151,0.9927,14.1466,14.2505,21,01-07-2019,30-06-2022
THE EAST ALABAMA HEALTHCARE AUTHORITY,10029,AL,READM-30-AMI-HRRP,242,0.9684,21.1509,21.8409,49,01-07-2019,30-06-2022
THE EAST ALABAMA HEALTHCARE AUTHORITY,10029,AL,READM-30-HIP-KNEE-HRRP,95,0.9809,19.2423,19.6177,17,01-07-2019,30-06-2022
COMMUNITY HOSPITAL INC,10034,AL,READM-30-AMI-HRRP,226,1.0992,24.5086,22.2965,62,01-07-2019,30-06-2022
COMMUNITY HOSPITAL INC,10034,AL,READM-30-HIP-KNEE-HRRP,95,1.0473,19.9721,19.07,22,01-07-2019,30-06-2022
COMMUNITY HOSPITAL INC,10034,AL,READM-30-HF-HRRP,189,1.0974,19.8195,18.0597,44,01-07-2019,30-06-2022
COMMUNITY HOSPITAL INC,10034,AL,READM-30-COPD-HRRP,129,1.0585,15.6623,14.796,24,01-07-2019,30-06-2022
CULLMAN REGIONAL MEDICAL CENTER,10035,AL,READM-30-CABG-HRRP,68,1.0801,17.8559,16.5314,17,01-07-2019,30-06-2022
CULLMAN REGIONAL MEDICAL CENTER,10035,AL,READM-30-HIP-KNEE-HRRP,89,1.0232,18.5527,18.1327,18,01-07-2019,30-06-2022
CULLMAN REGIONAL MEDICAL CENTER,10035,AL,READM-30-HF-HRRP,268,0.974,15.2113,15.6174,39,01-07-2019,30-06-2022
CULLMAN REGIONAL MEDICAL CENTER,10035,AL,READM-30-COPD-HRRP,300,1.0085,19.8119,19.6442,60,01-07-2019,30-06-2022
ANDALUSIA HEALTH,10036,AL,READM-30-PN-HRRP,130,0.961,18.1308,18.8676,21,01-07-2019,30-06-2022
ANDALUSIA HEALTH,10036,AL,READM-30-CABG-HRRP,233,1.022,12.8549,12.5783,31,01-07-2019,30-06-2022
ANDALUSIA HEALTH,10036,AL,READM-30-HIP-KNEE-HRRP,122,1.02,13.1482,12.8898,17,01-07-2019,30-06-2022
ANDALUSIA HEALTH,10036,AL,READM-30-AMI-HRRP,304,0.9772,15.9745,16.3467,47,01-07-2019,30-06-2022
ANDALUSIA HEALTH,10036,AL,READM-30-HF-HRRP,90,1.0344,11.1665,10.7948,11,01-07-2019,30-06-2022
HUNTSVILLE HOSPITAL,10039,AL,READM-30-CABG-HRRP,80,0.9981,17.6582,17.6925,14,01-07-2019,30-06-2022
HUNTSVILLE HOSPITAL,10039,AL,READM-30-HIP-KNEE-HRRP,356,0.9587,19.0432,19.8635,65,01-07-2019,30-06-2022
HUNTSVILLE HOSPITAL,10039,AL,READM-30-COPD-HRRP,89,0.9879,15.5209,15.7111,13,01-07-2019,30-06-2022
GADSDEN REGIONAL MEDICAL CENTER,10040,AL,READM-30-COPD-HRRP,84,1.011,20.5563,20.3317,18,01-07-2019,30-06-2022
MARION REGIONAL MEDICAL CENTER,10044,AL,READM-30-HIP-KNEE-HRRP,251,0.973,19.8509,20.4011,48,01-07-2019,30-06-2022
MARION REGIONAL MEDICAL CENTER,10044,AL,READM-30-COPD-HRRP,166,1.0104,15.3488,15.1906,26,01-07-2019,30-06-2022
MARION REGIONAL MEDICAL CENTER,10044,AL,READM-30-PN-HRRP,212,0.9288,15.5676,16.761,28,01-07-2019,30-06-2022
MARION REGIONAL MEDICAL CENTER,10044,AL,READM-30-CABG-HRRP,144,1.4087,6.0702,4.3092,14,01-07-2019,30-06-2022
FAYETTE MEDICAL CENTER,10045,AL,READM-30-HF-HRRP,137,0.8776,17.1467,19.5385,15,01-07-2019,30-06-2022
FAYETTE MEDICAL CENTER,10045,AL,READM-30-AMI-HRRP,136,1.025,20.1217,19.6305,29,01-07-2019,30-06-2022
FAYETTE MEDICAL CENTER,10045,AL,READM-30-COPD-HRRP,68,1.0013,18.9989,18.975,13,01-07-2019,30-06-2022
FAYETTE MEDICAL CENTER,10045,AL,READM-30-HIP-KNEE-HRRP,157,1.0627,16.4996,15.526,30,01-07-2019,30-06-2022
RIVERVIEW REGIONAL MEDICAL CENTER,10046,AL,READM-30-HF-HRRP,240,0.9663,19.2755,19.947,44,01-07-2019,30-06-2022
RIVERVIEW REGIONAL MEDICAL CENTER,10046,AL,READM-30-CABG-HRRP,228,0.9704,15.3558,15.8238,33,01-07-2019,30-06-2022
RIVERVIEW REGIONAL MEDICAL CENTER,10046,AL,READM-30-AMI-HRRP,96,0.9428,17.4758,18.5365,13,01-07-2019,30-06-2022
RIVERVIEW REGIONAL MEDICAL CENTER,10046,AL,READM-30-COPD-HRRP,95,1.0114,13.11,12.9621,13,01-07-2019,30-06-2022
RIVERVIEW REGIONAL MEDICAL CENTER,10046,AL,READM-30-HIP-KNEE-HRRP,361,1.048,16.8457,16.0742,64,01-07-2019,30-06-2022
MEDICAL CENTER ENTERPRISE,10049,AL,READM-30-HIP-KNEE-HRRP,350,0.9516,18.6437,19.5909,62,01-07-2019,30-06-2022
MEDICAL CENTER ENTERPRISE,10049,AL,READM-30-AMI-HRRP,138,1.053,17.2046,16.3389,27,01-07-2019,30-06-2022
GREENE COUNTY HOSPITAL,10051,AL,READM-30-HIP-KNEE-HRRP,91,1.0575,19.103,18.0637,21,01-07-2019,30-06-2022
GREENE COUNTY HOSPITAL,10051,AL,READM-30-AMI-HRRP,131,0.9859,15.2313,15.4491,19,01-07-2019,30-06-2022
GREENE COUNTY HOSPITAL,10051,AL,READM-30-HF-HRRP,135,1.044,20.1101,19.2619,30,01-07-2019,30-06-2022
LAKE MARTIN COMMUNITY HOSPITAL,10052,AL,READM-30-HIP-KNEE-HRRP,133,0.9647,11.8088,12.2407,14,01-07-2019,30-06-2022
LAKE MARTIN COMMUNITY HOSPITAL,10052,AL,READM-30-HF-HRRP,95,0.9792,16.1223,16.4652,14,01-07-2019,30-06-2022
LAKE MARTIN COMMUNITY HOSPITAL,10052,AL,READM-30-CABG-HRRP,291,1.0336,20.5453,19.8771,62,01-07-2019,30-06-2022
LAKE MARTIN COMMUNITY HOSPITAL,10052,AL,READM-30-PN-HRRP,249,1.048,16.7918,16.0224,45,01-07-2019,30-06-2022
FLOWERS HOSPITAL,10055,AL,READM-30-CABG-HRRP,159,0.99,12.2546,12.3786,19,01-07-2019,30-06-2022
FLOWERS HOSPITAL,10055,AL,READM-30-HIP-KNEE-HRRP,646,0.986,19.6491,19.9273,126,01-07-2019,30-06-2022
FLOWERS HOSPITAL,10055,AL,READM-30-HF-HRRP,297,1.0544,20.3768,19.3258,64,01-07-2019,30-06-2022
FLOWERS HOSPITAL,10055,AL,READM-30-COPD-HRRP,544,1.1162,18.4642,16.5417,108,01-07-2019,30-06-2022
ST VINCENT'S BIRMINGHAM,10056,AL,READM-30-PN-HRRP,150,1.0666,11.4573,10.7415,19,01-07-2019,30-06-2022
ST VINCENT'S BIRMINGHAM,10056,AL,READM-30-CABG-HRRP,116,1.0332,11.6102,11.2371,15,01-07-2019,30-06-2022
ST VINCENT'S BIRMINGHAM,10056,AL,READM-30-COPD-HRRP,259,1.013,15.1131,14.9197,40,01-07-2019,30-06-2022
BIBB MEDICAL CENTER,10058,AL,READM-30-COPD-HRRP,269,1.0874,20.6159,18.9581,61,01-07-2019,30-06-2022
BIBB MEDICAL CENTER,10058,AL,READM-30-PN-HRRP,54,1.0852,21.3915,19.7123,17,01-07-2019,30-06-2022
BIBB MEDICAL CENTER,10058,AL,READM-30-HF-HRRP,53,1.0752,15.4995,14.4155,13,01-07-2019,30-06-2022
BIBB MEDICAL CENTER,10058,AL,READM-30-HIP-KNEE-HRRP,100,1.0024,14.8774,14.8411,15,01-07-2019,30-06-2022
BIBB MEDICAL CENTER,10058,AL,READM-30-AMI-HRRP,170,0.9497,19.6576,20.6981,30,01-07-2019,30-06-2022
BIBB MEDICAL CENTER,10058,AL,READM-30-CABG-HRRP,72,1.0252,19.9805,19.4895,16,01-07-2019,30-06-2022
LAWRENCE MEDICAL CENTER,10059,AL,READM-30-CABG-HRRP,89,1.009,19.5048,19.33,18,01-07-2019,30-06-2022
LAWRENCE MEDICAL CENTER,10059,AL,READM-30-PN-HRRP,133,1.033,20.2006,19.5551,29,01-07-2019,30-06-2022
LAWRENCE MEDICAL CENTER,10059,AL,READM-30-COPD-HRRP,262,0.9787,16.9752,17.3443,43,01-07-2019,30-06-2022
LAWRENCE MEDICAL CENTER,10059,AL,READM-30-AMI-HRRP,94,1.2213,13.0999,10.7264,18,01-07-2019,30-06-2022
HIGHLANDS MEDICAL CENTER,10061,AL,READM-30-PN-HRRP,450,0.9931,20.5472,20.6898,92,01-07-2019,30-06-2022
HIGHLANDS MEDICAL CENTER,10061,AL,READM-30-CABG-HRRP,171,1.0074,13.8251,13.724,24,01-07-2019,30-06-2022
HIGHLANDS MEDICAL CENTER,10061,AL,READM-30-HF-HRRP,368,1.0518,4.6805,4.4501,18,01-07-2019,30-06-2022
HIGHLANDS MEDICAL CENTER,10061,AL,READM-30-COPD-HRRP,119,0.9373,14.5253,15.4977,13,01-07-2019,30-06-2022
HIGHLANDS MEDICAL CENTER,10061,AL,READM-30-AMI-HRRP,107,1.0214,20.1797,19.7577,23,01-07-2019,30-06-2022
HIGHLANDS MEDICAL CENTER,10061,AL,READM-30-HIP-KNEE-HRRP,86,0.9302,18.262,19.6331,11,01-07-2019,30-06-2022
WIREGRASS MEDICAL CENTER,10062,AL,READM-30-HIP-KNEE-HRRP,58,1.0017,20.4905,20.4551,12,01-07-2019,30-06-2022
WIREGRASS MEDICAL CENTER,10062,AL,READM-30-AMI-HRRP,141,0.9934,18.0298,18.1493,25,01-07-2019,30-06-2022
WIREGRASS MEDICAL CENTER,10062,AL,READM-30-COPD-HRRP,341,0.9698,16.1565,16.6604,53,01-07-2019,30-06-2022
WIREGRASS MEDICAL CENTER,10062,AL,READM-30-CABG-HRRP,363,0.9312,19.2105,20.6302,65,01-07-2019,30-06-2022
RUSSELL MEDICAL CENTER,10065,AL,READM-30-PN-HRRP,151,1.0774,14.804,13.7409,26,01-07-2019,30-06-2022
RUSSELL MEDICAL CENTER,10065,AL,READM-30-COPD-HRRP,93,0.9121,19.5282,21.4111,12,01-07-2019,30-06-2022
RUSSELL MEDICAL CENTER,10065,AL,READM-30-CABG-HRRP,118,1.0055,15.7887,15.7027,19,01-07-2019,30-06-2022
RUSSELL MEDICAL CENTER,10065,AL,READM-30-HIP-KNEE-HRRP,95,1.0399,18.2019,17.5037,20,01-07-2019,30-06-2022
MEDICAL CENTER BARBOUR,10069,AL,READM-30-HF-HRRP,82,0.946,19.1295,20.2217,12,01-07-2019,30-06-2022
MEDICAL CENTER BARBOUR,10069,AL,READM-30-COPD-HRRP,310,0.9024,12.1398,13.4533,31,01-07-2019,30-06-2022
NORTHEAST ALABAMA REGIONAL MEDICAL CENTER,10078,AL,READM-30-AMI-HRRP,117,0.9549,14.593,15.2825,14,01-07-2019,30-06-2022
NORTHEAST ALABAMA REGIONAL MEDICAL CENTER,10078,AL,READM-30-PN-HRRP,54,1.0213,17.8471,17.475,11,01-07-2019,30-06-2022
NORTHEAST ALABAMA REGIONAL MEDICAL CENTER,10078,AL,READM-30-HIP-KNEE-HRRP,297,1.0231,15.982,15.6216,49,01-07-2019,30-06-2022
NORTHEAST ALABAMA REGIONAL MEDICAL CENTER,10078,AL,READM-30-COPD-HRRP,233,1.0513,20.4602,19.4619,51,01-07-2019,30-06-2022
ATHENS LIMESTONE HOSPITAL,10079,AL,READM-30-HF-HRRP,94,0.9782,17.4441,17.8334,15,01-07-2019,30-06-2022
ATHENS LIMESTONE HOSPITAL,10079,AL,READM-30-CABG-HRRP,112,1.102,14.5068,13.1638,21,01-07-2019,30-06-2022
ATHENS LIMESTONE HOSPITAL,10079,AL,READM-30-HIP-KNEE-HRRP,76,1.0173,13.3742,13.1468,11,01-07-2019,30-06-2022
ATHENS LIMESTONE HOSPITAL,10079,AL,READM-30-PN-HRRP,152,1.0335,16.9337,16.3842,28,01-07-2019,30-06-2022
ATHENS LIMESTONE HOSPITAL,10079,AL,READM-30-AMI-HRRP,131,1.0146,19.8834,19.5978,27,01-07-2019,30-06-2022
SOUTH BALDWIN REGIONAL MEDICAL CENTER,10083,AL,READM-30-HF-HRRP,84,1.0674,17.7142,16.5954,19,01-07-2019,30-06-2022
SOUTH BALDWIN REGIONAL MEDICAL CENTER,10083,AL,READM-30-PN-HRRP,170,1.0518,16.7852,15.9579,32,01-07-2019,30-06-2022
SOUTH BALDWIN REGIONAL MEDICAL CENTER,10083,AL,READM-30-COPD-HRRP,243,0.9662,19.0406,19.7065,44,01-07-2019,30-06-2022
DECATUR MORGAN HOSPITAL - DECATUR CAMPUS,10085,AL,READM-30-HIP-KNEE-HRRP,57,1.0861,14.0518,12.9377,12,01-07-2019,30-06-2022
DECATUR MORGAN HOSPITAL - DECATUR CAMPUS,10085,AL,READM-30-HF-HRRP,57,1.0517,17.1576,16.3139,13,01-07-2019,30-06-2022
DECATUR MORGAN HOSPITAL - DECATUR CAMPUS,10085,AL,READM-30-AMI-HRRP,148,1.0138,16.2696,16.0488,25,01-07-2019,30-06-2022
NORTHWEST MEDICAL CENTER,10086,AL,READM-30-HF-HRRP,193,1.0446,19.2416,18.4203,40,01-07-2019,30-06-2022
NORTHWEST MEDICAL CENTER,10086,AL,READM-30-COPD-HRRP,64,1.0415,14.5705,13.9897,12,01-07-2019,30-06-2022
USA HEALTH UNIVERSITY HOSPITAL,10087,AL,READM-30-COPD-HRRP,75,1.0187,17.0936,16.779,14,01-07-2019,30-06-2022
USA HEALTH UNIVERSITY HOSPITAL,10087,AL,READM-30-PN-HRRP,608,0.9332,3.6255,3.8852,21,01-07-2019,30-06-2022
WALKER BAPTIST MEDICAL CENTER,10089,AL,READM-30-AMI-HRRP,111,0.9267,18.888,20.3819,16,01-07-2019,30-06-2022
WALKER BAPTIST MEDICAL CENTER,10089,AL,READM-30-COPD-HRRP,144,0.9829,16.0859,16.3652,22,01-07-2019,30-06-2022
WALKER BAPTIST MEDICAL CENTER,10089,AL,READM-30-HIP-KNEE-HRRP,377,0.9316,18.4791,19.8359,65,01-07-2019,30-06-2022
WALKER BAPTIST MEDICAL CENTER,10089,AL,READM-30-PN-HRRP,399,0.9243,11.4681,12.407,42,01-07-2019,30-06-2022
PROVIDENCE HOSPITAL,10090,AL,READM-30-AMI-HRRP,216,0.8815,14.5558,16.512,23,01-07-2019,30-06-2022
PROVIDENCE HOSPITAL,10090,AL,READM-30-COPD-HRRP,162,1.0064,20.7231,20.5913,34,01-07-2019,30-06-2022
PROVIDENCE HOSPITAL,10090,AL,READM-30-CABG-HRRP,78,0.9537,19.3936,20.3357,12,01-07-2019,30-06-2022
PROVIDENCE HOSPITAL,10090,AL,READM-30-HF-HRRP,108,1.0235,12.8535,12.5582,15,01-07-2019,30-06-2022
DCH REGIONAL MEDICAL CENTER,10092,AL,READM-30-AMI-HRRP,132,0.9578,12.1766,12.7132,14,01-07-2019,30-06-2022
DCH REGIONAL MEDICAL CENTER,10092,AL,READM-30-HF-HRRP,160,1.0176,20.5188,20.1635,34,01-07-2019,30-06-2022
DCH REGIONAL MEDICAL CENTER,10092,AL,READM-30-COPD-HRRP,121,1.0666,16.2456,15.2306,24,01-07-2019,30-06-2022
HALE COUNTY HOSPITAL,10095,AL,READM-30-PN-HRRP,60,1.0965,18.5807,16.9458,17,01-07-2019,30-06-2022
HALE COUNTY HOSPITAL,10095,AL,READM-30-COPD-HRRP,500,0.875,3.2009,3.6583,14,01-07-2019,30-06-2022
HALE COUNTY HOSPITAL,10095,AL,READM-30-HF-HRRP,71,1.0365,21.8926,21.1223,18,01-07-2019,30-06-2022
HALE COUNTY HOSPITAL,10095,AL,READM-30-CABG-HRRP,149,1.0241,20.41,19.9306,32,01-07-2019,30-06-2022
ELMORE COMMUNITY HOSPITAL,10097,AL,READM-30-HIP-KNEE-HRRP,88,1.0592,16.0846,15.1861,18,01-07-2019,30-06-2022
ELMORE COMMUNITY HOSPITAL,10097,AL,READM-30-HF-HRRP,79,0.9493,19.5131,20.5548,12,01-07-2019,30-06-2022
ELMORE COMMUNITY HOSPITAL,10097,AL,READM-30-AMI-HRRP,117,0.9932,15.7772,15.8854,18,01-07-2019,30-06-2022
ELMORE COMMUNITY HOSPITAL,10097,AL,READM-30-COPD-HRRP,117,0.9646,18.2532,18.9225,19,01-07-2019,30-06-2022
D W MCMILLAN MEMORIAL HOSPITAL,10099,AL,READM-30-HF-HRRP,256,0.9959,21.9855,22.0769,56,01-07-2019,30-06-2022
D W MCMILLAN MEMORIAL HOSPITAL,10099,AL,READM-30-COPD-HRRP,196,0.9814,17.5024,17.8344,33,01-07-2019,30-06-2022
THOMAS HOSPITAL,10100,AL,READM-30-CABG-HRRP,562,1.0541,19.49,18.4901,113,01-07-2019,30-06-2022
THOMAS HOSPITAL,10100,AL,READM-30-AMI-HRRP,438,1.0336,15.9288,15.4113,72,01-07-2019,30-06-2022
THOMAS HOSPITAL,10100,AL,READM-30-HIP-KNEE-HRRP,142,0.9193,16.4677,17.9142,18,01-07-2019,30-06-2022
THOMAS HOSPITAL,10100,AL,READM-30-COPD-HRRP,337,0.9852,3.925,3.9839,13,01-07-2019,30-06-2022
THOMAS HOSPITAL,10100,AL,READM-30-HF-HRRP,249,1.119,13.866,12.3917,40,01-07-2019,30-06-2022
CITIZENS BAPTIST MEDICAL CENTER,10101,AL,READM-30-COPD-HRRP,197,0.8653,12.9353,14.9484,16,01-07-2019,30-06-2022
CITIZENS BAPTIST MEDICAL CENTER,10101,AL,READM-30-CABG-HRRP,172,0.8299,16.9609,20.4371,17,01-07-2019,30-06-2022
CITIZENS BAPTIST MEDICAL CENTER,10101,AL,READM-30-AMI-HRRP,153,0.9829,17.7196,18.0282,26,01-07-2019,30-06-2022
J PAUL JONES HOSPITAL,10102,AL,READM-30-PN-HRRP,156,0.957,14.6907,15.3502,20,01-07-2019,30-06-2022
J PAUL JONES HOSPITAL,10102,AL,READM-30-COPD-HRRP,139,1.0031,12.126,12.0891,17,01-07-2019,30-06-2022
J PAUL JONES HOSPITAL,10102,AL,READM-30-HF-HRRP,189,0.9717,13.6924,14.0915,24,01-07-2019,30-06-2022
J PAUL JONES HOSPITAL,10102,AL,READM-30-AMI-HRRP,167,1.0519,20.1516,19.1573,37,01-07-2019,30-06-2022
PRINCETON BAPTIST MEDICAL CENTER,10103,AL,READM-30-AMI-HRRP,122,0.988,11.9448,12.0899,14,01-07-2019,30-06-2022
PRINCETON BAPTIST MEDICAL CENTER,10103,AL,READM-30-COPD-HRRP,421,1.0666,15.1359,14.1902,68,01-07-2019,30-06-2022
PRINCETON BAPTIST MEDICAL CENTER,10103,AL,READM-30-HIP-KNEE-HRRP,150,1.047,16.7583,16.0054,28,01-07-2019,30-06-2022
PRINCETON BAPTIST MEDICAL CENTER,10103,AL,READM-30-PN-HRRP,365,1.0539,19.3297,18.3412,74,01-07-2019,30-06-2022
GRANDVIEW MEDICAL CENTER,10104,AL,READM-30-PN-HRRP,336,0.8492,9.7063,11.4303,25,01-07-2019,30-06-2022
GRANDVIEW MEDICAL CENTER,10104,AL,READM-30-CABG-HRRP,99,1.027,11.3624,11.0641,12,01-07-2019,30-06-2022
GRANDVIEW MEDICAL CENTER,10104,AL,READM-30-HF-HRRP,458,1.0004,15.7145,15.7081,72,01-07-2019,30-06-2022
GRANDVIEW MEDICAL CENTER,10104,AL,READM-30-AMI-HRRP,119,0.9611,16.3829,17.0463,17,01-07-2019,30-06-2022
PRATTVILLE BAPTIST HOSPITAL,10108,AL,READM-30-HIP-KNEE-HRRP,268,0.9599,12.6783,13.2083,32,01-07-2019,30-06-2022
PRATTVILLE BAPTIST HOSPITAL,10108,AL,READM-30-AMI-HRRP,467,1.0856,20.8895,19.2426,103,01-07-2019,30-06-2022
PRATTVILLE BAPTIST HOSPITAL,10108,AL,READM-30-PN-HRRP,93,1.0406,12.9702,12.4636,14,01-07-2019,30-06-2022
PRATTVILLE BAPTIST HOSPITAL,10108,AL,READM-30-HF-HRRP,193,0.976,18.4367,18.8899,34,01-07-2019,30-06-2022
PRATTVILLE BAPTIST HOSPITAL,10108,AL,READM-30-COPD-HRRP,219,0.9241,15.2246,16.4753,28,01-07-2019,30-06-2022
BULLOCK COUNTY HOSPITAL,10110,AL,READM-30-CABG-HRRP,41,1.1013,15.0999,13.7108,12,01-07-2019,30-06-2022
BULLOCK COUNTY HOSPITAL,10110,AL,READM-30-PN-HRRP,145,0.8979,16.4937,18.3699,17,01-07-2019,30-06-2022
BULLOCK COUNTY HOSPITAL,10110,AL,READM-30-HF-HRRP,218,1.0353,15.9007,15.3587,37,01-07-2019,30-06-2022
WHITFIELD REGIONAL HOSPITAL,10112,AL,READM-30-HIP-KNEE-HRRP,236,0.9177,18.0684,19.6883,37,01-07-2019,30-06-2022
WHITFIELD REGIONAL HOSPITAL,10112,AL,READM-30-AMI-HRRP,152,0.9587,15.6944,16.3706,21,01-07-2019,30-06-2022
WHITFIELD REGIONAL HOSPITAL,10112,AL,READM-30-CABG-HRRP,67,1.1255,11.4895,10.208,11,01-07-2019,30-06-2022
MOBILE INFIRMARY MEDICAL CENTER,10113,AL,READM-30-CABG-HRRP,146,0.9808,11.5903,11.8176,16,01-07-2019,30-06-2022
MOBILE INFIRMARY MEDICAL CENTER,10113,AL,READM-30-COPD-HRRP,184,0.9488,19.8344,20.9054,33,01-07-2019,30-06-2022
MOBILE INFIRMARY MEDICAL CENTER,10113,AL,READM-30-PN-HRRP,87,0.9484,16.4684,17.3643,11,01-07-2019,30-06-2022
MOBILE INFIRMARY MEDICAL CENTER,10113,AL,READM-30-HF-HRRP,207,1.0761,17.8315,16.5702,42,01-07-2019,30-06-2022
MOBILE INFIRMARY MEDICAL CENTER,10113,AL,READM-30-AMI-HRRP,137,1.0307,14.2442,13.8204,21,01-07-2019,30-06-2022
"MEDICAL WEST, AN AFFILIATE OF UAB HEALTH SYSTEM",10114,AL,READM-30-HF-HRRP,78,0.9755,16.269,16.6775,11,01-07-2019,30-06-2022
"MEDICAL WEST, AN AFFILIATE OF UAB HEALTH SYSTEM",10114,AL,READM-30-CABG-HRRP,489,0.9245,18.851,20.3916,87,01-07-2019,30-06-2022
"MEDICAL WEST, AN AFFILIATE OF UAB HEALTH SYSTEM",10114,AL,READM-30-AMI-HRRP,138,0.9631,17.6974,18.3755,22,01-07-2019,30-06-2022
VAUGHAN REGIONAL MEDICAL CENTER PARKWAY CAMPUS,10118,AL,READM-30-PN-HRRP,287,1.0093,13.0838,12.9632,38,01-07-2019,30-06-2022
VAUGHAN REGIONAL MEDICAL CENTER PARKWAY CAMPUS,10118,AL,READM-30-CABG-HRRP,536,0.9095,15.5686,17.1171,77,01-07-2019,30-06-2022
VAUGHAN REGIONAL MEDICAL CENTER PARKWAY CAMPUS,10118,AL,READM-30-HIP-KNEE-HRRP,129,1.0535,11.2629,10.6908,16,01-07-2019,30-06-2022
VAUGHAN REGIONAL MEDICAL CENTER PARKWAY CAMPUS,10118,AL,READM-30-HF-HRRP,288,1.127,20.8681,18.5166,68,01-07-2019,30-06-2022
MONROE COUNTY HOSPITAL,10120,AL,READM-30-AMI-HRRP,84,1.013,16.8919,16.6757,15,01-07-2019,30-06-2022
MONROE COUNTY HOSPITAL,10120,AL,READM-30-HIP-KNEE-HRRP,96,0.9768,12.6399,12.9403,11,01-07-2019,30-06-2022
MONROE COUNTY HOSPITAL,10120,AL,READM-30-HF-HRRP,255,0.9559,14.9097,15.5975,35,01-07-2019,30-06-2022
MONROE COUNTY HOSPITAL,10120,AL,READM-30-COPD-HRRP,141,1.0398,18.7648,18.0473,29,01-07-2019,30-06-2022
MONROE COUNTY HOSPITAL,10120,AL,READM-30-CABG-HRRP,70,1.0174,17.0198,16.7294,13,01-07-2019,30-06-2022
LAKELAND COMMUNITY HOSPITAL,10125,AL,READM-30-CABG-HRRP,221,0.9575,13.9656,14.5857,28,01-07-2019,30-06-2022
LAKELAND COMMUNITY HOSPITAL,10125,AL,READM-30-PN-HRRP,77,1.0647,11.7265,11.0141,12,01-07-2019,30-06-2022
LAKELAND COMMUNITY HOSPITAL,10125,AL,READM-30-AMI-HRRP,282,1.032,16.6172,16.1015,49,01-07-2019,30-06-2022
LAKELAND COMMUNITY HOSPITAL,10125,AL,READM-30-HIP-KNEE-HRRP,234,0.9882,20.427,20.672,47,01-07-2019,30-06-2022
TROY REGIONAL MEDICAL CENTER,10126,AL,READM-30-PN-HRRP,533,1.0715,21.642,20.1976,120,01-07-2019,30-06-2022
TROY REGIONAL MEDICAL CENTER,10126,AL,READM-30-HF-HRRP,146,0.9633,15.9758,16.5846,21,01-07-2019,30-06-2022
TROY REGIONAL MEDICAL CENTER,10126,AL,READM-30-CABG-HRRP,708,1.0172,17.2073,16.9161,123,01-07-2019,30-06-2022
TROY REGIONAL MEDICAL CENTER,10126,AL,READM-30-AMI-HRRP,145,0.985,10.6372,10.7995,15,01-07-2019,30-06-2022
JACKSON MEDICAL CENTER,10128,AL,READM-30-PN-HRRP,214,1.0448,13.9554,13.3573,32,01-07-2019,30-06-2022
JACKSON MEDICAL CENTER,10128,AL,READM-30-HIP-KNEE-HRRP,146,0.9987,19.2383,19.2638,28,01-07-2019,30-06-2022
JACKSON MEDICAL CENTER,10128,AL,READM-30-CABG-HRRP,139,0.9349,13.2467,14.169,14,01-07-2019,30-06-2022
NORTH BALDWIN INFIRMARY,10129,AL,READM-30-CABG-HRRP,253,0.9592,16.9454,17.6653,40,01-07-2019,30-06-2022
NORTH BALDWIN INFIRMARY,10129,AL,READM-30-COPD-HRRP,207,0.9812,20.9064,21.3072,42,01-07-2019,30-06-2022
NORTH BALDWIN INFIRMARY,10129,AL,READM-30-PN-HRRP,92,1.0499,14.7782,14.0764,16,01-07-2019,30-06-2022
NORTH BALDWIN INFIRMARY,10129,AL,READM-30-AMI-HRRP,463,1.1507,19.0628,16.5666,98,01-07-2019,30-06-2022
ST VINCENT'S ST CLAIR,10130,AL,READM-30-HIP-KNEE-HRRP,303,1.0461,19.8079,18.9345,63,01-07-2019,30-06-2022
ST VINCENT'S ST CLAIR,10130,AL,READM-30-CABG-HRRP,110,1.0144,20.055,19.7695,23,01-07-2019,30-06-2022
ST VINCENT'S ST CLAIR,10130,AL,READM-30-COPD-HRRP,156,1.0231,12.12,11.8467,20,01-07-2019,30-06-2022
ST VINCENT'S ST CLAIR,10130,AL,READM-30-AMI-HRRP,119,0.999,17.7004,17.718,21,01-07-2019,30-06-2022
CRESTWOOD MEDICAL CENTER,10131,AL,READM-30-HIP-KNEE-HRRP,191,1.0028,13.018,12.982,25,01-07-2019,30-06-2022
CRESTWOOD MEDICAL CENTER,10131,AL,READM-30-PN-HRRP,289,0.9503,14.671,15.4379,39,01-07-2019,30-06-2022
CRESTWOOD MEDICAL CENTER,10131,AL,READM-30-HF-HRRP,263,1.0188,19.3082,18.9522,52,01-07-2019,30-06-2022
CRESTWOOD MEDICAL CENTER,10131,AL,READM-30-COPD-HRRP,64,1.1143,13.8018,12.3866,12,01-07-2019,30-06-2022
HILL HOSPITAL OF SUMTER COUNTY,10138,AL,READM-30-CABG-HRRP,104,1.1242,16.4471,14.6295,25,01-07-2019,30-06-2022
HILL HOSPITAL OF SUMTER COUNTY,10138,AL,READM-30-HF-HRRP,48,1.0409,19.4147,18.6512,12,01-07-2019,30-06-2022
BROOKWOOD BAPTIST MEDICAL CENTER,10139,AL,READM-30-HIP-KNEE-HRRP,325,0.9325,16.7699,17.9836,50,01-07-2019,30-06-2022
BROOKWOOD BAPTIST MEDICAL CENTER,10139,AL,READM-30-PN-HRRP,84,1.0218,16.2684,15.922,15,01-07-2019,30-06-2022
BROOKWOOD BAPTIST MEDICAL CENTER,10139,AL,READM-30-HF-HRRP,172,0.9279,10.1658,10.956,14,01-07-2019,30-06-2022
BROOKWOOD BAPTIST MEDICAL CENTER,10139,AL,READM-30-COPD-HRRP,257,0.9691,15.2188,15.7033,37,01-07-2019,30-06-2022
SPRINGHILL MEDICAL CENTER,10144,AL,READM-30-COPD-HRRP,344,1.1124,4.1813,3.7586,16,01-07-2019,30-06-2022
SPRINGHILL MEDICAL CENTER,10144,AL,READM-30-PN-HRRP,103,0.9878,17.2679,17.482,17,01-07-2019,30-06-2022
SPRINGHILL MEDICAL CENTER,10144,AL,READM-30-HF-HRRP,526,0.9257,17.4916,18.8948,87,01-07-2019,30-06-2022
SPRINGHILL MEDICAL CENTER,10144,AL,READM-30-HIP-KNEE-HRRP,491,1.0386,16.3814,15.7723,83,01-07-2019,30-06-2022
SPRINGHILL MEDICAL CENTER,10144,AL,READM-30-AMI-HRRP,239,1.0417,12.9824,12.4628,33,01-07-2019,30-06-2022
SPRINGHILL MEDICAL CENTER,10144,AL,READM-30-CABG-HRRP,109,1.1535,11.0293,9.5615,16,01-07-2019,30-06-2022
EVERGREEN MEDICAL CENTER,10148,AL,READM-30-CABG-HRRP,323,0.9953,19.2924,19.3844,62,01-07-2019,30-06-2022
EVERGREEN MEDICAL CENTER,10148,AL,READM-30-PN-HRRP,126,0.9014,15.4311,17.1184,13,01-07-2019,30-06-2022
EVERGREEN MEDICAL CENTER,10148,AL,READM-30-HF-HRRP,619,0.9357,15.4302,16.4914,91,01-07-2019,30-06-2022
EVERGREEN MEDICAL CENTER,10148,AL,READM-30-COPD-HRRP,306,0.9068,18.4478,20.3433,50,01-07-2019,30-06-2022
EVERGREEN MEDICAL CENTER,10148,AL,READM-30-AMI-HRRP,95,0.9831,18.0004,18.3101,16,01-07-2019,30-06-2022
BAPTIST MEDICAL CENTER EAST,10149,AL,READM-30-HIP-KNEE-HRRP,127,0.9649,13.1804,13.6602,15,01-07-2019,30-06-2022
BAPTIST MEDICAL CENTER EAST,10149,AL,READM-30-PN-HRRP,444,1.0224,17.2239,16.8459,78,01-07-2019,30-06-2022
BAPTIST MEDICAL CENTER EAST,10149,AL,READM-30-COPD-HRRP,243,1.0403,19.9115,19.1395,51,01-07-2019,30-06-2022
BAPTIST MEDICAL CENTER EAST,10149,AL,READM-30-AMI-HRRP,82,1.0074,17.7268,17.5971,15,01-07-2019,30-06-2022
THE HEALTH CARE AUTHORITY OF THE CITY OF GREENVILLE- LV STABLER HOSPITAL,10150,AL,READM-30-HF-HRRP,249,0.9892,15.9596,16.1344,39,01-07-2019,30-06-2022
THE HEALTH CARE AUTHORITY OF THE CITY OF GREENVILLE- LV STABLER HOSPITAL,10150,AL,READM-30-COPD-HRRP,123,1.0282,11.9303,11.6032,16,01-07-2019,30-06-2022
THE HEALTH CARE AUTHORITY OF THE CITY OF GREENVILLE- LV STABLER HOSPITAL,10150,AL,READM-30-CABG-HRRP,596,0.8706,16.9424,19.4599,92,01-07-2019,30-06-2022
THE HEALTH CARE AUTHORITY OF THE CITY OF GREENVILLE- LV STABLER HOSPITAL,10150,AL,READM-30-PN-HRRP,179,0.9232,15.6311,16.9319,23,01-07-2019,30-06-2022
NORTH ALABAMA SHOALS HOSPITAL,10157,AL,READM-30-HF-HRRP,856,0.992,15.6006,15.7263,133,01-07-2019,30-06-2022
NORTH ALABAMA SHOALS HOSPITAL,10157,AL,READM-30-CABG-HRRP,231,0.9982,11.7249,11.7458,27,01-07-2019,30-06-2022
NORTH ALABAMA SHOALS HOSPITAL,10157,AL,READM-30-PN-HRRP,385,1.0177,19.6992,19.3567,77,01-07-2019,30-06-2022
NORTH ALABAMA SHOALS HOSPITAL,10157,AL,READM-30-HIP-KNEE-HRRP,72,1.0584,19.8658,18.7695,18,01-07-2019,30-06-2022
NORTH ALABAMA SHOALS HOSPITAL,10157,AL,READM-30-AMI-HRRP,285,1.0311,16.8124,16.3046,50,01-07-2019,30-06-2022
RUSSELLVILLE HOSPITAL,10158,AL,READM-30-HF-HRRP,275,1.1229,14.6682,13.0623,46,01-07-2019,30-06-2022
RUSSELLVILLE HOSPITAL,10158,AL,READM-30-AMI-HRRP,162,0.9231,18.704,20.2621,25,01-07-2019,30-06-2022
RUSSELLVILLE HOSPITAL,10158,AL,READM-30-PN-HRRP,91,1.0436,18.9428,18.1521,20,01-07-2019,30-06-2022
RUSSELLVILLE HOSPITAL,10158,AL,READM-30-COPD-HRRP,114,0.973,15.6563,16.0908,16,01-07-2019,30-06-2022
RUSSELLVILLE HOSPITAL,10158,AL,READM-30-CABG-HRRP,121,1.012,11.9309,11.7897,15,01-07-2019,30-06-2022
COOSA VALLEY MEDICAL CENTER,10164,AL,READM-30-PN-HRRP,314,0.917,3.9232,4.2781,11,01-07-2019,30-06-2022
COOSA VALLEY MEDICAL CENTER,10164,AL,READM-30-CABG-HRRP,719,0.9925,20.6546,20.811,148,01-07-2019,30-06-2022
COOSA VALLEY MEDICAL CENTER,10164,AL,READM-30-HF-HRRP,107,0.907,18.1487,20.0107,13,01-07-2019,30-06-2022
COOSA VALLEY MEDICAL CENTER,10164,AL,READM-30-HIP-KNEE-HRRP,621,0.9222,16.3587,17.7396,96,01-07-2019,30-06-2022
COOSA VALLEY MEDICAL CENTER,10164,AL,READM-30-COPD-HRRP,148,1.0283,13.2819,12.9166,21,01-07-2019,30-06-2022
JACK HUGHSTON MEMORIAL HOSPITAL,10168,AL,READM-30-HIP-KNEE-HRRP,345,0.9252,17.4004,18.8063,55,01-07-2019,30-06-2022
JACK HUGHSTON MEMORIAL HOSPITAL,10168,AL,READM-30-HF-HRRP,365,0.9901,11.0885,11.1995,40,01-07-2019,30-06-2022
JACK HUGHSTON MEMORIAL HOSPITAL,10168,AL,READM-30-PN-HRRP,171,1.1183,10.4746,9.3663,21,01-07-2019,30-06-2022
JACK HUGHSTON MEMORIAL HOSPITAL,10168,AL,READM-30-CABG-HRRP,785,0.6896,2.4905,3.6118,14,01-07-2019,30-06-2022
JACK HUGHSTON MEMORIAL HOSPITAL,10168,AL,READM-30-COPD-HRRP,322,1.0968,3.6073,3.2888,13,01-07-2019,30-06-2022
ATMORE COMMUNITY HOSPITAL,10169,AL,READM-30-PN-HRRP,136,1.0401,20.8681,20.0631,31,01-07-2019,30-06-2022
ATMORE COMMUNITY HOSPITAL,10169,AL,READM-30-COPD-HRRP,221,1.0288,15.876,15.4317,37,01-07-2019,30-06-2022
ATMORE COMMUNITY HOSPITAL,10169,AL,READM-30-HIP-KNEE-HRRP,64,0.9791,19.3554,19.7682,11,01-07-2019,30-06-2022
ST VINCENT'S CHILTON,10173,AL,READM-30-COPD-HRRP,361,1.5162,4.9073,3.2367,24,01-07-2019,30-06-2022
ST VINCENT'S CHILTON,10173,AL,READM-30-HF-HRRP,185,0.9965,13.6372,13.6851,25,01-07-2019,30-06-2022
THOMASVILLE REGIONAL MEDICAL CENTER,10174,AL,READM-30-PN-HRRP,232,1.0059,17.5104,17.4079,41,01-07-2019,30-06-2022
THOMASVILLE REGIONAL MEDICAL CENTER,10174,AL,READM-30-HF-HRRP,225,0.9356,18.3817,19.6477,37,01-07-2019,30-06-2022
EAMC-LANIER,10175,AL,READM-30-PN-HRRP,226,1.0249,17.3867,16.9647,41,01-07-2019,30-06-2022
EAMC-LANIER,10175,AL,READM-30-CABG-HRRP,380,0.9579,16.0344,16.7389,58,01-07-2019,30-06-2022
EAMC-LANIER,10175,AL,READM-30-HIP-KNEE-HRRP,306,0.9971,20.9789,21.04,64,01-07-2019,30-06-2022
PROVIDENCE ALASKA MEDICAL CENTER,20001,AK,READM-30-CABG-HRRP,93,0.984,19.414,19.7298,17,01-07-2019,30-06-2022
PROVIDENCE ALASKA MEDICAL CENTER,20001,AK,READM-30-COPD-HRRP,109,0.9608,11.8552,12.3393,11,01-07-2019,30-06-2022
PROVIDENCE ALASKA MEDICAL CENTER,20001,AK,READM-30-HF-HRRP,126,0.9833,19.1368,19.4625,23,01-07-2019,30-06-2022
MAT-SU REGIONAL MEDICAL CENTER,20006,AK,READM-30-HF-HRRP,143,0.9948,14.2272,14.3018,20,01-07-2019,30-06-2022
MAT-SU REGIONAL MEDICAL CENTER,20006,AK,READM-30-AMI-HRRP,260,0.9616,17.5885,18.291,43,01-07-2019,30-06-2022
BARTLETT REGIONAL HOSPITAL,20008,AK,READM-30-PN-HRRP,248,1.2416,5.1183,4.1223,16,01-07-2019,30-06-2022
BARTLETT REGIONAL HOSPITAL,20008,AK,READM-30-CABG-HRRP,270,1.0318,19.6053,19.0001,55,01-07-2019,30-06-2022
BARTLETT REGIONAL HOSPITAL,20008,AK,READM-30-HIP-KNEE-HRRP,66,0.9936,17.2834,17.3944,11,01-07-2019,30-06-2022
BARTLETT REGIONAL HOSPITAL,20008,AK,READM-30-COPD-HRRP,229,0.9833,14.9018,15.1552,33,01-07-2019,30-06-2022
BARTLETT REGIONAL HOSPITAL,20008,AK,READM-30-HF-HRRP,114,1.1729,13.4716,11.4855,23,01-07-2019,30-06-2022
BARTLETT REGIONAL HOSPITAL,20008,AK,READM-30-AMI-HRRP,145,1.0583,16.0122,15.1294,27,01-07-2019,30-06-2022
FAIRBANKS MEMORIAL HOSPITAL,20012,AK,READM-30-HF-HRRP,36,1.0844,21.3547,19.6928,13,01-07-2019,30-06-2022
FAIRBANKS MEMORIAL HOSPITAL,20012,AK,READM-30-AMI-HRRP,1745,0.6903,2.5522,3.6972,39,01-07-2019,30-06-2022
FAIRBANKS MEMORIAL HOSPITAL,20012,AK,READM-30-HIP-KNEE-HRRP,76,0.9996,14.5124,14.5189,11,01-07-2019,30-06-2022
ALASKA REGIONAL HOSPITAL,20017,AK,READM-30-HF-HRRP,50,1.0524,19.3325,18.3697,13,01-07-2019,30-06-2022
ALASKA REGIONAL HOSPITAL,20017,AK,READM-30-PN-HRRP,61,1.0453,14.8972,14.2518,12,01-07-2019,30-06-2022
ALASKA REGIONAL HOSPITAL,20017,AK,READM-30-CABG-HRRP,48,1.025,19.5251,19.0483,11,01-07-2019,30-06-2022
ALASKA REGIONAL HOSPITAL,20017,AK,READM-30-COPD-HRRP,106,1.0494,15.7981,15.0541,20,01-07-2019,30-06-2022
YUKON KUSKOKWIM DELTA REG HOSPITAL,20018,AK,READM-30-AMI-HRRP,545,0.8484,16.8216,19.8269,81,01-07-2019,30-06-2022
CENTRAL PENINSULA GENERAL HOSPITAL,20024,AK,READM-30-COPD-HRRP,116,0.9003,17.9376,19.9241,14,01-07-2019,30-06-2022
CENTRAL PENINSULA GENERAL HOSPITAL,20024,AK,READM-30-HF-HRRP,354,0.93,14.9384,16.0635,48,01-07-2019,30-06-2022
CENTRAL PENINSULA GENERAL HOSPITAL,20024,AK,READM-30-CABG-HRRP,202,0.8811,12.4866,14.1719,19,01-07-2019,30-06-2022
CENTRAL PENINSULA GENERAL HOSPITAL,20024,AK,READM-30-PN-HRRP,124,0.9455,10.9491,11.5803,12,01-07-2019,30-06-2022
CENTRAL PENINSULA GENERAL HOSPITAL,20024,AK,READM-30-HIP-KNEE-HRRP,466,0.9385,18.4931,19.7039,82,01-07-2019,30-06-2022
ALASKA NATIVE MEDICAL CENTER,20026,AK,READM-30-COPD-HRRP,65,1.0363,18.0177,17.3873,14,01-07-2019,30-06-2022
ALASKA NATIVE MEDICAL CENTER,20026,AK,READM-30-PN-HRRP,269,1.1309,19.4817,17.2265,61,01-07-2019,30-06-2022
ALASKA NATIVE MEDICAL CENTER,20026,AK,READM-30-CABG-HRRP,233,0.9832,13.2281,13.4535,30,01-07-2019,30-06-2022
ALASKA NATIVE MEDICAL CENTER,20026,AK,READM-30-HF-HRRP,264,0.8417,8.6047,10.2236,18,01-07-2019,30-06-2022
ALASKA NATIVE MEDICAL CENTER,20026,AK,READM-30-AMI-HRRP,348,0.9782,15.6568,16.0054,53,01-07-2019,30-06-2022
BANNER - UNIVERSITY MEDICAL CENTER PHOENIX,30002,AZ,READM-30-CABG-HRRP,316,0.9309,18.9022,20.3048,55,01-07-2019,30-06-2022
BANNER - UNIVERSITY MEDICAL CENTER PHOENIX,30002,AZ,READM-30-HF-HRRP,115,0.94,18.2892,19.4565,17,01-07-2019,30-06-2022
BANNER - UNIVERSITY MEDICAL CENTER PHOENIX,30002,AZ,READM-30-COPD-HRRP,162,0.9532,10.007,10.4981,14,01-07-2019,30-06-2022
BANNER - UNIVERSITY MEDICAL CENTER PHOENIX,30002,AZ,READM-30-PN-HRRP,93,1.0457,19.4355,18.586,21,01-07-2019,30-06-2022
TUCSON MEDICAL CENTER,30006,AZ,READM-30-HF-HRRP,115,1.0633,16.4349,15.4569,23,01-07-2019,30-06-2022
TUCSON MEDICAL CENTER,30006,AZ,READM-30-PN-HRRP,451,1.185,19.7709,16.6841,101,01-07-2019,30-06-2022
TUCSON MEDICAL CENTER,30006,AZ,READM-30-CABG-HRRP,287,1.0915,21.6669,19.8512,68,01-07-2019,30-06-2022
TUCSON MEDICAL CENTER,30006,AZ,READM-30-HIP-KNEE-HRRP,125,1.0526,14.7531,14.0157,21,01-07-2019,30-06-2022
TUCSON MEDICAL CENTER,30006,AZ,READM-30-AMI-HRRP,376,1.0996,21.7142,19.7471,88,01-07-2019,30-06-2022
VERDE VALLEY MEDICAL CENTER,30007,AZ,READM-30-AMI-HRRP,63,1.0286,14.5232,14.1198,11,01-07-2019,30-06-2022
VERDE VALLEY MEDICAL CENTER,30007,AZ,READM-30-HIP-KNEE-HRRP,64,0.9798,19.2958,19.6932,11,01-07-2019,30-06-2022
VERDE VALLEY MEDICAL CENTER,30007,AZ,READM-30-PN-HRRP,64,1.0502,14.9876,14.2714,12,01-07-2019,30-06-2022
VERDE VALLEY MEDICAL CENTER,30007,AZ,READM-30-HF-HRRP,318,0.9944,17.7319,17.8316,56,01-07-2019,30-06-2022
ST. MARY'S HOSPITAL,30010,AZ,READM-30-HF-HRRP,229,1.0396,21.9943,21.1556,53,01-07-2019,30-06-2022
ST. MARY'S HOSPITAL,30010,AZ,READM-30-PN-HRRP,63,1.0227,19.8588,19.4178,14,01-07-2019,30-06-2022
ST. MARY'S HOSPITAL,30010,AZ,READM-30-COPD-HRRP,195,0.9836,13.8873,14.1183,26,01-07-2019,30-06-2022
ST JOSEPH'S HOSPITAL,30011,AZ,READM-30-PN-HRRP,63,1.0571,14.7446,13.9486,13,01-07-2019,30-06-2022
ST JOSEPH'S HOSPITAL,30011,AZ,READM-30-CABG-HRRP,454,0.9565,16.0856,16.8166,70,01-07-2019,30-06-2022
ST JOSEPH'S HOSPITAL,30011,AZ,READM-30-HF-HRRP,372,1.1167,22.4443,20.098,91,01-07-2019,30-06-2022
ST JOSEPH'S HOSPITAL,30011,AZ,READM-30-AMI-HRRP,196,1.0285,14.0887,13.6981,29,01-07-2019,30-06-2022
ST JOSEPH'S HOSPITAL,30011,AZ,READM-30-COPD-HRRP,329,1.0721,21.0867,19.6685,74,01-07-2019,30-06-2022
YAVAPAI REGIONAL MEDICAL CENTER,30012,AZ,READM-30-PN-HRRP,101,1.1404,11.2272,9.8451,15,01-07-2019,30-06-2022
YAVAPAI REGIONAL MEDICAL CENTER,30012,AZ,READM-30-HF-HRRP,233,0.9515,19.4417,20.4325,42,01-07-2019,30-06-2022
YAVAPAI REGIONAL MEDICAL CENTER,30012,AZ,READM-30-HIP-KNEE-HRRP,115,0.972,18.9853,19.5316,20,01-07-2019,30-06-2022
YAVAPAI REGIONAL MEDICAL CENTER,30012,AZ,READM-30-CABG-HRRP,216,1.0194,13.9186,13.6536,31,01-07-2019,30-06-2022
YAVAPAI REGIONAL MEDICAL CENTER,30012,AZ,READM-30-AMI-HRRP,206,0.8948,14.8076,16.548,23,01-07-2019,30-06-2022
YUMA REGIONAL MEDICAL CENTER,30013,AZ,READM-30-PN-HRRP,116,1.0592,18.3689,17.3429,25,01-07-2019,30-06-2022
YUMA REGIONAL MEDICAL CENTER,30013,AZ,READM-30-COPD-HRRP,584,0.9773,19.0947,19.5381,110,01-07-2019,30-06-2022
YUMA REGIONAL MEDICAL CENTER,30013,AZ,READM-30-HIP-KNEE-HRRP,458,0.9906,15.8601,16.0112,72,01-07-2019,30-06-2022
YUMA REGIONAL MEDICAL CENTER,30013,AZ,READM-30-AMI-HRRP,205,1.0387,12.2926,11.8347,27,01-07-2019,30-06-2022
JOHN C. LINCOLN NORTH MOUNTAIN HOSPITAL,30014,AZ,READM-30-CABG-HRRP,457,1.0468,18.3886,17.5665,87,01-07-2019,30-06-2022
JOHN C. LINCOLN NORTH MOUNTAIN HOSPITAL,30014,AZ,READM-30-HF-HRRP,182,1.1055,17.4526,15.7864,38,01-07-2019,30-06-2022
JOHN C. LINCOLN NORTH MOUNTAIN HOSPITAL,30014,AZ,READM-30-PN-HRRP,217,1.009,12.7043,12.5909,28,01-07-2019,30-06-2022
JOHN C. LINCOLN NORTH MOUNTAIN HOSPITAL,30014,AZ,READM-30-COPD-HRRP,58,1.1352,12.7904,11.2668,11,01-07-2019,30-06-2022
JOHN C. LINCOLN NORTH MOUNTAIN HOSPITAL,30014,AZ,READM-30-HIP-KNEE-HRRP,349,1.0728,15.2848,14.2479,58,01-07-2019,30-06-2022
BANNER CASA GRANDE MEDICAL CENTER,30016,AZ,READM-30-COPD-HRRP,349,1.0102,16.7079,16.54,59,01-07-2019,30-06-2022
BANNER CASA GRANDE MEDICAL CENTER,30016,AZ,READM-30-HF-HRRP,212,0.9714,19.3059,19.8738,39,01-07-2019,30-06-2022
BANNER CASA GRANDE MEDICAL CENTER,30016,AZ,READM-30-HIP-KNEE-HRRP,92,0.9564,16.085,16.8191,12,01-07-2019,30-06-2022
BANNER CASA GRANDE MEDICAL CENTER,30016,AZ,READM-30-PN-HRRP,100,1.082,14.1417,13.0703,18,01-07-2019,30-06-2022
BANNER CASA GRANDE MEDICAL CENTER,30016,AZ,READM-30-AMI-HRRP,172,1.0123,18.1467,17.9254,32,01-07-2019,30-06-2022
VALLEYWISE HEALTH MEDICAL CENTER,30022,AZ,READM-30-HIP-KNEE-HRRP,219,1.1165,13.5448,12.1311,35,01-07-2019,30-06-2022
VALLEYWISE HEALTH MEDICAL CENTER,30022,AZ,READM-30-COPD-HRRP,362,0.9604,18.6922,19.4639,65,01-07-2019,30-06-2022
VALLEYWISE HEALTH MEDICAL CENTER,30022,AZ,READM-30-CABG-HRRP,517,1.0349,16.5692,16.0098,88,01-07-2019,30-06-2022
VALLEYWISE HEALTH MEDICAL CENTER,30022,AZ,READM-30-PN-HRRP,77,1.0225,17.6434,17.2555,15,01-07-2019,30-06-2022
FLAGSTAFF MEDICAL CENTER,30023,AZ,READM-30-HF-HRRP,116,1.0065,15.1448,15.0476,18,01-07-2019,30-06-2022
FLAGSTAFF MEDICAL CENTER,30023,AZ,READM-30-COPD-HRRP,109,1.0348,19.0348,18.3946,23,01-07-2019,30-06-2022
FLAGSTAFF MEDICAL CENTER,30023,AZ,READM-30-PN-HRRP,169,0.9735,18.7932,19.3056,30,01-07-2019,30-06-2022
FLAGSTAFF MEDICAL CENTER,30023,AZ,READM-30-CABG-HRRP,148,0.9757,15.9962,16.395,22,01-07-2019,30-06-2022
ST. JOSEPH'S HOSPITAL AND MEDICAL CENTER,30024,AZ,READM-30-HIP-KNEE-HRRP,87,1.0312,13.2322,12.832,13,01-07-2019,30-06-2022
ST. JOSEPH'S HOSPITAL AND MEDICAL CENTER,30024,AZ,READM-30-PN-HRRP,105,1.0357,14.9318,14.4173,18,01-07-2019,30-06-2022
ABRAZO CENTRAL CAMPUS,30030,AZ,READM-30-HF-HRRP,215,1.1353,17.4059,15.3314,46,01-07-2019,30-06-2022
ABRAZO CENTRAL CAMPUS,30030,AZ,READM-30-AMI-HRRP,97,1.0932,18.839,17.2336,24,01-07-2019,30-06-2022
ABRAZO CENTRAL CAMPUS,30030,AZ,READM-30-COPD-HRRP,119,1.0134,19.431,19.174,24,01-07-2019,30-06-2022
CHANDLER REGIONAL MEDICAL CENTER,30036,AZ,READM-30-HIP-KNEE-HRRP,244,1.0228,14.3029,13.9841,36,01-07-2019,30-06-2022
CHANDLER REGIONAL MEDICAL CENTER,30036,AZ,READM-30-HF-HRRP,469,0.9832,17.0922,17.3838,79,01-07-2019,30-06-2022
CHANDLER REGIONAL MEDICAL CENTER,30036,AZ,READM-30-COPD-HRRP,236,0.9763,20.1642,20.653,46,01-07-2019,30-06-2022
CHANDLER REGIONAL MEDICAL CENTER,30036,AZ,READM-30-AMI-HRRP,512,1.0196,22.2019,21.7747,115,01-07-2019,30-06-2022
TEMPE ST LUKES HOSPITAL,30037,AZ,READM-30-HIP-KNEE-HRRP,489,0.9375,15.8264,16.8809,73,01-07-2019,30-06-2022
TEMPE ST LUKES HOSPITAL,30037,AZ,READM-30-COPD-HRRP,530,0.9385,18.9063,20.1453,96,01-07-2019,30-06-2022
TEMPE ST LUKES HOSPITAL,30037,AZ,READM-30-HF-HRRP,181,1.0457,19.3801,18.5335,38,01-07-2019,30-06-2022
TEMPE ST LUKES HOSPITAL,30037,AZ,READM-30-PN-HRRP,284,1.1047,14.1385,12.798,45,01-07-2019,30-06-2022
TEMPE ST LUKES HOSPITAL,30037,AZ,READM-30-CABG-HRRP,59,1.0209,16.4276,16.0918,11,01-07-2019,30-06-2022
HONORHEALTH SCOTTSDALE OSBORN MEDICAL CENTER,30038,AZ,READM-30-AMI-HRRP,205,1.1309,18.3266,16.2055,46,01-07-2019,30-06-2022
HONORHEALTH SCOTTSDALE OSBORN MEDICAL CENTER,30038,AZ,READM-30-CABG-HRRP,302,1.0608,21.8553,20.6019,70,01-07-2019,30-06-2022
HONORHEALTH SCOTTSDALE OSBORN MEDICAL CENTER,30038,AZ,READM-30-PN-HRRP,135,0.9918,14.3712,14.4894,19,01-07-2019,30-06-2022
CANYON VISTA MEDICAL CENTER,30043,AZ,READM-30-HF-HRRP,125,0.9542,16.7707,17.5763,18,01-07-2019,30-06-2022
CANYON VISTA MEDICAL CENTER,30043,AZ,READM-30-AMI-HRRP,56,1.0045,19.1101,19.0236,11,01-07-2019,30-06-2022
KINGMAN REGIONAL MEDICAL CENTER,30055,AZ,READM-30-PN-HRRP,276,0.9918,16.508,16.645,45,01-07-2019,30-06-2022
KINGMAN REGIONAL MEDICAL CENTER,30055,AZ,READM-30-HIP-KNEE-HRRP,136,1.3407,5.5306,4.1252,12,01-07-2019,30-06-2022
KINGMAN REGIONAL MEDICAL CENTER,30055,AZ,READM-30-COPD-HRRP,102,1.2052,15.5004,12.8611,25,01-07-2019,30-06-2022
KINGMAN REGIONAL MEDICAL CENTER,30055,AZ,READM-30-HF-HRRP,70,0.9921,16.4167,16.5468,11,01-07-2019,30-06-2022
KINGMAN REGIONAL MEDICAL CENTER,30055,AZ,READM-30-AMI-HRRP,179,1.0863,20.956,19.292,43,01-07-2019,30-06-2022
BANNER BOSWELL MEDICAL CENTER,30061,AZ,READM-30-HF-HRRP,116,1.0506,20.4471,19.4627,27,01-07-2019,30-06-2022
BANNER BOSWELL MEDICAL CENTER,30061,AZ,READM-30-COPD-HRRP,144,1.1013,16.3453,14.8422,30,01-07-2019,30-06-2022
BANNER BOSWELL MEDICAL CENTER,30061,AZ,READM-30-HIP-KNEE-HRRP,82,0.9668,17.2569,17.8488,12,01-07-2019,30-06-2022
SUMMIT HEALTHCARE REGIONAL MEDICAL CENTER,30062,AZ,READM-30-HF-HRRP,148,0.9238,19.1054,20.6807,23,01-07-2019,30-06-2022
SUMMIT HEALTHCARE REGIONAL MEDICAL CENTER,30062,AZ,READM-30-COPD-HRRP,100,0.9594,13.0173,13.5678,11,01-07-2019,30-06-2022
SUMMIT HEALTHCARE REGIONAL MEDICAL CENTER,30062,AZ,READM-30-AMI-HRRP,121,0.947,14.5589,15.3732,14,01-07-2019,30-06-2022
BANNER - UNIVERSITY MEDICAL CENTER TUCSON CAMPUS,30064,AZ,READM-30-PN-HRRP,245,0.9545,17.9495,18.8059,41,01-07-2019,30-06-2022
BANNER - UNIVERSITY MEDICAL CENTER TUCSON CAMPUS,30064,AZ,READM-30-HIP-KNEE-HRRP,248,0.911,11.8971,13.0597,25,01-07-2019,30-06-2022
BANNER - UNIVERSITY MEDICAL CENTER TUCSON CAMPUS,30064,AZ,READM-30-HF-HRRP,693,1.0688,16.8084,15.7258,121,01-07-2019,30-06-2022
BANNER - UNIVERSITY MEDICAL CENTER TUCSON CAMPUS,30064,AZ,READM-30-COPD-HRRP,588,1.026,20.4572,19.9391,122,01-07-2019,30-06-2022
BANNER - UNIVERSITY MEDICAL CENTER TUCSON CAMPUS,30064,AZ,READM-30-CABG-HRRP,158,0.9413,9.2843,9.8636,13,01-07-2019,30-06-2022
BANNER DESERT MEDICAL CENTER,30065,AZ,READM-30-HIP-KNEE-HRRP,480,1.1507,18.6145,16.176,99,01-07-2019,30-06-2022
BANNER DESERT MEDICAL CENTER,30065,AZ,READM-30-PN-HRRP,133,1.1203,20.0172,17.8681,34,01-07-2019,30-06-2022
BANNER DESERT MEDICAL CENTER,30065,AZ,READM-30-HF-HRRP,172,1.1056,13.4398,12.1558,28,01-07-2019,30-06-2022
BANNER DESERT MEDICAL CENTER,30065,AZ,READM-30-CABG-HRRP,573,1.0149,19.7247,19.436,114,01-07-2019,30-06-2022
HAVASU REGIONAL MEDICAL CENTER,30069,AZ,READM-30-HIP-KNEE-HRRP,104,0.9314,17.828,19.1407,14,01-07-2019,30-06-2022
HAVASU REGIONAL MEDICAL CENTER,30069,AZ,READM-30-COPD-HRRP,167,1.0054,17.146,17.0545,29,01-07-2019,30-06-2022
HAVASU REGIONAL MEDICAL CENTER,30069,AZ,READM-30-PN-HRRP,182,1.006,20.6576,20.5337,38,01-07-2019,30-06-2022
HAVASU REGIONAL MEDICAL CENTER,30069,AZ,READM-30-CABG-HRRP,115,1.0347,16.2614,15.7153,21,01-07-2019,30-06-2022
FORT DEFIANCE INDIAN HOSPITAL,30071,AZ,READM-30-PN-HRRP,65,1.0556,19.2245,18.2127,16,01-07-2019,30-06-2022
FORT DEFIANCE INDIAN HOSPITAL,30071,AZ,READM-30-HIP-KNEE-HRRP,473,0.9679,18.4196,19.0296,85,01-07-2019,30-06-2022
FORT DEFIANCE INDIAN HOSPITAL,30071,AZ,READM-30-AMI-HRRP,400,1.1399,10.1042,8.8639,44,01-07-2019,30-06-2022
FORT DEFIANCE INDIAN HOSPITAL,30071,AZ,READM-30-COPD-HRRP,416,0.958,11.5489,12.0552,46,01-07-2019,30-06-2022
FORT DEFIANCE INDIAN HOSPITAL,30071,AZ,READM-30-CABG-HRRP,60,1.0184,16.2675,15.9731,11,01-07-2019,30-06-2022
TUBA CITY REGIONAL HEALTH CARE CORPORATION,30073,AZ,READM-30-COPD-HRRP,1981,0.7967,2.8468,3.5731,53,01-07-2019,30-06-2022
TUBA CITY REGIONAL HEALTH CARE CORPORATION,30073,AZ,READM-30-PN-HRRP,33,1.0667,20.4027,19.1276,11,01-07-2019,30-06-2022
SELLS HOSPITAL,30074,AZ,READM-30-HIP-KNEE-HRRP,162,1.0291,20.4205,19.8421,35,01-07-2019,30-06-2022
SELLS HOSPITAL,30074,AZ,READM-30-CABG-HRRP,162,1.0693,17.5355,16.3985,33,01-07-2019,30-06-2022
PHOENIX INDIAN MEDICAL CENTER,30078,AZ,READM-30-HIP-KNEE-HRRP,71,1.0823,22.0752,20.3957,21,01-07-2019,30-06-2022
PHOENIX INDIAN MEDICAL CENTER,30078,AZ,READM-30-PN-HRRP,55,1.092,20.4714,18.7472,17,01-07-2019,30-06-2022
PHOENIX INDIAN MEDICAL CENTER,30078,AZ,READM-30-CABG-HRRP,96,1.0317,21.7433,21.0744,23,01-07-2019,30-06-2022
ABRAZO SCOTTSDALE CAMPUS,30083,AZ,READM-30-PN-HRRP,102,1.0614,18.4926,17.4222,23,01-07-2019,30-06-2022
ABRAZO SCOTTSDALE CAMPUS,30083,AZ,READM-30-COPD-HRRP,270,1.0024,17.3468,17.3056,47,01-07-2019,30-06-2022
ABRAZO SCOTTSDALE CAMPUS,30083,AZ,READM-30-AMI-HRRP,309,0.9118,19.1433,20.9956,53,01-07-2019,30-06-2022
ABRAZO SCOTTSDALE CAMPUS,30083,AZ,READM-30-HIP-KNEE-HRRP,74,1.0102,22.0345,21.811,17,01-07-2019,30-06-2022
ABRAZO SCOTTSDALE CAMPUS,30083,AZ,READM-30-CABG-HRRP,163,0.9224,12.817,13.896,17,01-07-2019,30-06-2022
CHINLE COMPREHENSIVE HEALTH CARE FACILITY,30084,AZ,READM-30-AMI-HRRP,127,0.9081,13.6563,15.0384,11,01-07-2019,30-06-2022
CHINLE COMPREHENSIVE HEALTH CARE FACILITY,30084,AZ,READM-30-CABG-HRRP,149,0.9254,13.2972,14.3698,16,01-07-2019,30-06-2022
NORTHWEST MEDICAL CENTER,30085,AZ,READM-30-HIP-KNEE-HRRP,421,0.9234,17.8586,19.341,70,01-07-2019,30-06-2022
NORTHWEST MEDICAL CENTER,30085,AZ,READM-30-AMI-HRRP,55,1.016,18.1225,17.8366,11,01-07-2019,30-06-2022
NORTHWEST MEDICAL CENTER,30085,AZ,READM-30-CABG-HRRP,73,0.9729,23.1633,23.8091,15,01-07-2019,30-06-2022
HONORHEALTH SCOTTSDALE SHEA MEDICAL CENTER,30087,AZ,READM-30-HF-HRRP,225,1.0274,21.408,20.8367,50,01-07-2019,30-06-2022
HONORHEALTH SCOTTSDALE SHEA MEDICAL CENTER,30087,AZ,READM-30-PN-HRRP,192,0.9925,16.4115,16.5351,31,01-07-2019,30-06-2022
HONORHEALTH SCOTTSDALE SHEA MEDICAL CENTER,30087,AZ,READM-30-AMI-HRRP,92,1.0602,16.3694,15.4395,18,01-07-2019,30-06-2022
HONORHEALTH SCOTTSDALE SHEA MEDICAL CENTER,30087,AZ,READM-30-CABG-HRRP,144,0.9648,19.7134,20.4317,26,01-07-2019,30-06-2022
BANNER BAYWOOD MEDICAL CENTER,30088,AZ,READM-30-HF-HRRP,165,0.94,12.1145,12.8873,17,01-07-2019,30-06-2022
BANNER BAYWOOD MEDICAL CENTER,30088,AZ,READM-30-PN-HRRP,96,0.991,18.3187,18.4844,17,01-07-2019,30-06-2022
BANNER THUNDERBIRD MEDICAL CENTER,30089,AZ,READM-30-COPD-HRRP,119,0.9456,14.0089,14.8145,13,01-07-2019,30-06-2022
BANNER THUNDERBIRD MEDICAL CENTER,30089,AZ,READM-30-AMI-HRRP,386,1.0461,20.9785,20.0532,84,01-07-2019,30-06-2022
BANNER THUNDERBIRD MEDICAL CENTER,30089,AZ,READM-30-CABG-HRRP,406,0.9807,14.2765,14.5569,57,01-07-2019,30-06-2022
HONORHEALTH DEER VALLEY MEDICAL CENTER,30092,AZ,READM-30-HF-HRRP,92,1.0158,12.5541,12.3589,12,01-07-2019,30-06-2022
HONORHEALTH DEER VALLEY MEDICAL CENTER,30092,AZ,READM-30-HIP-KNEE-HRRP,64,1.0891,23.7289,21.7871,21,01-07-2019,30-06-2022
HONORHEALTH DEER VALLEY MEDICAL CENTER,30092,AZ,READM-30-COPD-HRRP,192,1.0037,17.0554,16.9928,33,01-07-2019,30-06-2022
HONORHEALTH DEER VALLEY MEDICAL CENTER,30092,AZ,READM-30-CABG-HRRP,60,1.0607,21.6682,20.4282,17,01-07-2019,30-06-2022
HONORHEALTH DEER VALLEY MEDICAL CENTER,30092,AZ,READM-30-AMI-HRRP,239,0.933,18.3677,19.6862,39,01-07-2019,30-06-2022
BANNER DEL E. WEBB MEDICAL CENTER,30093,AZ,READM-30-HF-HRRP,207,1.1156,25.7288,23.0619,61,01-07-2019,30-06-2022
BANNER DEL E. WEBB MEDICAL CENTER,30093,AZ,READM-30-COPD-HRRP,144,1.1073,17.8562,16.1261,31,01-07-2019,30-06-2022
BANNER DEL E. WEBB MEDICAL CENTER,30093,AZ,READM-30-PN-HRRP,76,1.0213,23.0675,22.5867,19,01-07-2019,30-06-2022
BANNER DEL E. WEBB MEDICAL CENTER,30093,AZ,READM-30-AMI-HRRP,31,1.0474,24.858,23.7335,11,01-07-2019,30-06-2022
ABRAZO ARROWHEAD HOSPITAL,30094,AZ,READM-30-HIP-KNEE-HRRP,77,1.0298,19.409,18.8465,17,01-07-2019,30-06-2022
ABRAZO ARROWHEAD HOSPITAL,30094,AZ,READM-30-HF-HRRP,87,1.0292,21.9141,21.2918,21,01-07-2019,30-06-2022
ABRAZO ARROWHEAD HOSPITAL,30094,AZ,READM-30-PN-HRRP,440,1.0537,20.5093,19.4637,94,01-07-2019,30-06-2022
ABRAZO ARROWHEAD HOSPITAL,30094,AZ,READM-30-AMI-HRRP,226,1.0448,14.5308,13.9071,35,01-07-2019,30-06-2022
ABRAZO ARROWHEAD HOSPITAL,30094,AZ,READM-30-CABG-HRRP,446,0.9836,20.4284,20.769,90,01-07-2019,30-06-2022
WESTERN ARIZONA REGIONAL MEDICAL CENTER,30101,AZ,READM-30-HF-HRRP,403,1.0692,18.2038,17.0257,78,01-07-2019,30-06-2022
WESTERN ARIZONA REGIONAL MEDICAL CENTER,30101,AZ,READM-30-COPD-HRRP,423,0.9697,19.6347,20.2478,81,01-07-2019,30-06-2022
WESTERN ARIZONA REGIONAL MEDICAL CENTER,30101,AZ,READM-30-PN-HRRP,236,1.0198,21.8961,21.4714,53,01-07-2019,30-06-2022
WESTERN ARIZONA REGIONAL MEDICAL CENTER,30101,AZ,READM-30-AMI-HRRP,138,1.1372,16.3088,14.3412,29,01-07-2019,30-06-2022
MAYO CLINIC HOSPITAL,30103,AZ,READM-30-PN-HRRP,63,1.0474,15.7334,15.0208,13,01-07-2019,30-06-2022
MAYO CLINIC HOSPITAL,30103,AZ,READM-30-AMI-HRRP,673,1.448,25.2946,17.4682,197,01-07-2019,30-06-2022
MAYO CLINIC HOSPITAL,30103,AZ,READM-30-CABG-HRRP,301,1.3656,26.6684,19.528,102,01-07-2019,30-06-2022
BANNER HEART HOSPITAL,30105,AZ,READM-30-HIP-KNEE-HRRP,86,1.212,25.301,20.8757,35,01-07-2019,30-06-2022
BANNER HEART HOSPITAL,30105,AZ,READM-30-PN-HRRP,46,1.0646,18.9761,17.8248,12,01-07-2019,30-06-2022
BANNER HEART HOSPITAL,30105,AZ,READM-30-AMI-HRRP,185,0.9834,17.3877,17.6819,31,01-07-2019,30-06-2022
BANNER HEART HOSPITAL,30105,AZ,READM-30-COPD-HRRP,286,1.0258,21.4254,20.887,63,01-07-2019,30-06-2022
ARIZONA SPINE AND JOINT HOSPITAL,30107,AZ,READM-30-CABG-HRRP,101,1.074,20.9651,19.5215,26,01-07-2019,30-06-2022
ARIZONA SPINE AND JOINT HOSPITAL,30107,AZ,READM-30-HF-HRRP,125,0.993,14.6832,14.7867,18,01-07-2019,30-06-2022
ARIZONA SPINE AND JOINT HOSPITAL,30107,AZ,READM-30-PN-HRRP,124,1.0043,19.1318,19.0503,24,01-07-2019,30-06-2022
ARIZONA SPINE AND JOINT HOSPITAL,30107,AZ,READM-30-HIP-KNEE-HRRP,561,1.0344,21.1635,20.4606,121,01-07-2019,30-06-2022
ARIZONA SPINE AND JOINT HOSPITAL,30107,AZ,READM-30-COPD-HRRP,166,1.1261,19.7315,17.5223,39,01-07-2019,30-06-2022
THE CORE INSTITUTE SPECIALTY HOSP,30108,AZ,READM-30-COPD-HRRP,410,1.04,17.8738,17.1865,76,01-07-2019,30-06-2022
THE CORE INSTITUTE SPECIALTY HOSP,30108,AZ,READM-30-AMI-HRRP,582,1.1221,20.3615,18.1461,126,01-07-2019,30-06-2022
THE CORE INSTITUTE SPECIALTY HOSP,30108,AZ,READM-30-PN-HRRP,134,0.9525,10.7266,11.2621,13,01-07-2019,30-06-2022
THE CORE INSTITUTE SPECIALTY HOSP,30108,AZ,READM-30-CABG-HRRP,1057,1.0793,20.8994,19.3633,226,01-07-2019,30-06-2022
THE CORE INSTITUTE SPECIALTY HOSP,30108,AZ,READM-30-HF-HRRP,403,1.1575,15.5669,13.4484,70,01-07-2019,30-06-2022
ABRAZO WEST CAMPUS,30110,AZ,READM-30-HIP-KNEE-HRRP,838,1.1757,19.1863,16.3188,172,01-07-2019,30-06-2022
ABRAZO WEST CAMPUS,30110,AZ,READM-30-HF-HRRP,895,1.089,4.2128,3.8685,39,01-07-2019,30-06-2022
ABRAZO WEST CAMPUS,30110,AZ,READM-30-AMI-HRRP,68,0.9971,22.3503,22.4151,15,01-07-2019,30-06-2022
ABRAZO WEST CAMPUS,30110,AZ,READM-30-PN-HRRP,78,0.9566,19.1273,19.9946,12,01-07-2019,30-06-2022
ABRAZO WEST CAMPUS,30110,AZ,READM-30-COPD-HRRP,133,0.9949,16.047,16.1287,21,01-07-2019,30-06-2022
BANNER-UNIVERSITY MEDICAL CENTER SOUTH CAMPUS,30111,AZ,READM-30-HIP-KNEE-HRRP,143,1.0047,20.0623,19.9685,29,01-07-2019,30-06-2022
BANNER-UNIVERSITY MEDICAL CENTER SOUTH CAMPUS,30111,AZ,READM-30-HF-HRRP,215,1.1075,19.0267,17.1797,48,01-07-2019,30-06-2022
BANNER-UNIVERSITY MEDICAL CENTER SOUTH CAMPUS,30111,AZ,READM-30-COPD-HRRP,489,0.965,19.7071,20.421,94,01-07-2019,30-06-2022
BANNER-UNIVERSITY MEDICAL CENTER SOUTH CAMPUS,30111,AZ,READM-30-PN-HRRP,88,0.9921,21.0615,21.2302,18,01-07-2019,30-06-2022
BANNER-UNIVERSITY MEDICAL CENTER SOUTH CAMPUS,30111,AZ,READM-30-CABG-HRRP,294,0.9659,14.5364,15.049,41,01-07-2019,30-06-2022
BANNER-UNIVERSITY MEDICAL CENTER SOUTH CAMPUS,30111,AZ,READM-30-AMI-HRRP,93,0.9789,13.575,13.8674,12,01-07-2019,30-06-2022
ARIZONA ORTHOPEDIC AND SURGICAL SPECIALTY HOSPITAL,30112,AZ,READM-30-COPD-HRRP,175,0.9941,19.6542,19.7716,34,01-07-2019,30-06-2022
ARIZONA ORTHOPEDIC AND SURGICAL SPECIALTY HOSPITAL,30112,AZ,READM-30-PN-HRRP,242,1.0458,17.319,16.5604,45,01-07-2019,30-06-2022
ARIZONA ORTHOPEDIC AND SURGICAL SPECIALTY HOSPITAL,30112,AZ,READM-30-AMI-HRRP,401,1.0244,20.0498,19.5719,82,01-07-2019,30-06-2022
ARIZONA ORTHOPEDIC AND SURGICAL SPECIALTY HOSPITAL,30112,AZ,READM-30-CABG-HRRP,48,1.0133,21.0385,20.7614,11,01-07-2019,30-06-2022
WHITERIVER PHS INDIAN HOSPITAL,30113,AZ,READM-30-PN-HRRP,144,1.0083,14.2987,14.1807,21,01-07-2019,30-06-2022
WHITERIVER PHS INDIAN HOSPITAL,30113,AZ,READM-30-HF-HRRP,123,1.0569,18.0395,17.0684,26,01-07-2019,30-06-2022
ORO VALLEY HOSPITAL,30114,AZ,READM-30-HIP-KNEE-HRRP,137,1.0434,19.857,19.0318,30,01-07-2019,30-06-2022
ORO VALLEY HOSPITAL,30114,AZ,READM-30-HF-HRRP,49,1.0127,20.7102,20.4514,11,01-07-2019,30-06-2022
ORO VALLEY HOSPITAL,30114,AZ,READM-30-COPD-HRRP,88,1.0564,15.1568,14.3476,17,01-07-2019,30-06-2022
ORO VALLEY HOSPITAL,30114,AZ,READM-30-AMI-HRRP,281,1.008,17.9509,17.8076,51,01-07-2019,30-06-2022
BANNER ESTRELLA MEDICAL CENTER,30115,AZ,READM-30-HF-HRRP,130,1.0563,20.2598,19.1793,30,01-07-2019,30-06-2022
BANNER ESTRELLA MEDICAL CENTER,30115,AZ,READM-30-COPD-HRRP,90,1.1232,14.7636,13.1445,19,01-07-2019,30-06-2022
BANNER ESTRELLA MEDICAL CENTER,30115,AZ,READM-30-AMI-HRRP,593,1.0071,21.6729,21.5209,129,01-07-2019,30-06-2022
BANNER ESTRELLA MEDICAL CENTER,30115,AZ,READM-30-PN-HRRP,145,1.0238,20.3142,19.8424,31,01-07-2019,30-06-2022
BANNER ESTRELLA MEDICAL CENTER,30115,AZ,READM-30-CABG-HRRP,251,0.9531,14.5012,15.2142,34,01-07-2019,30-06-2022
VALLEY VIEW MEDICAL CENTER,30117,AZ,READM-30-HIP-KNEE-HRRP,96,1.0623,11.7446,11.0556,13,01-07-2019,30-06-2022
VALLEY VIEW MEDICAL CENTER,30117,AZ,READM-30-HF-HRRP,499,1.0412,17.8794,17.1721,92,01-07-2019,30-06-2022
VALLEY VIEW MEDICAL CENTER,30117,AZ,READM-30-PN-HRRP,225,1.0422,20.4607,19.6329,49,01-07-2019,30-06-2022
VALLEY VIEW MEDICAL CENTER,30117,AZ,READM-30-CABG-HRRP,76,1.0599,17.1149,16.1482,16,01-07-2019,30-06-2022
MERCY GILBERT MEDICAL CENTER,30119,AZ,READM-30-PN-HRRP,217,1.0804,23.7938,22.024,57,01-07-2019,30-06-2022
MERCY GILBERT MEDICAL CENTER,30119,AZ,READM-30-HF-HRRP,328,1.004,17.5977,17.5267,58,01-07-2019,30-06-2022
MERCY GILBERT MEDICAL CENTER,30119,AZ,READM-30-COPD-HRRP,487,1.0693,21.8634,20.4472,111,01-07-2019,30-06-2022
MERCY GILBERT MEDICAL CENTER,30119,AZ,READM-30-AMI-HRRP,141,1.008,20.896,20.7303,30,01-07-2019,30-06-2022
MERCY GILBERT MEDICAL CENTER,30119,AZ,READM-30-HIP-KNEE-HRRP,182,1.0253,14.7031,14.3405,28,01-07-2019,30-06-2022
MERCY GILBERT MEDICAL CENTER,30119,AZ,READM-30-CABG-HRRP,276,1.0118,11.4734,11.3392,32,01-07-2019,30-06-2022
"MOUNTAIN VISTA MEDICAL CENTER, LP",30121,AZ,READM-30-COPD-HRRP,210,1.0391,21.6182,20.8037,48,01-07-2019,30-06-2022
"MOUNTAIN VISTA MEDICAL CENTER, LP",30121,AZ,READM-30-AMI-HRRP,240,1.1667,21.5997,18.5128,63,01-07-2019,30-06-2022
"MOUNTAIN VISTA MEDICAL CENTER, LP",30121,AZ,READM-30-CABG-HRRP,79,0.9893,14.5935,14.7511,11,01-07-2019,30-06-2022
BANNER GATEWAY MEDICAL CENTER,30122,AZ,READM-30-COPD-HRRP,299,0.9943,20.1933,20.3081,60,01-07-2019,30-06-2022
BANNER GATEWAY MEDICAL CENTER,30122,AZ,READM-30-HIP-KNEE-HRRP,64,1.0412,20.8151,19.992,16,01-07-2019,30-06-2022
BANNER GATEWAY MEDICAL CENTER,30122,AZ,READM-30-CABG-HRRP,292,0.9408,16.1527,17.1683,43,01-07-2019,30-06-2022
BANNER GATEWAY MEDICAL CENTER,30122,AZ,READM-30-AMI-HRRP,122,0.9875,15.2756,15.4685,18,01-07-2019,30-06-2022
HONORHEALTH SCOTTSDALE THOMPSON PEAK MED CTR,30123,AZ,READM-30-HF-HRRP,71,0.9799,17.4755,17.8347,11,01-07-2019,30-06-2022
HONORHEALTH SCOTTSDALE THOMPSON PEAK MED CTR,30123,AZ,READM-30-COPD-HRRP,52,1.0372,22.1656,21.371,14,01-07-2019,30-06-2022
HONORHEALTH SCOTTSDALE THOMPSON PEAK MED CTR,30123,AZ,READM-30-PN-HRRP,96,1.0649,20.6085,19.352,24,01-07-2019,30-06-2022
HONORHEALTH SCOTTSDALE THOMPSON PEAK MED CTR,30123,AZ,READM-30-AMI-HRRP,230,0.9762,21.5875,22.1147,48,01-07-2019,30-06-2022
HONORHEALTH SCOTTSDALE THOMPSON PEAK MED CTR,30123,AZ,READM-30-CABG-HRRP,84,0.9958,21.7714,21.8641,18,01-07-2019,30-06-2022
BANNER IRONWOOD MEDICAL CENTER,30130,AZ,READM-30-COPD-HRRP,182,0.9545,16.0365,16.8015,26,01-07-2019,30-06-2022
BANNER IRONWOOD MEDICAL CENTER,30130,AZ,READM-30-AMI-HRRP,65,1.0337,19.6901,19.0483,15,01-07-2019,30-06-2022
O.A.S.I.S. HOSPITAL,30131,AZ,READM-30-HIP-KNEE-HRRP,79,1.0337,17.3533,16.7876,16,01-07-2019,30-06-2022
O.A.S.I.S. HOSPITAL,30131,AZ,READM-30-PN-HRRP,512,1.0174,22.0367,21.6602,114,01-07-2019,30-06-2022
O.A.S.I.S. HOSPITAL,30131,AZ,READM-30-HF-HRRP,196,1.0168,16.9077,16.6283,34,01-07-2019,30-06-2022
O.A.S.I.S. HOSPITAL,30131,AZ,READM-30-CABG-HRRP,94,0.9936,20.6687,20.8025,19,01-07-2019,30-06-2022
BANNER GOLDFIELD MEDICAL CENTER,30134,AZ,READM-30-HIP-KNEE-HRRP,405,1.0587,18.5253,17.4988,79,01-07-2019,30-06-2022
BANNER GOLDFIELD MEDICAL CENTER,30134,AZ,READM-30-COPD-HRRP,78,0.9321,20.1211,21.5872,11,01-07-2019,30-06-2022
BANNER GOLDFIELD MEDICAL CENTER,30134,AZ,READM-30-AMI-HRRP,208,0.9926,18.5218,18.6604,38,01-07-2019,30-06-2022
BANNER GOLDFIELD MEDICAL CENTER,30134,AZ,READM-30-PN-HRRP,91,1.1048,12.2923,11.1264,14,01-07-2019,30-06-2022
BANNER GOLDFIELD MEDICAL CENTER,30134,AZ,READM-30-HF-HRRP,315,0.9771,20.4948,20.9753,63,01-07-2019,30-06-2022
BANNER GOLDFIELD MEDICAL CENTER,30134,AZ,READM-30-CABG-HRRP,207,0.9774,13.5878,13.9025,27,01-07-2019,30-06-2022
DIGNITY HEALTH - ARIZONA GENERAL HOSPITAL,30136,AZ,READM-30-HF-HRRP,54,1.0546,20.7177,19.6446,15,01-07-2019,30-06-2022
DIGNITY HEALTH - ARIZONA GENERAL HOSPITAL,30136,AZ,READM-30-CABG-HRRP,67,1.0479,23.528,22.4522,19,01-07-2019,30-06-2022
WESTERN REGIONAL MEDICAL CENTER,30138,AZ,READM-30-COPD-HRRP,304,1.0889,22.1327,20.3256,73,01-07-2019,30-06-2022
WESTERN REGIONAL MEDICAL CENTER,30138,AZ,READM-30-PN-HRRP,721,1.1226,22.7654,20.2798,172,01-07-2019,30-06-2022
WESTERN REGIONAL MEDICAL CENTER,30138,AZ,READM-30-CABG-HRRP,599,1.048,16.6653,15.9027,103,01-07-2019,30-06-2022
WESTERN REGIONAL MEDICAL CENTER,30138,AZ,READM-30-HF-HRRP,260,0.9934,13.9701,14.0624,36,01-07-2019,30-06-2022
DIGNITY HEALTH ARIZONA GENERAL HOSPITAL,30139,AZ,READM-30-AMI-HRRP,265,1.0137,20.032,19.7608,54,01-07-2019,30-06-2022
DIGNITY HEALTH ARIZONA GENERAL HOSPITAL,30139,AZ,READM-30-COPD-HRRP,330,0.9212,15.6376,16.9747,46,01-07-2019,30-06-2022
HONORHEALTH SONORAN CROSSING MEDICAL CENTER,30146,AZ,READM-30-HIP-KNEE-HRRP,170,0.8888,13.4482,15.1305,17,01-07-2019,30-06-2022
HONORHEALTH SONORAN CROSSING MEDICAL CENTER,30146,AZ,READM-30-HF-HRRP,354,0.9638,18.7692,19.475,64,01-07-2019,30-06-2022
HONORHEALTH SONORAN CROSSING MEDICAL CENTER,30146,AZ,READM-30-PN-HRRP,154,1.0787,14.4467,13.3927,26,01-07-2019,30-06-2022
HONORHEALTH SONORAN CROSSING MEDICAL CENTER,30146,AZ,READM-30-CABG-HRRP,274,0.9474,15.2056,16.0506,38,01-07-2019,30-06-2022
HONORHEALTH SONORAN CROSSING MEDICAL CENTER,30146,AZ,READM-30-AMI-HRRP,113,1.0325,20.2438,19.6071,25,01-07-2019,30-06-2022
BANNER OCOTILLO MEDICAL CENTER,30147,AZ,READM-30-HIP-KNEE-HRRP,54,1.0199,19.8194,19.4333,12,01-07-2019,30-06-2022
BANNER OCOTILLO MEDICAL CENTER,30147,AZ,READM-30-HF-HRRP,142,0.927,17.5488,18.93,20,01-07-2019,30-06-2022
BANNER OCOTILLO MEDICAL CENTER,30147,AZ,READM-30-COPD-HRRP,103,1.0007,16.4558,16.4436,17,01-07-2019,30-06-2022
BANNER OCOTILLO MEDICAL CENTER,30147,AZ,READM-30-AMI-HRRP,111,1.0714,19.8995,18.5742,27,01-07-2019,30-06-2022
BANNER OCOTILLO MEDICAL CENTER,30147,AZ,READM-30-CABG-HRRP,56,1.1182,25.0129,22.3682,22,01-07-2019,30-06-2022
NORTHWEST MEDICAL CENTER SAHUARITA,30148,AZ,READM-30-HIP-KNEE-HRRP,71,1.0188,17.8996,17.5687,14,01-07-2019,30-06-2022
NORTHWEST MEDICAL CENTER SAHUARITA,30148,AZ,READM-30-HF-HRRP,157,1.0588,23.5993,22.2883,41,01-07-2019,30-06-2022
EXCEPTIONAL COMMUNITY HOSPITAL - MARICOPA,30152,AZ,READM-30-HIP-KNEE-HRRP,130,1.0095,21.7741,21.5702,29,01-07-2019,30-06-2022
EXCEPTIONAL COMMUNITY HOSPITAL - MARICOPA,30152,AZ,READM-30-HF-HRRP,129,1.0638,23.7881,22.3605,35,01-07-2019,30-06-2022
EXCEPTIONAL COMMUNITY HOSPITAL - MARICOPA,30152,AZ,READM-30-PN-HRRP,137,0.9475,17.0986,18.0458,20,01-07-2019,30-06-2022
EXCEPTIONAL COMMUNITY HOSPITAL - MARICOPA,30152,AZ,READM-30-CABG-HRRP,367,0.9388,3.8024,4.0502,13,01-07-2019,30-06-2022
EAST VALLEY ER & HOSPITAL,30153,AZ,READM-30-COPD-HRRP,424,1.1285,21.9115,19.4166,101,01-07-2019,30-06-2022
EAST VALLEY ER & HOSPITAL,30153,AZ,READM-30-HF-HRRP,337,1.0005,15.7161,15.7075,53,01-07-2019,30-06-2022
EAST VALLEY ER & HOSPITAL,30153,AZ,READM-30-PN-HRRP,154,1.0111,12.641,12.5018,20,01-07-2019,30-06-2022
EAST VALLEY ER & HOSPITAL,30153,AZ,READM-30-AMI-HRRP,508,1.0094,20.1531,19.9651,103,01-07-2019,30-06-2022
EAST VALLEY ER & HOSPITAL,30153,AZ,READM-30-CABG-HRRP,90,1.0613,20.1219,18.9594,22,01-07-2019,30-06-2022
YUMA COMMUNITY HOSPITAL,30154,AZ,READM-30-HIP-KNEE-HRRP,405,0.9673,13.2399,13.688,52,01-07-2019,30-06-2022
YUMA COMMUNITY HOSPITAL,30154,AZ,READM-30-HF-HRRP,272,0.9643,11.4083,11.831,30,01-07-2019,30-06-2022
YUMA COMMUNITY HOSPITAL,30154,AZ,READM-30-COPD-HRRP,305,0.9424,3.9016,4.14,11,01-07-2019,30-06-2022
YUMA COMMUNITY HOSPITAL,30154,AZ,READM-30-AMI-HRRP,200,0.9541,16.0973,16.8709,29,01-07-2019,30-06-2022
YUMA COMMUNITY HOSPITAL,30154,AZ,READM-30-CABG-HRRP,73,0.9868,17.6148,17.8501,12,01-07-2019,30-06-2022
SILOAM SPRINGS REGIONAL HOSPITAL,40001,AR,READM-30-HIP-KNEE-HRRP,68,1.051,17.0557,16.2273,15,01-07-2019,30-06-2022
SILOAM SPRINGS REGIONAL HOSPITAL,40001,AR,READM-30-COPD-HRRP,320,1.0456,22.1798,21.2125,74,01-07-2019,30-06-2022
SILOAM SPRINGS REGIONAL HOSPITAL,40001,AR,READM-30-CABG-HRRP,325,1.1489,5.7985,5.0472,21,01-07-2019,30-06-2022
SILOAM SPRINGS REGIONAL HOSPITAL,40001,AR,READM-30-PN-HRRP,79,0.9755,18.4952,18.9596,13,01-07-2019,30-06-2022
JOHNSON REGIONAL MEDICAL CENTER,40002,AR,READM-30-HF-HRRP,352,1.0707,20.2083,18.8733,76,01-07-2019,30-06-2022
JOHNSON REGIONAL MEDICAL CENTER,40002,AR,READM-30-COPD-HRRP,293,0.9872,19.7461,20.0015,57,01-07-2019,30-06-2022
JOHNSON REGIONAL MEDICAL CENTER,40002,AR,READM-30-PN-HRRP,54,0.9985,20.5498,20.5797,11,01-07-2019,30-06-2022
JOHNSON REGIONAL MEDICAL CENTER,40002,AR,READM-30-CABG-HRRP,157,1.0241,12.0146,11.7317,20,01-07-2019,30-06-2022
WASHINGTON REGIONAL MEDICAL CENTER,40004,AR,READM-30-HIP-KNEE-HRRP,311,0.9587,15.0583,15.7078,44,01-07-2019,30-06-2022
WASHINGTON REGIONAL MEDICAL CENTER,40004,AR,READM-30-COPD-HRRP,172,0.9812,19.3847,19.756,32,01-07-2019,30-06-2022
WASHINGTON REGIONAL MEDICAL CENTER,40004,AR,READM-30-PN-HRRP,116,0.9998,16.3896,16.3934,19,01-07-2019,30-06-2022
WASHINGTON REGIONAL MEDICAL CENTER,40004,AR,READM-30-AMI-HRRP,251,0.9802,21.6574,22.0953,53,01-07-2019,30-06-2022
CHI-ST VINCENT INFIRMARY,40007,AR,READM-30-HIP-KNEE-HRRP,128,1.0015,17.1088,17.0838,22,01-07-2019,30-06-2022
CHI-ST VINCENT INFIRMARY,40007,AR,READM-30-HF-HRRP,101,0.982,18.998,19.3453,18,01-07-2019,30-06-2022
CHI-ST VINCENT INFIRMARY,40007,AR,READM-30-AMI-HRRP,118,0.933,16.4115,17.5895,15,01-07-2019,30-06-2022
CHI-ST VINCENT INFIRMARY,40007,AR,READM-30-CABG-HRRP,279,1.1036,21.6296,19.5993,67,01-07-2019,30-06-2022
MERCY HOSPITAL NORTHWEST ARKANSAS,40010,AR,READM-30-PN-HRRP,237,0.9451,15.107,15.9846,32,01-07-2019,30-06-2022
MERCY HOSPITAL NORTHWEST ARKANSAS,40010,AR,READM-30-HF-HRRP,96,0.9909,17.3237,17.4819,16,01-07-2019,30-06-2022
MERCY HOSPITAL NORTHWEST ARKANSAS,40010,AR,READM-30-COPD-HRRP,78,1.0597,21.8655,20.6342,21,01-07-2019,30-06-2022
CHAMBERS MEMORIAL HOSPITAL,40011,AR,READM-30-HF-HRRP,181,1.0447,20.4954,19.6179,40,01-07-2019,30-06-2022
CHAMBERS MEMORIAL HOSPITAL,40011,AR,READM-30-AMI-HRRP,244,1.0992,19.4165,17.6637,54,01-07-2019,30-06-2022
CHAMBERS MEMORIAL HOSPITAL,40011,AR,READM-30-PN-HRRP,339,1.1844,22.3088,18.8355,87,01-07-2019,30-06-2022
WHITE COUNTY MEDICAL CENTER,40014,AR,READM-30-PN-HRRP,105,1.122,15.555,13.8635,22,01-07-2019,30-06-2022
WHITE COUNTY MEDICAL CENTER,40014,AR,READM-30-COPD-HRRP,356,1.1576,18.5032,15.9836,76,01-07-2019,30-06-2022
WHITE COUNTY MEDICAL CENTER,40014,AR,READM-30-HF-HRRP,48,0.9916,24.2031,24.4092,11,01-07-2019,30-06-2022
WHITE COUNTY MEDICAL CENTER,40014,AR,READM-30-CABG-HRRP,226,1.0669,23.2418,21.7844,57,01-07-2019,30-06-2022
MENA REGIONAL HEALTH SYSTEM,40015,AR,READM-30-PN-HRRP,53,1.0918,14.4155,13.2036,12,01-07-2019,30-06-2022
MENA REGIONAL HEALTH SYSTEM,40015,AR,READM-30-HIP-KNEE-HRRP,189,1.0367,20.3081,19.5884,41,01-07-2019,30-06-2022
MENA REGIONAL HEALTH SYSTEM,40015,AR,READM-30-COPD-HRRP,62,1.0585,16.4044,15.498,14,01-07-2019,30-06-2022
UAMS MEDICAL CENTER,40016,AR,READM-30-COPD-HRRP,195,1.0242,16.093,15.7124,33,01-07-2019,30-06-2022
UAMS MEDICAL CENTER,40016,AR,READM-30-PN-HRRP,146,0.9731,18.3427,18.8492,25,01-07-2019,30-06-2022
UAMS MEDICAL CENTER,40016,AR,READM-30-HF-HRRP,98,1.0029,19.1817,19.1271,19,01-07-2019,30-06-2022
NORTH ARKANSAS REGIONAL MEDICAL CENTER,40017,AR,READM-30-HIP-KNEE-HRRP,101,1.056,21.1399,20.0192,25,01-07-2019,30-06-2022
NORTH ARKANSAS REGIONAL MEDICAL CENTER,40017,AR,READM-30-CABG-HRRP,61,1.0093,17.2391,17.0799,11,01-07-2019,30-06-2022
BAPTIST HEALTH - VAN BUREN,40018,AR,READM-30-HIP-KNEE-HRRP,92,0.9923,19.0307,19.1779,17,01-07-2019,30-06-2022
BAPTIST HEALTH - VAN BUREN,40018,AR,READM-30-COPD-HRRP,115,0.9816,21.9772,22.3891,24,01-07-2019,30-06-2022
BAPTIST HEALTH - VAN BUREN,40018,AR,READM-30-AMI-HRRP,320,1.0059,18.9325,18.8209,61,01-07-2019,30-06-2022
FORREST CITY MEDICAL CENTER,40019,AR,READM-30-HIP-KNEE-HRRP,608,1.0693,21.2989,19.919,134,01-07-2019,30-06-2022
FORREST CITY MEDICAL CENTER,40019,AR,READM-30-HF-HRRP,201,1.0234,20.1407,19.6799,42,01-07-2019,30-06-2022
FORREST CITY MEDICAL CENTER,40019,AR,READM-30-AMI-HRRP,467,0.9799,16.3564,16.6917,75,01-07-2019,30-06-2022
FORREST CITY MEDICAL CENTER,40019,AR,READM-30-CABG-HRRP,171,1.04,12.925,12.4273,24,01-07-2019,30-06-2022
ST BERNARDS MEDICAL CENTER,40020,AR,READM-30-PN-HRRP,106,1.0855,25.6084,23.5915,33,01-07-2019,30-06-2022
ST BERNARDS MEDICAL CENTER,40020,AR,READM-30-HF-HRRP,107,0.9799,21.8442,22.292,22,01-07-2019,30-06-2022
ST BERNARDS MEDICAL CENTER,40020,AR,READM-30-AMI-HRRP,700,1.0817,23.8765,22.073,173,01-07-2019,30-06-2022
NORTHWEST MEDICAL CENTER-SPRINGDALE,40022,AR,READM-30-HIP-KNEE-HRRP,106,0.9593,16.8471,17.5627,15,01-07-2019,30-06-2022
NORTHWEST MEDICAL CENTER-SPRINGDALE,40022,AR,READM-30-HF-HRRP,105,0.9014,18.9833,21.0606,13,01-07-2019,30-06-2022
NORTHWEST MEDICAL CENTER-SPRINGDALE,40022,AR,READM-30-PN-HRRP,501,0.98,15.841,16.1641,78,01-07-2019,30-06-2022
NORTHWEST MEDICAL CENTER-SPRINGDALE,40022,AR,READM-30-CABG-HRRP,529,0.9618,18.0605,18.7784,93,01-07-2019,30-06-2022
ST VINCENT HOT SPRINGS,40026,AR,READM-30-HIP-KNEE-HRRP,102,1.0059,17.2794,17.1777,18,01-07-2019,30-06-2022
ST VINCENT HOT SPRINGS,40026,AR,READM-30-COPD-HRRP,171,1.0676,13.34,12.4954,26,01-07-2019,30-06-2022
ST VINCENT HOT SPRINGS,40026,AR,READM-30-PN-HRRP,290,1.1695,5.3749,4.596,18,01-07-2019,30-06-2022
ST VINCENT HOT SPRINGS,40026,AR,READM-30-CABG-HRRP,64,0.9629,21.2219,22.0399,11,01-07-2019,30-06-2022
BAXTER REGIONAL MEDICAL CENTER,40027,AR,READM-30-HF-HRRP,110,0.9549,15.319,16.0426,14,01-07-2019,30-06-2022
BAXTER REGIONAL MEDICAL CENTER,40027,AR,READM-30-COPD-HRRP,236,1.0817,19.0174,17.5808,50,01-07-2019,30-06-2022
BAXTER REGIONAL MEDICAL CENTER,40027,AR,READM-30-CABG-HRRP,177,0.9357,14.3798,15.3677,21,01-07-2019,30-06-2022
BAXTER REGIONAL MEDICAL CENTER,40027,AR,READM-30-PN-HRRP,55,1.0909,25.1127,23.0193,20,01-07-2019,30-06-2022
"CONWAY REGIONAL MEDICAL CENTER, INC",40029,AR,READM-30-PN-HRRP,63,1.0538,21.3477,20.2576,17,01-07-2019,30-06-2022
"CONWAY REGIONAL MEDICAL CENTER, INC",40029,AR,READM-30-HF-HRRP,87,0.9767,15.6369,16.0098,12,01-07-2019,30-06-2022
"CONWAY REGIONAL MEDICAL CENTER, INC",40029,AR,READM-30-HIP-KNEE-HRRP,119,0.9822,18.717,19.057,21,01-07-2019,30-06-2022
"CONWAY REGIONAL MEDICAL CENTER, INC",40029,AR,READM-30-AMI-HRRP,78,0.9912,22.5825,22.7835,17,01-07-2019,30-06-2022
BAPTIST HEALTH MEDICAL CENTER NORTH LITTLE ROCK,40036,AR,READM-30-AMI-HRRP,100,1.0342,19.7741,19.1199,22,01-07-2019,30-06-2022
BAPTIST HEALTH MEDICAL CENTER NORTH LITTLE ROCK,40036,AR,READM-30-PN-HRRP,82,1.0836,20.3385,18.7686,22,01-07-2019,30-06-2022
ARKANSAS METHODIST MEDICAL CENTER,40039,AR,READM-30-AMI-HRRP,310,1.0614,21.2862,20.054,70,01-07-2019,30-06-2022
ARKANSAS METHODIST MEDICAL CENTER,40039,AR,READM-30-PN-HRRP,418,0.9571,16.9959,17.7583,68,01-07-2019,30-06-2022
ARKANSAS METHODIST MEDICAL CENTER,40039,AR,READM-30-HF-HRRP,145,0.8864,13.046,14.7184,13,01-07-2019,30-06-2022
ST MARYS REGIONAL MEDICAL CENTER,40041,AR,READM-30-HF-HRRP,333,1.0424,21.3779,20.5089,74,01-07-2019,30-06-2022
ST MARYS REGIONAL MEDICAL CENTER,40041,AR,READM-30-PN-HRRP,60,1.05,19.7356,18.7957,15,01-07-2019,30-06-2022
ST MARYS REGIONAL MEDICAL CENTER,40041,AR,READM-30-COPD-HRRP,124,1.0086,15.7765,15.6414,20,01-07-2019,30-06-2022
ST MARYS REGIONAL MEDICAL CENTER,40041,AR,READM-30-HIP-KNEE-HRRP,213,1.0193,17.6876,17.3535,39,01-07-2019,30-06-2022
FIVE RIVERS MEDICAL CENTER,40047,AR,READM-30-COPD-HRRP,491,0.893,17.5994,19.7087,79,01-07-2019,30-06-2022
FIVE RIVERS MEDICAL CENTER,40047,AR,READM-30-PN-HRRP,100,1.0109,20.2767,20.059,21,01-07-2019,30-06-2022
FIVE RIVERS MEDICAL CENTER,40047,AR,READM-30-CABG-HRRP,272,0.9906,16.4147,16.571,44,01-07-2019,30-06-2022
FIVE RIVERS MEDICAL CENTER,40047,AR,READM-30-HIP-KNEE-HRRP,242,0.8848,11.0776,12.52,21,01-07-2019,30-06-2022
OUACHITA COUNTY MEDICAL CENTER,40050,AR,READM-30-COPD-HRRP,334,1.086,21.3925,19.6992,77,01-07-2019,30-06-2022
OUACHITA COUNTY MEDICAL CENTER,40050,AR,READM-30-PN-HRRP,206,1.0209,15.0366,14.729,32,01-07-2019,30-06-2022
OUACHITA COUNTY MEDICAL CENTER,40050,AR,READM-30-AMI-HRRP,74,1.002,17.3929,17.3579,13,01-07-2019,30-06-2022
OUACHITA COUNTY MEDICAL CENTER,40050,AR,READM-30-HIP-KNEE-HRRP,355,1.0105,16.1378,15.9707,58,01-07-2019,30-06-2022
OUACHITA COUNTY MEDICAL CENTER,40050,AR,READM-30-CABG-HRRP,536,1.0118,17.0142,16.8166,92,01-07-2019,30-06-2022
OUACHITA COUNTY MEDICAL CENTER,40050,AR,READM-30-HF-HRRP,648,0.8906,3.8211,4.2905,23,01-07-2019,30-06-2022
DREW MEMORIAL HEALTH SYSTEM,40051,AR,READM-30-PN-HRRP,76,1.0189,21.9659,21.5582,18,01-07-2019,30-06-2022
DREW MEMORIAL HEALTH SYSTEM,40051,AR,READM-30-AMI-HRRP,591,0.959,19.0829,19.8992,110,01-07-2019,30-06-2022
DREW MEMORIAL HEALTH SYSTEM,40051,AR,READM-30-HF-HRRP,63,1.0443,22.2477,21.3042,17,01-07-2019,30-06-2022
BAPTIST HEALTH - FORT SMITH,40055,AR,READM-30-CABG-HRRP,61,1.0037,20.8696,20.7923,13,01-07-2019,30-06-2022
BAPTIST HEALTH - FORT SMITH,40055,AR,READM-30-HIP-KNEE-HRRP,153,1.0365,14.7848,14.2636,25,01-07-2019,30-06-2022
BAPTIST HEALTH - FORT SMITH,40055,AR,READM-30-AMI-HRRP,99,1.1108,20.2842,18.2612,27,01-07-2019,30-06-2022
BAPTIST HEALTH - FORT SMITH,40055,AR,READM-30-COPD-HRRP,342,0.9851,4.1607,4.2236,14,01-07-2019,30-06-2022
BAPTIST HEALTH - FORT SMITH,40055,AR,READM-30-HF-HRRP,129,1.0981,20.8172,18.9569,33,01-07-2019,30-06-2022
MERCY HOSPITAL FORT SMITH,40062,AR,READM-30-CABG-HRRP,419,1.1691,22.3197,19.0918,104,01-07-2019,30-06-2022
MERCY HOSPITAL FORT SMITH,40062,AR,READM-30-PN-HRRP,370,1.2154,18.8193,15.4844,83,01-07-2019,30-06-2022
MERCY HOSPITAL FORT SMITH,40062,AR,READM-30-HF-HRRP,157,1.0914,16.9085,15.4922,31,01-07-2019,30-06-2022
MERCY HOSPITAL FORT SMITH,40062,AR,READM-30-COPD-HRRP,139,0.9332,14.1085,15.119,15,01-07-2019,30-06-2022
MERCY HOSPITAL FORT SMITH,40062,AR,READM-30-AMI-HRRP,231,0.9772,17.9638,18.3829,40,01-07-2019,30-06-2022
MAGNOLIA HOSPITAL,40067,AR,READM-30-PN-HRRP,520,0.7442,3.1671,4.2555,12,01-07-2019,30-06-2022
MAGNOLIA HOSPITAL,40067,AR,READM-30-HF-HRRP,138,1.1433,24.4616,21.3949,43,01-07-2019,30-06-2022
GREAT RIVER MEDICAL CENTER,40069,AR,READM-30-HIP-KNEE-HRRP,103,1.0049,18.1172,18.0294,19,01-07-2019,30-06-2022
GREAT RIVER MEDICAL CENTER,40069,AR,READM-30-PN-HRRP,87,0.977,17.8179,18.2368,14,01-07-2019,30-06-2022
GREAT RIVER MEDICAL CENTER,40069,AR,READM-30-HF-HRRP,125,1.0089,17.9014,17.743,23,01-07-2019,30-06-2022
GREAT RIVER MEDICAL CENTER,40069,AR,READM-30-CABG-HRRP,81,0.9988,18.6139,18.6359,15,01-07-2019,30-06-2022
JEFFERSON REGIONAL MEDICAL CENTER,40071,AR,READM-30-HF-HRRP,324,1.0004,20.3611,20.3521,66,01-07-2019,30-06-2022
JEFFERSON REGIONAL MEDICAL CENTER,40071,AR,READM-30-AMI-HRRP,109,1.0622,15.5796,14.6678,20,01-07-2019,30-06-2022
JEFFERSON REGIONAL MEDICAL CENTER,40071,AR,READM-30-COPD-HRRP,257,1.1177,19.9122,17.816,59,01-07-2019,30-06-2022
JEFFERSON REGIONAL MEDICAL CENTER,40071,AR,READM-30-HIP-KNEE-HRRP,757,0.9977,16.4011,16.4387,124,01-07-2019,30-06-2022
BAPTIST HEALTH MEDICAL CENTER-STUTTGART,40072,AR,READM-30-PN-HRRP,715,0.9892,18.9806,19.1871,135,01-07-2019,30-06-2022
BAPTIST HEALTH MEDICAL CENTER-STUTTGART,40072,AR,READM-30-CABG-HRRP,132,0.931,17.886,19.2122,19,01-07-2019,30-06-2022
BAPTIST HEALTH MEDICAL CENTER-STUTTGART,40072,AR,READM-30-AMI-HRRP,260,0.9189,11.1741,12.1605,25,01-07-2019,30-06-2022
BAPTIST HEALTH MEDICAL CENTER-STUTTGART,40072,AR,READM-30-HF-HRRP,182,1.0134,18.1743,17.9342,34,01-07-2019,30-06-2022
BAPTIST HEALTH MEDICAL CENTER-HOT SPRINGS COUNTY,40076,AR,READM-30-CABG-HRRP,118,1.0774,21.2149,19.691,30,01-07-2019,30-06-2022
BAPTIST HEALTH MEDICAL CENTER-HOT SPRINGS COUNTY,40076,AR,READM-30-AMI-HRRP,202,1.0244,20.0006,19.525,42,01-07-2019,30-06-2022
BAPTIST HEALTH MEDICAL CENTER-HOT SPRINGS COUNTY,40076,AR,READM-30-PN-HRRP,149,1.0306,17.4006,16.8843,28,01-07-2019,30-06-2022
BAPTIST HEALTH MEDICAL CENTER-HOT SPRINGS COUNTY,40076,AR,READM-30-HIP-KNEE-HRRP,106,1.0684,22.1872,20.767,28,01-07-2019,30-06-2022
NATIONAL PARK MEDICAL CENTER,40078,AR,READM-30-HIP-KNEE-HRRP,64,1.0336,21.5276,20.8275,16,01-07-2019,30-06-2022
NATIONAL PARK MEDICAL CENTER,40078,AR,READM-30-AMI-HRRP,221,1.0519,19.6381,18.6689,47,01-07-2019,30-06-2022
NATIONAL PARK MEDICAL CENTER,40078,AR,READM-30-COPD-HRRP,237,1.022,20.0634,19.6309,49,01-07-2019,30-06-2022
NATIONAL PARK MEDICAL CENTER,40078,AR,READM-30-HF-HRRP,51,1.0288,21.7549,21.1466,13,01-07-2019,30-06-2022
SALINE MEMORIAL HOSPITAL,40084,AR,READM-30-COPD-HRRP,108,0.9959,16.9239,16.9929,18,01-07-2019,30-06-2022
SALINE MEMORIAL HOSPITAL,40084,AR,READM-30-CABG-HRRP,268,1.0435,20.9566,20.0837,59,01-07-2019,30-06-2022
SALINE MEMORIAL HOSPITAL,40084,AR,READM-30-AMI-HRRP,58,1,18.9694,18.9701,11,01-07-2019,30-06-2022
HELENA REGIONAL MEDICAL CENTER,40085,AR,READM-30-COPD-HRRP,178,0.9466,15.5503,16.4272,24,01-07-2019,30-06-2022
HELENA REGIONAL MEDICAL CENTER,40085,AR,READM-30-PN-HRRP,233,0.8511,10.1253,11.8965,16,01-07-2019,30-06-2022
MEDICAL CENTER OF SOUTH ARKANSAS,40088,AR,READM-30-AMI-HRRP,168,1.1156,20.1486,18.0608,41,01-07-2019,30-06-2022
MEDICAL CENTER OF SOUTH ARKANSAS,40088,AR,READM-30-COPD-HRRP,406,1.1469,19.7895,17.2551,90,01-07-2019,30-06-2022
MEDICAL CENTER OF SOUTH ARKANSAS,40088,AR,READM-30-PN-HRRP,497,1.1731,23.7485,20.244,129,01-07-2019,30-06-2022
MEDICAL CENTER OF SOUTH ARKANSAS,40088,AR,READM-30-CABG-HRRP,178,0.9992,12.9439,12.9546,23,01-07-2019,30-06-2022
MEDICAL CENTER OF SOUTH ARKANSAS,40088,AR,READM-30-HIP-KNEE-HRRP,207,1.1346,23.3939,20.6193,57,01-07-2019,30-06-2022
BAPTIST HEALTH MEDICAL CENTER-LITTLE ROCK,40114,AR,READM-30-COPD-HRRP,118,1.0371,20.8482,20.102,27,01-07-2019,30-06-2022
BAPTIST HEALTH MEDICAL CENTER-LITTLE ROCK,40114,AR,READM-30-PN-HRRP,286,1.1384,19.8864,17.468,66,01-07-2019,30-06-2022
BAPTIST HEALTH MEDICAL CENTER-LITTLE ROCK,40114,AR,READM-30-HIP-KNEE-HRRP,67,1.0035,20.5466,20.4751,14,01-07-2019,30-06-2022
BAPTIST HEALTH MEDICAL CENTER-LITTLE ROCK,40114,AR,READM-30-CABG-HRRP,500,1.0265,18.4346,17.9595,94,01-07-2019,30-06-2022
"BAPTIST MEMORIAL HOSPITAL JONESBORO, INC.",40118,AR,READM-30-PN-HRRP,108,1.0546,17.8318,16.9092,22,01-07-2019,30-06-2022
"BAPTIST MEMORIAL HOSPITAL JONESBORO, INC.",40118,AR,READM-30-COPD-HRRP,361,1.034,21.2579,20.5586,79,01-07-2019,30-06-2022
"BAPTIST MEMORIAL HOSPITAL JONESBORO, INC.",40118,AR,READM-30-CABG-HRRP,803,1.1221,20.4029,18.1831,172,01-07-2019,30-06-2022
"BAPTIST MEMORIAL HOSPITAL JONESBORO, INC.",40118,AR,READM-30-HIP-KNEE-HRRP,666,1.0635,22.6422,21.2913,155,01-07-2019,30-06-2022
"BAPTIST MEMORIAL HOSPITAL JONESBORO, INC.",40118,AR,READM-30-HF-HRRP,157,1.0085,20.027,19.8581,32,01-07-2019,30-06-2022
WHITE RIVER MEDICAL CENTER,40119,AR,READM-30-COPD-HRRP,243,0.8939,13.3863,14.9746,27,01-07-2019,30-06-2022
WHITE RIVER MEDICAL CENTER,40119,AR,READM-30-HF-HRRP,94,1.0211,20.8449,20.4132,21,01-07-2019,30-06-2022
LEO N LEVI MEMORIAL HOSPITAL,40132,AR,READM-30-COPD-HRRP,443,1.0045,18.669,18.5847,83,01-07-2019,30-06-2022
LEO N LEVI MEMORIAL HOSPITAL,40132,AR,READM-30-PN-HRRP,260,1.0602,16.5499,15.6095,47,01-07-2019,30-06-2022
LEO N LEVI MEMORIAL HOSPITAL,40132,AR,READM-30-AMI-HRRP,199,0.9265,10.8682,11.7298,18,01-07-2019,30-06-2022
LEO N LEVI MEMORIAL HOSPITAL,40132,AR,READM-30-HIP-KNEE-HRRP,158,1.0776,18.8421,17.4859,35,01-07-2019,30-06-2022
LEO N LEVI MEMORIAL HOSPITAL,40132,AR,READM-30-CABG-HRRP,63,1.0079,18.2357,18.0924,12,01-07-2019,30-06-2022
LEO N LEVI MEMORIAL HOSPITAL,40132,AR,READM-30-HF-HRRP,156,1.0278,22.5046,21.8961,37,01-07-2019,30-06-2022
"ARKANSAS HEART HOSPITAL, LLC",40134,AR,READM-30-PN-HRRP,142,1.0613,14.1562,13.339,23,01-07-2019,30-06-2022
"ARKANSAS HEART HOSPITAL, LLC",40134,AR,READM-30-HF-HRRP,73,0.9632,21.327,22.1418,13,01-07-2019,30-06-2022
"ARKANSAS HEART HOSPITAL, LLC",40134,AR,READM-30-HIP-KNEE-HRRP,67,1.0407,19.9293,19.1497,16,01-07-2019,30-06-2022
"ARKANSAS HEART HOSPITAL, LLC",40134,AR,READM-30-AMI-HRRP,64,1.0344,15.2394,14.7332,12,01-07-2019,30-06-2022
ST VINCENT MEDICAL CENTER/NORTH,40137,AR,READM-30-PN-HRRP,82,1.0229,20.1097,19.6587,18,01-07-2019,30-06-2022
ST VINCENT MEDICAL CENTER/NORTH,40137,AR,READM-30-COPD-HRRP,231,1.0295,20.3752,19.7922,49,01-07-2019,30-06-2022
ST VINCENT MEDICAL CENTER/NORTH,40137,AR,READM-30-CABG-HRRP,239,0.956,14.2182,14.8727,31,01-07-2019,30-06-2022
ARKANSAS SURGICAL HOSPITAL,40147,AR,READM-30-COPD-HRRP,82,1.1341,23.7645,20.955,28,01-07-2019,30-06-2022
ARKANSAS SURGICAL HOSPITAL,40147,AR,READM-30-CABG-HRRP,208,1.0194,17.1539,16.827,37,01-07-2019,30-06-2022
ARKANSAS SURGICAL HOSPITAL,40147,AR,READM-30-HF-HRRP,142,0.997,21.9753,22.0412,31,01-07-2019,30-06-2022
NORTHWEST HEALTH PHYSICIANS SPECIALTY HOSPITAL,40152,AR,READM-30-HF-HRRP,271,0.9737,18.7765,19.2843,49,01-07-2019,30-06-2022
NORTHWEST HEALTH PHYSICIANS SPECIALTY HOSPITAL,40152,AR,READM-30-COPD-HRRP,344,0.9754,21.4222,21.9614,72,01-07-2019,30-06-2022
WADLEY REGIONAL MEDICAL CENTER AT HOPE,40153,AR,READM-30-COPD-HRRP,80,0.9636,18.0367,18.7182,12,01-07-2019,30-06-2022
WADLEY REGIONAL MEDICAL CENTER AT HOPE,40153,AR,READM-30-HF-HRRP,141,0.9768,17.4674,17.8824,23,01-07-2019,30-06-2022
WADLEY REGIONAL MEDICAL CENTER AT HOPE,40153,AR,READM-30-AMI-HRRP,72,1.0069,20.1922,20.0535,15,01-07-2019,30-06-2022
WADLEY REGIONAL MEDICAL CENTER AT HOPE,40153,AR,READM-30-PN-HRRP,384,0.9714,21.3459,21.9732,80,01-07-2019,30-06-2022
BAPTIST HEALTH MEDICAL CENTER- CONWAY,40154,AR,READM-30-AMI-HRRP,187,1.0708,20.3985,19.0493,43,01-07-2019,30-06-2022
"BAPTIST MEMORIAL HOSPITAL-CRITTENDEN, INC",40156,AR,READM-30-HIP-KNEE-HRRP,459,1.0349,17.7845,17.1845,84,01-07-2019,30-06-2022
"BAPTIST MEMORIAL HOSPITAL-CRITTENDEN, INC",40156,AR,READM-30-COPD-HRRP,201,0.9063,17.0495,18.8127,28,01-07-2019,30-06-2022
"BAPTIST MEMORIAL HOSPITAL-CRITTENDEN, INC",40156,AR,READM-30-CABG-HRRP,397,1.0187,20.5937,20.2158,83,01-07-2019,30-06-2022
"BAPTIST MEMORIAL HOSPITAL-CRITTENDEN, INC",40156,AR,READM-30-PN-HRRP,46,1.1466,15.1024,13.1719,11,01-07-2019,30-06-2022
"BAPTIST MEMORIAL HOSPITAL-CRITTENDEN, INC",40156,AR,READM-30-AMI-HRRP,258,0.9054,12.7427,14.0736,28,01-07-2019,30-06-2022
ARKANSAS HEART HOSPITAL-ENCORE,40161,AR,READM-30-HIP-KNEE-HRRP,159,1.1511,20.1516,17.5058,42,01-07-2019,30-06-2022
ARKANSAS HEART HOSPITAL-ENCORE,40161,AR,READM-30-AMI-HRRP,90,0.9695,20.0644,20.6952,16,01-07-2019,30-06-2022
ARKANSAS HEART HOSPITAL-ENCORE,40161,AR,READM-30-PN-HRRP,217,0.9921,15.9146,16.0409,34,01-07-2019,30-06-2022
ST ROSE HOSPITAL,50002,CA,READM-30-COPD-HRRP,314,0.9396,19.1479,20.3788,56,01-07-2019,30-06-2022
ST ROSE HOSPITAL,50002,CA,READM-30-HF-HRRP,109,1.0205,15.2713,14.9648,18,01-07-2019,30-06-2022
ST ROSE HOSPITAL,50002,CA,READM-30-AMI-HRRP,158,1.0628,20.2388,19.0431,36,01-07-2019,30-06-2022
ST ROSE HOSPITAL,50002,CA,READM-30-HIP-KNEE-HRRP,63,1.0297,15.1454,14.7092,11,01-07-2019,30-06-2022
PROVIDENCE ST JOSEPH HOSPITAL,50006,CA,READM-30-HF-HRRP,1730,0.6159,2.6774,4.3472,39,01-07-2019,30-06-2022
PROVIDENCE ST JOSEPH HOSPITAL,50006,CA,READM-30-COPD-HRRP,76,1.0866,21.5584,19.8405,22,01-07-2019,30-06-2022
PROVIDENCE ST JOSEPH HOSPITAL,50006,CA,READM-30-CABG-HRRP,321,0.9963,19.7036,19.7775,63,01-07-2019,30-06-2022
PROVIDENCE ST JOSEPH HOSPITAL,50006,CA,READM-30-HIP-KNEE-HRRP,355,1.1043,19.1642,17.3546,75,01-07-2019,30-06-2022
PENINSULA MEDICAL CENTER,50007,CA,READM-30-COPD-HRRP,149,1.0317,14.3973,13.9553,23,01-07-2019,30-06-2022
PENINSULA MEDICAL CENTER,50007,CA,READM-30-CABG-HRRP,116,0.9829,16.5394,16.8277,18,01-07-2019,30-06-2022
PENINSULA MEDICAL CENTER,50007,CA,READM-30-PN-HRRP,211,0.9555,18.4801,19.3413,36,01-07-2019,30-06-2022
PENINSULA MEDICAL CENTER,50007,CA,READM-30-AMI-HRRP,169,0.9301,11.5111,12.376,16,01-07-2019,30-06-2022
CALIFORNIA PACIFIC MEDICAL CTR-DAVIES CAMPUS HOSP,50008,CA,READM-30-PN-HRRP,123,1.0888,23.6733,21.743,35,01-07-2019,30-06-2022
CALIFORNIA PACIFIC MEDICAL CTR-DAVIES CAMPUS HOSP,50008,CA,READM-30-COPD-HRRP,98,0.9898,19.0576,19.2536,18,01-07-2019,30-06-2022
CALIFORNIA PACIFIC MEDICAL CTR-DAVIES CAMPUS HOSP,50008,CA,READM-30-CABG-HRRP,202,0.9846,15.8682,16.1172,31,01-07-2019,30-06-2022
PROVIDENCE QUEEN OF THE VALLEY MEDICAL CENTER,50009,CA,READM-30-HF-HRRP,174,1.0491,18.7712,17.8934,36,01-07-2019,30-06-2022
PROVIDENCE QUEEN OF THE VALLEY MEDICAL CENTER,50009,CA,READM-30-PN-HRRP,269,1.0309,22.2739,21.6062,62,01-07-2019,30-06-2022
ADVENTIST HEALTH ST HELENA,50013,CA,READM-30-HF-HRRP,125,0.9403,14.4606,15.3787,15,01-07-2019,30-06-2022
ADVENTIST HEALTH ST HELENA,50013,CA,READM-30-CABG-HRRP,153,0.9813,15.862,16.1637,23,01-07-2019,30-06-2022
ADVENTIST HEALTH ST HELENA,50013,CA,READM-30-HIP-KNEE-HRRP,143,0.9683,18.2566,18.8545,24,01-07-2019,30-06-2022
SUTTER AMADOR HOSPITAL,50014,CA,READM-30-HF-HRRP,89,0.962,15.2639,15.8673,11,01-07-2019,30-06-2022
SUTTER AMADOR HOSPITAL,50014,CA,READM-30-COPD-HRRP,174,0.9495,19.2215,20.2442,30,01-07-2019,30-06-2022
SUTTER AMADOR HOSPITAL,50014,CA,READM-30-HIP-KNEE-HRRP,50,1.0279,20.3842,19.8317,12,01-07-2019,30-06-2022
SUTTER AMADOR HOSPITAL,50014,CA,READM-30-PN-HRRP,124,1.0655,17.7258,16.6366,26,01-07-2019,30-06-2022
SUTTER AMADOR HOSPITAL,50014,CA,READM-30-AMI-HRRP,185,1.1269,5.488,4.87,12,01-07-2019,30-06-2022
MERCY GENERAL HOSPITAL,50017,CA,READM-30-AMI-HRRP,702,0.99,17.8994,18.0807,125,01-07-2019,30-06-2022
MERCY GENERAL HOSPITAL,50017,CA,READM-30-HIP-KNEE-HRRP,456,1.0718,16.7288,15.6082,81,01-07-2019,30-06-2022
MERCY GENERAL HOSPITAL,50017,CA,READM-30-CABG-HRRP,178,1.0552,12.6015,11.942,25,01-07-2019,30-06-2022
MERCY GENERAL HOSPITAL,50017,CA,READM-30-COPD-HRRP,610,0.9234,18.234,19.7458,106,01-07-2019,30-06-2022
MERCY GENERAL HOSPITAL,50017,CA,READM-30-PN-HRRP,186,0.9164,17.5423,19.1428,27,01-07-2019,30-06-2022
RIVERSIDE COMMUNITY HOSPITAL,50022,CA,READM-30-HIP-KNEE-HRRP,359,0.8365,11.0108,13.1634,31,01-07-2019,30-06-2022
RIVERSIDE COMMUNITY HOSPITAL,50022,CA,READM-30-PN-HRRP,440,0.9293,14.983,16.123,61,01-07-2019,30-06-2022
RIVERSIDE COMMUNITY HOSPITAL,50022,CA,READM-30-CABG-HRRP,110,0.9142,20.0626,21.9462,16,01-07-2019,30-06-2022
RIVERSIDE COMMUNITY HOSPITAL,50022,CA,READM-30-AMI-HRRP,82,0.9623,16.6551,17.3082,11,01-07-2019,30-06-2022
PARADISE VALLEY HOSPITAL,50024,CA,READM-30-AMI-HRRP,78,0.9716,21.7659,22.4031,15,01-07-2019,30-06-2022
PARADISE VALLEY HOSPITAL,50024,CA,READM-30-CABG-HRRP,170,1.0919,19.3013,17.6762,39,01-07-2019,30-06-2022
PARADISE VALLEY HOSPITAL,50024,CA,READM-30-PN-HRRP,180,0.967,18.448,19.0782,31,01-07-2019,30-06-2022
PARADISE VALLEY HOSPITAL,50024,CA,READM-30-HIP-KNEE-HRRP,59,1.0594,13.8355,13.0598,11,01-07-2019,30-06-2022
UC SAN DIEGO HEALTH HILLCREST - HILLCREST MED CTR,50025,CA,READM-30-COPD-HRRP,545,0.9405,17.981,19.1185,94,01-07-2019,30-06-2022
UC SAN DIEGO HEALTH HILLCREST - HILLCREST MED CTR,50025,CA,READM-30-CABG-HRRP,82,0.9921,18.9182,19.0693,15,01-07-2019,30-06-2022
UC SAN DIEGO HEALTH HILLCREST - HILLCREST MED CTR,50025,CA,READM-30-PN-HRRP,295,1.0339,13.6837,13.2348,42,01-07-2019,30-06-2022
UC SAN DIEGO HEALTH HILLCREST - HILLCREST MED CTR,50025,CA,READM-30-HF-HRRP,276,0.9891,16.2109,16.3897,44,01-07-2019,30-06-2022
GROSSMONT HOSPITAL,50026,CA,READM-30-COPD-HRRP,163,0.9897,18.2402,18.4293,29,01-07-2019,30-06-2022
GROSSMONT HOSPITAL,50026,CA,READM-30-AMI-HRRP,172,0.9203,13.4029,14.5629,19,01-07-2019,30-06-2022
GROSSMONT HOSPITAL,50026,CA,READM-30-CABG-HRRP,330,0.9901,20.2021,20.4037,66,01-07-2019,30-06-2022
MAD RIVER COMMUNITY HOSPITAL,50028,CA,READM-30-HIP-KNEE-HRRP,105,0.9931,16.6391,16.7549,17,01-07-2019,30-06-2022
MAD RIVER COMMUNITY HOSPITAL,50028,CA,READM-30-COPD-HRRP,116,1.002,20.5745,20.534,24,01-07-2019,30-06-2022
MAD RIVER COMMUNITY HOSPITAL,50028,CA,READM-30-CABG-HRRP,127,0.9797,17.5646,17.9293,21,01-07-2019,30-06-2022
MAD RIVER COMMUNITY HOSPITAL,50028,CA,READM-30-PN-HRRP,522,0.9113,17.8312,19.5678,87,01-07-2019,30-06-2022
MAD RIVER COMMUNITY HOSPITAL,50028,CA,READM-30-AMI-HRRP,292,1.0034,16.7007,16.6436,49,01-07-2019,30-06-2022
OROVILLE HOSPITAL,50030,CA,READM-30-PN-HRRP,160,0.9707,12.7753,13.1602,19,01-07-2019,30-06-2022
OROVILLE HOSPITAL,50030,CA,READM-30-HF-HRRP,259,0.9524,15.1665,15.9249,36,01-07-2019,30-06-2022
OROVILLE HOSPITAL,50030,CA,READM-30-COPD-HRRP,245,1.0407,19.3436,18.5878,50,01-07-2019,30-06-2022
BAKERSFIELD MEMORIAL HOSPITAL,50036,CA,READM-30-CABG-HRRP,117,0.9789,18.2698,18.664,20,01-07-2019,30-06-2022
BAKERSFIELD MEMORIAL HOSPITAL,50036,CA,READM-30-HIP-KNEE-HRRP,248,1.027,16.2098,15.7837,42,01-07-2019,30-06-2022
BAKERSFIELD MEMORIAL HOSPITAL,50036,CA,READM-30-HF-HRRP,289,1.0122,18.7571,18.5312,55,01-07-2019,30-06-2022
BAKERSFIELD MEMORIAL HOSPITAL,50036,CA,READM-30-COPD-HRRP,62,0.9908,20.3532,20.543,12,01-07-2019,30-06-2022
BAKERSFIELD MEMORIAL HOSPITAL,50036,CA,READM-30-AMI-HRRP,73,0.9841,16.582,16.8506,11,01-07-2019,30-06-2022
SANTA CLARA VALLEY MEDICAL CENTER,50038,CA,READM-30-HF-HRRP,217,0.9199,20.1156,21.8667,38,01-07-2019,30-06-2022
SANTA CLARA VALLEY MEDICAL CENTER,50038,CA,READM-30-HIP-KNEE-HRRP,72,1.0367,18.236,17.5896,15,01-07-2019,30-06-2022
ENLOE MEDICAL CENTER,50039,CA,READM-30-COPD-HRRP,170,1.0318,19.8617,19.2491,36,01-07-2019,30-06-2022
ENLOE MEDICAL CENTER,50039,CA,READM-30-CABG-HRRP,118,1.0575,19.5233,18.4624,27,01-07-2019,30-06-2022
ENLOE MEDICAL CENTER,50039,CA,READM-30-HF-HRRP,109,1.0455,21.9669,21.0101,27,01-07-2019,30-06-2022
ENLOE MEDICAL CENTER,50039,CA,READM-30-PN-HRRP,36,1.0969,17.4683,15.9252,11,01-07-2019,30-06-2022
ENLOE MEDICAL CENTER,50039,CA,READM-30-HIP-KNEE-HRRP,429,1.1298,18.9977,16.8147,90,01-07-2019,30-06-2022
LAC/OLIVE VIEW-UCLA MEDICAL CENTER,50040,CA,READM-30-PN-HRRP,581,1.0818,21.466,19.8423,130,01-07-2019,30-06-2022
LAC/OLIVE VIEW-UCLA MEDICAL CENTER,50040,CA,READM-30-COPD-HRRP,111,1.0513,20.4331,19.4359,26,01-07-2019,30-06-2022
LAC/OLIVE VIEW-UCLA MEDICAL CENTER,50040,CA,READM-30-AMI-HRRP,542,0.7235,3.1211,4.3137,12,01-07-2019,30-06-2022
LAC/OLIVE VIEW-UCLA MEDICAL CENTER,50040,CA,READM-30-CABG-HRRP,180,0.9766,13.9819,14.3167,24,01-07-2019,30-06-2022
ST ELIZABETH COMMUNITY HOSPITAL,50042,CA,READM-30-CABG-HRRP,280,0.9946,19.7719,19.8792,55,01-07-2019,30-06-2022
ST ELIZABETH COMMUNITY HOSPITAL,50042,CA,READM-30-PN-HRRP,160,0.9735,13.9581,14.3373,21,01-07-2019,30-06-2022
ST ELIZABETH COMMUNITY HOSPITAL,50042,CA,READM-30-AMI-HRRP,77,0.9649,17.2659,17.8938,11,01-07-2019,30-06-2022
ST ELIZABETH COMMUNITY HOSPITAL,50042,CA,READM-30-HIP-KNEE-HRRP,188,1.091,18.0341,16.5293,40,01-07-2019,30-06-2022
ALTA BATES SUMMIT MEDICAL CENTER,50043,CA,READM-30-COPD-HRRP,488,0.8943,3.6245,4.0528,16,01-07-2019,30-06-2022
ALTA BATES SUMMIT MEDICAL CENTER,50043,CA,READM-30-AMI-HRRP,296,0.8707,13.5701,15.5854,31,01-07-2019,30-06-2022
ALTA BATES SUMMIT MEDICAL CENTER,50043,CA,READM-30-CABG-HRRP,337,0.9159,16.5091,18.0243,50,01-07-2019,30-06-2022
EL CENTRO REGIONAL MEDICAL CENTER,50045,CA,READM-30-COPD-HRRP,81,1.0469,19.7852,18.898,19,01-07-2019,30-06-2022
EL CENTRO REGIONAL MEDICAL CENTER,50045,CA,READM-30-HIP-KNEE-HRRP,200,0.9649,11.3476,11.7601,21,01-07-2019,30-06-2022
EL CENTRO REGIONAL MEDICAL CENTER,50045,CA,READM-30-HF-HRRP,396,1.0261,18.4804,18.0097,75,01-07-2019,30-06-2022
EL CENTRO REGIONAL MEDICAL CENTER,50045,CA,READM-30-PN-HRRP,413,0.9385,18.9329,20.1725,74,01-07-2019,30-06-2022
EL CENTRO REGIONAL MEDICAL CENTER,50045,CA,READM-30-AMI-HRRP,152,1.016,21.0077,20.6761,33,01-07-2019,30-06-2022
CALIFORNIA PACIFIC MEDICAL CENTER- VAN NESS CAMPUS,50047,CA,READM-30-AMI-HRRP,156,0.9899,13.7818,13.9229,21,01-07-2019,30-06-2022
CALIFORNIA PACIFIC MEDICAL CENTER- VAN NESS CAMPUS,50047,CA,READM-30-CABG-HRRP,37,1.0533,22.7887,21.6363,12,01-07-2019,30-06-2022
CALIFORNIA PACIFIC MEDICAL CENTER- VAN NESS CAMPUS,50047,CA,READM-30-HIP-KNEE-HRRP,51,1.0526,18.5242,17.5989,13,01-07-2019,30-06-2022
SAN GORGONIO MEMORIAL HOSPITAL,50054,CA,READM-30-HF-HRRP,142,1.0318,21.74,21.0706,33,01-07-2019,30-06-2022
SAN GORGONIO MEMORIAL HOSPITAL,50054,CA,READM-30-HIP-KNEE-HRRP,65,0.9823,18.7233,19.0604,11,01-07-2019,30-06-2022
CALIFORNIA PACIFIC MEDICAL CENTER - MISSION BERNAL,50055,CA,READM-30-HF-HRRP,555,0.9851,18.5553,18.8361,102,01-07-2019,30-06-2022
CALIFORNIA PACIFIC MEDICAL CENTER - MISSION BERNAL,50055,CA,READM-30-AMI-HRRP,393,1.1122,17.4951,15.7297,76,01-07-2019,30-06-2022
CALIFORNIA PACIFIC MEDICAL CENTER - MISSION BERNAL,50055,CA,READM-30-HIP-KNEE-HRRP,92,1.0897,19.0139,17.448,23,01-07-2019,30-06-2022
CALIFORNIA PACIFIC MEDICAL CENTER - MISSION BERNAL,50055,CA,READM-30-CABG-HRRP,226,1.1265,14.6937,13.0437,39,01-07-2019,30-06-2022
CALIFORNIA PACIFIC MEDICAL CENTER - MISSION BERNAL,50055,CA,READM-30-PN-HRRP,234,1.0415,19.7904,19.0027,49,01-07-2019,30-06-2022
ANTELOPE VALLEY HOSPITAL,50056,CA,READM-30-PN-HRRP,134,1.114,15.3554,13.7838,26,01-07-2019,30-06-2022
ANTELOPE VALLEY HOSPITAL,50056,CA,READM-30-COPD-HRRP,80,0.9903,15.7592,15.9144,12,01-07-2019,30-06-2022
ANTELOPE VALLEY HOSPITAL,50056,CA,READM-30-CABG-HRRP,415,1.1187,20.4678,18.2963,93,01-07-2019,30-06-2022
ANTELOPE VALLEY HOSPITAL,50056,CA,READM-30-AMI-HRRP,142,1.0632,19.4752,18.3184,32,01-07-2019,30-06-2022
KAWEAH HEALTH MEDICAL CENTER,50057,CA,READM-30-HF-HRRP,103,1.0382,22.7299,21.8941,26,01-07-2019,30-06-2022
KAWEAH HEALTH MEDICAL CENTER,50057,CA,READM-30-AMI-HRRP,113,1.0494,18.2655,17.4051,24,01-07-2019,30-06-2022
KAWEAH HEALTH MEDICAL CENTER,50057,CA,READM-30-CABG-HRRP,143,1.0178,19.4593,19.1188,29,01-07-2019,30-06-2022
GLENDALE MEM HOSPITAL & HLTH CENTER,50058,CA,READM-30-COPD-HRRP,250,0.9382,18.0663,19.2571,41,01-07-2019,30-06-2022
GLENDALE MEM HOSPITAL & HLTH CENTER,50058,CA,READM-30-CABG-HRRP,163,0.9736,15.8349,16.2638,24,01-07-2019,30-06-2022
GLENDALE MEM HOSPITAL & HLTH CENTER,50058,CA,READM-30-PN-HRRP,74,0.9716,18.7783,19.327,12,01-07-2019,30-06-2022
GLENDALE MEM HOSPITAL & HLTH CENTER,50058,CA,READM-30-HF-HRRP,127,0.9992,12.6295,12.6397,16,01-07-2019,30-06-2022
COMMUNITY REGIONAL MEDICAL CENTER,50060,CA,READM-30-PN-HRRP,480,0.8708,16.2241,18.6312,69,01-07-2019,30-06-2022
COMMUNITY REGIONAL MEDICAL CENTER,50060,CA,READM-30-HF-HRRP,209,1.0428,12.4345,11.9239,28,01-07-2019,30-06-2022
COMMUNITY REGIONAL MEDICAL CENTER,50060,CA,READM-30-HIP-KNEE-HRRP,346,1.0242,15.7204,15.3484,56,01-07-2019,30-06-2022
HOLLYWOOD PRESBYTERIAN MEDICAL CENTER,50063,CA,READM-30-COPD-HRRP,83,1.1147,19.2407,17.2602,23,01-07-2019,30-06-2022
HOLLYWOOD PRESBYTERIAN MEDICAL CENTER,50063,CA,READM-30-HF-HRRP,277,1.1061,20.6908,18.7062,64,01-07-2019,30-06-2022
HOLLYWOOD PRESBYTERIAN MEDICAL CENTER,50063,CA,READM-30-PN-HRRP,175,1.057,16.1477,15.2769,32,01-07-2019,30-06-2022
OAK VALLEY HOSPITAL DISTRICT,50067,CA,READM-30-PN-HRRP,96,1.1625,23.665,20.3577,33,01-07-2019,30-06-2022
OAK VALLEY HOSPITAL DISTRICT,50067,CA,READM-30-HF-HRRP,130,1.0031,15.9923,15.9424,21,01-07-2019,30-06-2022
OAK VALLEY HOSPITAL DISTRICT,50067,CA,READM-30-AMI-HRRP,94,1.0177,20.0445,19.6967,20,01-07-2019,30-06-2022
OAK VALLEY HOSPITAL DISTRICT,50067,CA,READM-30-HIP-KNEE-HRRP,107,0.9931,15.3895,15.4969,16,01-07-2019,30-06-2022
PROVIDENCE ST. JOSEPH HOSPITAL,50069,CA,READM-30-HIP-KNEE-HRRP,56,1.0486,19.4927,18.5898,14,01-07-2019,30-06-2022
PROVIDENCE ST. JOSEPH HOSPITAL,50069,CA,READM-30-HF-HRRP,623,0.8514,3.4387,4.0389,19,01-07-2019,30-06-2022
PROVIDENCE ST. JOSEPH HOSPITAL,50069,CA,READM-30-PN-HRRP,113,1.1024,23.3021,21.1376,33,01-07-2019,30-06-2022
KAISER FOUNDATION HOSPITAL - SOUTH SAN FRANCISCO,50070,CA,READM-30-HF-HRRP,53,1.064,16.8055,15.7949,12,01-07-2019,30-06-2022
KAISER FOUNDATION HOSPITAL - SOUTH SAN FRANCISCO,50070,CA,READM-30-HIP-KNEE-HRRP,253,1.1161,22.134,19.8318,64,01-07-2019,30-06-2022
KAISER FOUNDATION HOSPITAL - SOUTH SAN FRANCISCO,50070,CA,READM-30-AMI-HRRP,108,1.082,14.9176,13.7876,20,01-07-2019,30-06-2022
KAISER FOUNDATION HOSPITAL - SOUTH SAN FRANCISCO,50070,CA,READM-30-CABG-HRRP,485,1.12,19.188,17.1329,101,01-07-2019,30-06-2022
KAISER FOUNDATION HOSPITAL - SOUTH SAN FRANCISCO,50070,CA,READM-30-PN-HRRP,367,1.0064,19.2308,19.1076,71,01-07-2019,30-06-2022
KAISER FOUNDATION HOSPITAL-SANTA CLARA,50071,CA,READM-30-COPD-HRRP,246,1.0298,4.2886,4.1646,11,01-07-2019,30-06-2022
KAISER FOUNDATION HOSPITAL-SANTA CLARA,50071,CA,READM-30-CABG-HRRP,124,1.0312,21.6984,21.041,29,01-07-2019,30-06-2022
KAISER FOUNDATION HOSPITAL-SANTA CLARA,50071,CA,READM-30-HF-HRRP,431,0.9979,17.203,17.2394,74,01-07-2019,30-06-2022
KAISER FOUNDATION HOSPITAL-SANTA CLARA,50071,CA,READM-30-AMI-HRRP,588,1.0684,21.8596,20.4599,133,01-07-2019,30-06-2022
KAISER FOUNDATION HOSPITAL-SANTA CLARA,50071,CA,READM-30-PN-HRRP,76,0.9623,19.0864,19.8347,12,01-07-2019,30-06-2022
KAISER FOUNDATION HOSPITAL-SANTA CLARA,50071,CA,READM-30-HIP-KNEE-HRRP,578,0.8164,3.8233,4.6831,19,01-07-2019,30-06-2022
KAISER FOUNDATION HOSPITAL - WALNUT CREEK,50072,CA,READM-30-PN-HRRP,234,0.9216,13.6918,14.8563,28,01-07-2019,30-06-2022
KAISER FOUNDATION HOSPITAL - WALNUT CREEK,50072,CA,READM-30-HF-HRRP,147,1.0373,14.2391,13.7272,22,01-07-2019,30-06-2022
KAISER FOUNDATION HOSPITAL - WALNUT CREEK,50072,CA,READM-30-AMI-HRRP,490,1.0694,22.1301,20.693,113,01-07-2019,30-06-2022
KAISER FOUNDATION HOSPITAL - WALNUT CREEK,50072,CA,READM-30-CABG-HRRP,481,0.9795,17.1367,17.4955,81,01-07-2019,30-06-2022
KAISER FOUNDATION HOSPITAL - WALNUT CREEK,50072,CA,READM-30-HIP-KNEE-HRRP,162,0.9989,18.5628,18.5833,30,01-07-2019,30-06-2022
KAISER FOUNDATION HOSPITAL AND REHAB CENTER,50073,CA,READM-30-COPD-HRRP,61,1.0411,14.7897,14.2057,11,01-07-2019,30-06-2022
KAISER FOUNDATION HOSPITAL AND REHAB CENTER,50073,CA,READM-30-CABG-HRRP,478,0.9061,18.3019,20.1995,81,01-07-2019,30-06-2022
KAISER FOUNDATION HOSPITAL AND REHAB CENTER,50073,CA,READM-30-PN-HRRP,134,0.9772,14.2837,14.6163,18,01-07-2019,30-06-2022
KAISER FOUNDATION HOSPITAL AND REHAB CENTER,50073,CA,READM-30-HF-HRRP,80,0.9936,20.5346,20.6668,16,01-07-2019,30-06-2022
KAISER FOUNDATION HOSPITAL AND REHAB CENTER,50073,CA,READM-30-HIP-KNEE-HRRP,411,0.8925,3.8284,4.2894,14,01-07-2019,30-06-2022
KAISER FOUNDATION HOSPITAL - OAKLAND/RICHMOND,50075,CA,READM-30-PN-HRRP,348,1.0088,17.9279,17.7707,63,01-07-2019,30-06-2022
KAISER FOUNDATION HOSPITAL - OAKLAND/RICHMOND,50075,CA,READM-30-HIP-KNEE-HRRP,260,0.9446,16.4924,17.4588,39,01-07-2019,30-06-2022
KAISER FOUNDATION HOSPITAL - OAKLAND/RICHMOND,50075,CA,READM-30-COPD-HRRP,190,0.9896,20.8986,21.1192,39,01-07-2019,30-06-2022
KAISER FOUNDATION HOSPITAL - OAKLAND/RICHMOND,50075,CA,READM-30-AMI-HRRP,83,1.0074,19.8986,19.7531,17,01-07-2019,30-06-2022
KAISER FOUNDATION HOSPITAL - OAKLAND/RICHMOND,50075,CA,READM-30-HF-HRRP,124,0.9818,13.6314,13.884,16,01-07-2019,30-06-2022
KAISER FOUNDATION HOSPITAL - SAN FRANCISCO,50076,CA,READM-30-COPD-HRRP,90,0.9652,16.0002,16.5763,12,01-07-2019,30-06-2022
KAISER FOUNDATION HOSPITAL - SAN FRANCISCO,50076,CA,READM-30-HIP-KNEE-HRRP,202,1.0643,21.6785,20.368,48,01-07-2019,30-06-2022
KAISER FOUNDATION HOSPITAL - SAN FRANCISCO,50076,CA,READM-30-CABG-HRRP,50,1.0487,17.1376,16.3411,11,01-07-2019,30-06-2022
KAISER FOUNDATION HOSPITAL - SAN FRANCISCO,50076,CA,READM-30-PN-HRRP,314,1.0761,22.2946,20.7175,75,01-07-2019,30-06-2022
SCRIPPS MERCY HOSPITAL,50077,CA,READM-30-HF-HRRP,287,1.0169,17.37,17.0819,51,01-07-2019,30-06-2022
SCRIPPS MERCY HOSPITAL,50077,CA,READM-30-COPD-HRRP,79,1.0374,20.9545,20.1998,19,01-07-2019,30-06-2022
SCRIPPS MERCY HOSPITAL,50077,CA,READM-30-AMI-HRRP,261,1.1246,16.1458,14.3568,48,01-07-2019,30-06-2022
SCRIPPS MERCY HOSPITAL,50077,CA,READM-30-CABG-HRRP,134,1.1863,13.4929,11.3743,23,01-07-2019,30-06-2022
SCRIPPS MERCY HOSPITAL,50077,CA,READM-30-HIP-KNEE-HRRP,71,1.057,25.3873,24.0173,22,01-07-2019,30-06-2022
PROVIDENCE LITTLE CO OF MARY MED CTR SAN PEDRO,50078,CA,READM-30-HF-HRRP,141,0.9875,20.4996,20.7583,28,01-07-2019,30-06-2022
PROVIDENCE LITTLE CO OF MARY MED CTR SAN PEDRO,50078,CA,READM-30-COPD-HRRP,180,1.0013,19.3944,19.3699,35,01-07-2019,30-06-2022
PROVIDENCE LITTLE CO OF MARY MED CTR SAN PEDRO,50078,CA,READM-30-CABG-HRRP,303,1.0669,21.3312,19.9932,69,01-07-2019,30-06-2022
PROVIDENCE LITTLE CO OF MARY MED CTR SAN PEDRO,50078,CA,READM-30-PN-HRRP,48,1.034,20.3443,19.6748,12,01-07-2019,30-06-2022
ST JOHNS REGIONAL MEDICAL CENTER,50082,CA,READM-30-HF-HRRP,88,1.0392,17.0985,16.4529,17,01-07-2019,30-06-2022
ST JOHNS REGIONAL MEDICAL CENTER,50082,CA,READM-30-AMI-HRRP,302,1.1753,21.011,17.877,75,01-07-2019,30-06-2022
ST JOHNS REGIONAL MEDICAL CENTER,50082,CA,READM-30-HIP-KNEE-HRRP,269,1.2456,24.1727,19.407,80,01-07-2019,30-06-2022
ST JOHNS REGIONAL MEDICAL CENTER,50082,CA,READM-30-COPD-HRRP,86,1.153,23.5377,20.4147,30,01-07-2019,30-06-2022
ST JOSEPH'S MEDICAL CENTER OF STOCKTON,50084,CA,READM-30-HIP-KNEE-HRRP,119,1.1129,16.457,14.788,25,01-07-2019,30-06-2022
ST JOSEPH'S MEDICAL CENTER OF STOCKTON,50084,CA,READM-30-COPD-HRRP,93,1.356,6.6848,4.9299,11,01-07-2019,30-06-2022
ST JOSEPH'S MEDICAL CENTER OF STOCKTON,50084,CA,READM-30-PN-HRRP,249,0.9208,18.2415,19.8111,40,01-07-2019,30-06-2022
ST JOSEPH'S MEDICAL CENTER OF STOCKTON,50084,CA,READM-30-CABG-HRRP,157,0.976,18.9389,19.4037,28,01-07-2019,30-06-2022
ST JOSEPH'S MEDICAL CENTER OF STOCKTON,50084,CA,READM-30-HF-HRRP,70,1,19.998,19.9976,14,01-07-2019,30-06-2022
COMMUNITY HOSPITAL OF SAN BERNARDINO,50089,CA,READM-30-HF-HRRP,114,1.0125,14.3674,14.1898,17,01-07-2019,30-06-2022
COMMUNITY HOSPITAL OF SAN BERNARDINO,50089,CA,READM-30-COPD-HRRP,268,0.9394,18.3236,19.5055,45,01-07-2019,30-06-2022
COMMUNITY HOSPITAL OF SAN BERNARDINO,50089,CA,READM-30-PN-HRRP,168,0.9697,16.1332,16.6381,25,01-07-2019,30-06-2022
COMMUNITY HOSPITAL OF SAN BERNARDINO,50089,CA,READM-30-HIP-KNEE-HRRP,404,0.9619,15.2509,15.8552,59,01-07-2019,30-06-2022
SONOMA VALLEY HOSPITAL,50090,CA,READM-30-COPD-HRRP,337,1.0002,19.8776,19.8739,67,01-07-2019,30-06-2022
SONOMA VALLEY HOSPITAL,50090,CA,READM-30-CABG-HRRP,102,1.0301,18.7299,18.1831,21,01-07-2019,30-06-2022
SONOMA VALLEY HOSPITAL,50090,CA,READM-30-HF-HRRP,214,1.04,17.8922,17.2048,41,01-07-2019,30-06-2022
SONOMA VALLEY HOSPITAL,50090,CA,READM-30-HIP-KNEE-HRRP,475,0.9243,18.9963,20.5528,85,01-07-2019,30-06-2022
COMMUNITY HOSPITAL OF HUNTINGTON PARK,50091,CA,READM-30-PN-HRRP,151,0.855,10.2117,11.9438,11,01-07-2019,30-06-2022
COMMUNITY HOSPITAL OF HUNTINGTON PARK,50091,CA,READM-30-HF-HRRP,93,0.9989,20.5055,20.5271,19,01-07-2019,30-06-2022
COMMUNITY HOSPITAL OF HUNTINGTON PARK,50091,CA,READM-30-COPD-HRRP,221,0.9264,13.0123,14.0467,25,01-07-2019,30-06-2022
COMMUNITY HOSPITAL OF HUNTINGTON PARK,50091,CA,READM-30-AMI-HRRP,519,0.8522,3.745,4.3947,17,01-07-2019,30-06-2022
COMMUNITY HOSPITAL OF HUNTINGTON PARK,50091,CA,READM-30-CABG-HRRP,106,0.9475,16.4652,17.3781,14,01-07-2019,30-06-2022
COMMUNITY HOSPITAL OF HUNTINGTON PARK,50091,CA,READM-30-HIP-KNEE-HRRP,118,0.9462,14.1222,14.9254,13,01-07-2019,30-06-2022
SAINT AGNES MEDICAL CENTER,50093,CA,READM-30-CABG-HRRP,254,0.9362,15.1201,16.1502,34,01-07-2019,30-06-2022
SAINT AGNES MEDICAL CENTER,50093,CA,READM-30-PN-HRRP,75,1.0243,20.5486,20.0618,17,01-07-2019,30-06-2022
SAINT AGNES MEDICAL CENTER,50093,CA,READM-30-AMI-HRRP,101,0.9907,12.3288,12.4448,12,01-07-2019,30-06-2022
WEST COVINA MEDICAL CENTER,50096,CA,READM-30-PN-HRRP,281,0.8981,17.4307,19.4077,42,01-07-2019,30-06-2022
WEST COVINA MEDICAL CENTER,50096,CA,READM-30-COPD-HRRP,112,0.9389,14.4499,15.3901,12,01-07-2019,30-06-2022
SAN ANTONIO REGIONAL HOSPITAL,50099,CA,READM-30-CABG-HRRP,277,1.1084,18.3698,16.5735,58,01-07-2019,30-06-2022
SAN ANTONIO REGIONAL HOSPITAL,50099,CA,READM-30-HIP-KNEE-HRRP,407,1.0113,20.6984,20.4673,85,01-07-2019,30-06-2022
SAN ANTONIO REGIONAL HOSPITAL,50099,CA,READM-30-COPD-HRRP,164,1.0221,21.0509,20.5966,36,01-07-2019,30-06-2022
SAN ANTONIO REGIONAL HOSPITAL,50099,CA,READM-30-AMI-HRRP,188,1.017,16.0358,15.7673,31,01-07-2019,30-06-2022
SHARP MEMORIAL HOSPITAL,50100,CA,READM-30-HF-HRRP,80,1.1022,21.2337,19.2649,24,01-07-2019,30-06-2022
SHARP MEMORIAL HOSPITAL,50100,CA,READM-30-HIP-KNEE-HRRP,33,1.0754,24.0934,22.4032,13,01-07-2019,30-06-2022
SHARP MEMORIAL HOSPITAL,50100,CA,READM-30-CABG-HRRP,128,1.0035,16.9964,16.9364,22,01-07-2019,30-06-2022
SHARP MEMORIAL HOSPITAL,50100,CA,READM-30-PN-HRRP,344,1.0439,22.114,21.1848,79,01-07-2019,30-06-2022
SHARP MEMORIAL HOSPITAL,50100,CA,READM-30-COPD-HRRP,103,0.9763,19.969,20.4537,19,01-07-2019,30-06-2022
SUTTER SOLANO MEDICAL CENTER,50101,CA,READM-30-COPD-HRRP,86,0.9911,15.6438,15.7843,13,01-07-2019,30-06-2022
SUTTER SOLANO MEDICAL CENTER,50101,CA,READM-30-CABG-HRRP,107,1.0622,22.0776,20.7839,28,01-07-2019,30-06-2022
SUTTER SOLANO MEDICAL CENTER,50101,CA,READM-30-HF-HRRP,50,1.1156,24.7949,22.226,20,01-07-2019,30-06-2022
SUTTER SOLANO MEDICAL CENTER,50101,CA,READM-30-HIP-KNEE-HRRP,73,1.005,15.9736,15.8933,12,01-07-2019,30-06-2022
PARKVIEW COMMUNITY HOSPITAL MEDICAL CENTER,50102,CA,READM-30-PN-HRRP,87,1.0356,24.7376,23.8861,24,01-07-2019,30-06-2022
PARKVIEW COMMUNITY HOSPITAL MEDICAL CENTER,50102,CA,READM-30-CABG-HRRP,116,0.9341,17.6041,18.8467,16,01-07-2019,30-06-2022
PARKVIEW COMMUNITY HOSPITAL MEDICAL CENTER,50102,CA,READM-30-HIP-KNEE-HRRP,581,1.0607,19.251,18.1486,116,01-07-2019,30-06-2022
WHITE MEMORIAL MEDICAL CENTER,50103,CA,READM-30-COPD-HRRP,894,0.7821,2.9853,3.8168,23,01-07-2019,30-06-2022
WHITE MEMORIAL MEDICAL CENTER,50103,CA,READM-30-CABG-HRRP,519,1.0903,21.8076,20.0022,119,01-07-2019,30-06-2022
WHITE MEMORIAL MEDICAL CENTER,50103,CA,READM-30-PN-HRRP,116,1.0165,20.611,20.276,25,01-07-2019,30-06-2022
WHITE MEMORIAL MEDICAL CENTER,50103,CA,READM-30-HF-HRRP,254,1.0439,13.7431,13.1647,37,01-07-2019,30-06-2022
WHITE MEMORIAL MEDICAL CENTER,50103,CA,READM-30-HIP-KNEE-HRRP,207,1.0317,17.323,16.7911,38,01-07-2019,30-06-2022
SAINT FRANCIS MEDICAL CENTER,50104,CA,READM-30-PN-HRRP,204,0.9128,18.1314,19.8635,31,01-07-2019,30-06-2022
SAINT FRANCIS MEDICAL CENTER,50104,CA,READM-30-HF-HRRP,69,1.0011,20.1843,20.1623,14,01-07-2019,30-06-2022
SAINT FRANCIS MEDICAL CENTER,50104,CA,READM-30-COPD-HRRP,89,1.0009,13.4353,13.4235,12,01-07-2019,30-06-2022
SAINT FRANCIS MEDICAL CENTER,50104,CA,READM-30-AMI-HRRP,308,0.9722,16.5356,17.0088,49,01-07-2019,30-06-2022
SAINT FRANCIS MEDICAL CENTER,50104,CA,READM-30-CABG-HRRP,184,1.0773,5.357,4.9727,11,01-07-2019,30-06-2022
SAINT FRANCIS MEDICAL CENTER,50104,CA,READM-30-HIP-KNEE-HRRP,498,1.1483,23.5995,20.551,127,01-07-2019,30-06-2022
MARIAN REGIONAL MEDICAL CENTER,50107,CA,READM-30-COPD-HRRP,178,1.0211,20.0141,19.5997,37,01-07-2019,30-06-2022
MARIAN REGIONAL MEDICAL CENTER,50107,CA,READM-30-CABG-HRRP,156,1.0423,15.3389,14.7164,26,01-07-2019,30-06-2022
MARIAN REGIONAL MEDICAL CENTER,50107,CA,READM-30-HF-HRRP,448,1.0119,16.7836,16.5855,76,01-07-2019,30-06-2022
MARIAN REGIONAL MEDICAL CENTER,50107,CA,READM-30-AMI-HRRP,381,0.9832,18.9289,19.2533,71,01-07-2019,30-06-2022
"SUTTER MEDICAL CENTER, SACRAMENTO",50108,CA,READM-30-HF-HRRP,91,0.9614,18.1871,18.9172,14,01-07-2019,30-06-2022
"SUTTER MEDICAL CENTER, SACRAMENTO",50108,CA,READM-30-AMI-HRRP,187,0.9537,11.3747,11.9267,19,01-07-2019,30-06-2022
"SUTTER MEDICAL CENTER, SACRAMENTO",50108,CA,READM-30-CABG-HRRP,275,0.9974,17.1571,17.2026,47,01-07-2019,30-06-2022
"SUTTER MEDICAL CENTER, SACRAMENTO",50108,CA,READM-30-PN-HRRP,250,1.0951,22.7156,20.7436,63,01-07-2019,30-06-2022
LOMPOC VALLEY MEDICAL CENTER,50110,CA,READM-30-HF-HRRP,94,1.0572,19.5184,18.4626,22,01-07-2019,30-06-2022
LOMPOC VALLEY MEDICAL CENTER,50110,CA,READM-30-CABG-HRRP,93,1.0713,17.7195,16.5404,20,01-07-2019,30-06-2022
LOMPOC VALLEY MEDICAL CENTER,50110,CA,READM-30-HIP-KNEE-HRRP,669,1.0332,17.0065,16.4599,116,01-07-2019,30-06-2022
LOMPOC VALLEY MEDICAL CENTER,50110,CA,READM-30-PN-HRRP,865,0.9335,5.0937,5.4563,43,01-07-2019,30-06-2022
LOMPOC VALLEY MEDICAL CENTER,50110,CA,READM-30-AMI-HRRP,791,1.0605,21.3715,20.1516,173,01-07-2019,30-06-2022
SANTA MONICA - UCLA MED CTR & ORTHOPAEDIC HOSPITAL,50112,CA,READM-30-HF-HRRP,130,0.9215,17.89,19.4145,18,01-07-2019,30-06-2022
SANTA MONICA - UCLA MED CTR & ORTHOPAEDIC HOSPITAL,50112,CA,READM-30-HIP-KNEE-HRRP,336,1.0165,12.8615,12.6532,44,01-07-2019,30-06-2022
SANTA MONICA - UCLA MED CTR & ORTHOPAEDIC HOSPITAL,50112,CA,READM-30-CABG-HRRP,126,1.0873,18.4378,16.958,29,01-07-2019,30-06-2022
SANTA MONICA - UCLA MED CTR & ORTHOPAEDIC HOSPITAL,50112,CA,READM-30-COPD-HRRP,56,1.0593,21.6356,20.4241,16,01-07-2019,30-06-2022
SAN MATEO MEDICAL CENTER,50113,CA,READM-30-PN-HRRP,128,1.0673,21.2925,19.9502,32,01-07-2019,30-06-2022
SAN MATEO MEDICAL CENTER,50113,CA,READM-30-COPD-HRRP,152,1.0184,22.8535,22.4408,36,01-07-2019,30-06-2022
SAN MATEO MEDICAL CENTER,50113,CA,READM-30-CABG-HRRP,62,1.0305,18.4417,17.8954,13,01-07-2019,30-06-2022
PALOMAR HEALTH DOWNTOWN CAMPUS,50115,CA,READM-30-HIP-KNEE-HRRP,54,1.0115,20.7762,20.5391,12,01-07-2019,30-06-2022
PALOMAR HEALTH DOWNTOWN CAMPUS,50115,CA,READM-30-HF-HRRP,140,1.1652,22.0855,18.9536,42,01-07-2019,30-06-2022
PALOMAR HEALTH DOWNTOWN CAMPUS,50115,CA,READM-30-AMI-HRRP,105,1.0338,15.9428,15.4213,19,01-07-2019,30-06-2022
PALOMAR HEALTH DOWNTOWN CAMPUS,50115,CA,READM-30-PN-HRRP,58,1.035,20.1818,19.4991,14,01-07-2019,30-06-2022
NORTHRIDGE HOSPITAL MEDICAL CENTER,50116,CA,READM-30-COPD-HRRP,126,1.1223,19.0437,16.9681,32,01-07-2019,30-06-2022
NORTHRIDGE HOSPITAL MEDICAL CENTER,50116,CA,READM-30-CABG-HRRP,188,1.0101,20.3884,20.185,39,01-07-2019,30-06-2022
NORTHRIDGE HOSPITAL MEDICAL CENTER,50116,CA,READM-30-PN-HRRP,70,1.0147,20.0538,19.7642,15,01-07-2019,30-06-2022
NORTHRIDGE HOSPITAL MEDICAL CENTER,50116,CA,READM-30-AMI-HRRP,160,0.9876,17.4186,17.6367,27,01-07-2019,30-06-2022
NORTHRIDGE HOSPITAL MEDICAL CENTER,50116,CA,READM-30-HF-HRRP,92,0.9768,17.9598,18.3865,15,01-07-2019,30-06-2022
DOCTORS HOSPITAL OF MANTECA,50118,CA,READM-30-PN-HRRP,240,1.0388,19.7144,18.9779,50,01-07-2019,30-06-2022
DOCTORS HOSPITAL OF MANTECA,50118,CA,READM-30-COPD-HRRP,582,0.8997,19.9497,22.1738,109,01-07-2019,30-06-2022
DOCTORS HOSPITAL OF MANTECA,50118,CA,READM-30-AMI-HRRP,145,1.0302,22.712,22.046,35,01-07-2019,30-06-2022
DOCTORS HOSPITAL OF MANTECA,50118,CA,READM-30-HIP-KNEE-HRRP,124,1.0573,16.2702,15.3888,23,01-07-2019,30-06-2022
ADVENTIST HEALTH HANFORD,50121,CA,READM-30-HIP-KNEE-HRRP,230,0.9401,14.8442,15.7909,30,01-07-2019,30-06-2022
ADVENTIST HEALTH HANFORD,50121,CA,READM-30-COPD-HRRP,290,0.9407,17.5691,18.6757,47,01-07-2019,30-06-2022
ADVENTIST HEALTH HANFORD,50121,CA,READM-30-CABG-HRRP,66,0.9722,19.504,20.0626,11,01-07-2019,30-06-2022
ADVENTIST HEALTH HANFORD,50121,CA,READM-30-PN-HRRP,118,0.9571,11.9596,12.4961,12,01-07-2019,30-06-2022
DAMERON HOSPITAL,50122,CA,READM-30-PN-HRRP,71,1.0574,18.4818,17.4786,17,01-07-2019,30-06-2022
DAMERON HOSPITAL,50122,CA,READM-30-HF-HRRP,55,1.0314,18.1875,17.634,12,01-07-2019,30-06-2022
DAMERON HOSPITAL,50122,CA,READM-30-AMI-HRRP,258,1.041,17.1525,16.4777,47,01-07-2019,30-06-2022
DAMERON HOSPITAL,50122,CA,READM-30-CABG-HRRP,268,1.0059,20.0036,19.8869,54,01-07-2019,30-06-2022
DAMERON HOSPITAL,50122,CA,READM-30-COPD-HRRP,95,0.9907,17.4673,17.6315,16,01-07-2019,30-06-2022
USC VERDUGO HILLS HOSPITAL,50124,CA,READM-30-HIP-KNEE-HRRP,1103,1.0621,20.732,19.5202,233,01-07-2019,30-06-2022
USC VERDUGO HILLS HOSPITAL,50124,CA,READM-30-HF-HRRP,649,0.98,4.9789,5.0804,32,01-07-2019,30-06-2022
USC VERDUGO HILLS HOSPITAL,50124,CA,READM-30-COPD-HRRP,1834,1.0115,22.3672,22.1126,411,01-07-2019,30-06-2022
USC VERDUGO HILLS HOSPITAL,50124,CA,READM-30-CABG-HRRP,218,1.0007,22.914,22.8983,50,01-07-2019,30-06-2022
USC VERDUGO HILLS HOSPITAL,50124,CA,READM-30-PN-HRRP,199,1.0312,11.6257,11.2742,24,01-07-2019,30-06-2022
USC VERDUGO HILLS HOSPITAL,50124,CA,READM-30-AMI-HRRP,491,0.9589,15.709,16.3826,75,01-07-2019,30-06-2022
REGIONAL MEDICAL CENTER OF SAN JOSE,50125,CA,READM-30-HF-HRRP,203,1.1292,17.1218,15.1626,43,01-07-2019,30-06-2022
REGIONAL MEDICAL CENTER OF SAN JOSE,50125,CA,READM-30-AMI-HRRP,158,1.0286,18.4609,17.9481,31,01-07-2019,30-06-2022
REGIONAL MEDICAL CENTER OF SAN JOSE,50125,CA,READM-30-PN-HRRP,153,0.9807,16.5585,16.884,24,01-07-2019,30-06-2022
VALLEY PRESBYTERIAN HOSPITAL,50126,CA,READM-30-COPD-HRRP,102,0.9761,19.2306,19.7016,18,01-07-2019,30-06-2022
VALLEY PRESBYTERIAN HOSPITAL,50126,CA,READM-30-PN-HRRP,263,0.9881,20.8654,21.1177,54,01-07-2019,30-06-2022
VALLEY PRESBYTERIAN HOSPITAL,50126,CA,READM-30-HIP-KNEE-HRRP,80,1.0237,22.9579,22.4271,20,01-07-2019,30-06-2022
WOODLAND MEMORIAL HOSPITAL,50127,CA,READM-30-HIP-KNEE-HRRP,210,0.9756,15.5565,15.9453,31,01-07-2019,30-06-2022
TRI-CITY MEDICAL CENTER,50128,CA,READM-30-CABG-HRRP,217,1.0182,20.6379,20.2684,46,01-07-2019,30-06-2022
TRI-CITY MEDICAL CENTER,50128,CA,READM-30-HF-HRRP,132,0.9834,15.0251,15.2784,19,01-07-2019,30-06-2022
ST BERNARDINE MEDICAL CENTER,50129,CA,READM-30-PN-HRRP,165,0.9925,15.4615,15.5788,25,01-07-2019,30-06-2022
ST BERNARDINE MEDICAL CENTER,50129,CA,READM-30-HIP-KNEE-HRRP,159,1.1119,21.3494,19.201,41,01-07-2019,30-06-2022
NOVATO COMMUNITY HOSPITAL,50131,CA,READM-30-HIP-KNEE-HRRP,167,1.0518,24.827,23.6043,45,01-07-2019,30-06-2022
NOVATO COMMUNITY HOSPITAL,50131,CA,READM-30-PN-HRRP,181,0.9822,16.7028,17.0061,29,01-07-2019,30-06-2022
SAN GABRIEL VALLEY MEDICAL CENTER,50132,CA,READM-30-HF-HRRP,139,1.1031,21.8666,19.8236,37,01-07-2019,30-06-2022
SAN GABRIEL VALLEY MEDICAL CENTER,50132,CA,READM-30-AMI-HRRP,257,1.0252,20.7047,20.1965,55,01-07-2019,30-06-2022
SAN GABRIEL VALLEY MEDICAL CENTER,50132,CA,READM-30-HIP-KNEE-HRRP,93,0.9748,22.3271,22.9053,19,01-07-2019,30-06-2022
ADVENTIST HEALTH AND RIDEOUT,50133,CA,READM-30-HF-HRRP,517,0.9717,3.7588,3.8684,19,01-07-2019,30-06-2022
ADVENTIST HEALTH AND RIDEOUT,50133,CA,READM-30-COPD-HRRP,163,1.1491,21.4943,18.7057,45,01-07-2019,30-06-2022
ADVENTIST HEALTH AND RIDEOUT,50133,CA,READM-30-HIP-KNEE-HRRP,181,1.0337,23.031,22.2794,44,01-07-2019,30-06-2022
ADVENTIST HEALTH AND RIDEOUT,50133,CA,READM-30-PN-HRRP,61,1.0857,23.4266,21.5769,20,01-07-2019,30-06-2022
ADVENTIST HEALTH AND RIDEOUT,50133,CA,READM-30-AMI-HRRP,82,0.9882,17.8236,18.0367,14,01-07-2019,30-06-2022
SOUTHERN CALIFORNIA HOSPITAL AT HOLLYWOOD,50135,CA,READM-30-AMI-HRRP,137,0.9956,17.744,17.8233,24,01-07-2019,30-06-2022
SOUTHERN CALIFORNIA HOSPITAL AT HOLLYWOOD,50135,CA,READM-30-CABG-HRRP,225,1.034,21.2176,20.5195,50,01-07-2019,30-06-2022
PETALUMA VALLEY HOSPITAL,50136,CA,READM-30-HIP-KNEE-HRRP,147,1.0109,15.278,15.1132,23,01-07-2019,30-06-2022
PETALUMA VALLEY HOSPITAL,50136,CA,READM-30-PN-HRRP,87,1.061,17.1963,16.2076,19,01-07-2019,30-06-2022
PETALUMA VALLEY HOSPITAL,50136,CA,READM-30-CABG-HRRP,74,0.9943,20.8047,20.9249,15,01-07-2019,30-06-2022
KAISER FOUNDATION HOSPITAL - PANORAMA CITY,50137,CA,READM-30-COPD-HRRP,213,1.0924,18.2477,16.7035,45,01-07-2019,30-06-2022
KAISER FOUNDATION HOSPITAL - PANORAMA CITY,50137,CA,READM-30-AMI-HRRP,163,1.071,21.1009,19.7028,39,01-07-2019,30-06-2022
KAISER FOUNDATION HOSPITAL - PANORAMA CITY,50137,CA,READM-30-HIP-KNEE-HRRP,78,1.0388,14.2713,13.7386,13,01-07-2019,30-06-2022
KAISER FOUNDATION HOSPITAL - LOS ANGELES,50138,CA,READM-30-COPD-HRRP,90,0.9662,21.7406,22.5009,17,01-07-2019,30-06-2022
KAISER FOUNDATION HOSPITAL - LOS ANGELES,50138,CA,READM-30-CABG-HRRP,255,1.154,25.1898,21.8277,75,01-07-2019,30-06-2022
KAISER FOUNDATION HOSPITAL - LOS ANGELES,50138,CA,READM-30-PN-HRRP,344,1.0712,25.8911,24.17,94,01-07-2019,30-06-2022
KAISER FOUNDATION HOSPITAL - LOS ANGELES,50138,CA,READM-30-AMI-HRRP,118,1.0505,25.8182,24.5779,34,01-07-2019,30-06-2022
KAISER FOUNDATION HOSPITAL - LOS ANGELES,50138,CA,READM-30-HF-HRRP,75,1.1032,23.4093,21.2202,23,01-07-2019,30-06-2022
KAISER FOUNDATION HOSPITAL - LOS ANGELES,50138,CA,READM-30-HIP-KNEE-HRRP,163,1.0309,19.5302,18.9446,34,01-07-2019,30-06-2022
KAISER FOUNDATION HOSPITAL - DOWNEY,50139,CA,READM-30-HF-HRRP,121,1.047,21.3809,20.4207,29,01-07-2019,30-06-2022
KAISER FOUNDATION HOSPITAL FONTANA/ONTARIO,50140,CA,READM-30-COPD-HRRP,93,1.0019,18.1367,18.1025,17,01-07-2019,30-06-2022
KAISER FOUNDATION HOSPITAL FONTANA/ONTARIO,50140,CA,READM-30-PN-HRRP,268,1.045,23.3903,22.3821,66,01-07-2019,30-06-2022
COMMUNITY HOSPITAL OF THE MONTEREY PENINSULA,50145,CA,READM-30-PN-HRRP,191,1.0963,24.911,22.722,54,01-07-2019,30-06-2022
COMMUNITY HOSPITAL OF THE MONTEREY PENINSULA,50145,CA,READM-30-COPD-HRRP,56,1.0936,18.6398,17.0447,15,01-07-2019,30-06-2022
COMMUNITY HOSPITAL OF THE MONTEREY PENINSULA,50145,CA,READM-30-AMI-HRRP,151,0.996,18.7335,18.8096,28,01-07-2019,30-06-2022
COMMUNITY HOSPITAL OF THE MONTEREY PENINSULA,50145,CA,READM-30-HIP-KNEE-HRRP,104,1.0328,22.8529,22.1266,26,01-07-2019,30-06-2022
CALIFORNIA HOSPITAL MEDICAL CENTER LA,50149,CA,READM-30-COPD-HRRP,101,1.1279,22.1138,19.6056,31,01-07-2019,30-06-2022
CALIFORNIA HOSPITAL MEDICAL CENTER LA,50149,CA,READM-30-HF-HRRP,226,1.0375,18.7627,18.085,45,01-07-2019,30-06-2022
CALIFORNIA HOSPITAL MEDICAL CENTER LA,50149,CA,READM-30-AMI-HRRP,467,1.0653,21.5713,20.2483,105,01-07-2019,30-06-2022
SIERRA NEVADA MEMORIAL HOSPITAL,50150,CA,READM-30-COPD-HRRP,116,0.9424,17.9339,19.029,17,01-07-2019,30-06-2022
SIERRA NEVADA MEMORIAL HOSPITAL,50150,CA,READM-30-HF-HRRP,114,1.0501,15.3935,14.6589,20,01-07-2019,30-06-2022
SIERRA NEVADA MEMORIAL HOSPITAL,50150,CA,READM-30-HIP-KNEE-HRRP,282,1.1382,21.1931,18.6202,69,01-07-2019,30-06-2022
SIERRA NEVADA MEMORIAL HOSPITAL,50150,CA,READM-30-CABG-HRRP,141,1.0405,21.5267,20.6886,33,01-07-2019,30-06-2022
SIERRA NEVADA MEMORIAL HOSPITAL,50150,CA,READM-30-PN-HRRP,362,0.9446,15.7068,16.6288,53,01-07-2019,30-06-2022
SAINT FRANCIS MEMORIAL HOSPITAL,50152,CA,READM-30-COPD-HRRP,234,1.0741,4.2375,3.9449,11,01-07-2019,30-06-2022
SAINT FRANCIS MEMORIAL HOSPITAL,50152,CA,READM-30-CABG-HRRP,380,1.0282,18.9951,18.4749,74,01-07-2019,30-06-2022
SAINT FRANCIS MEMORIAL HOSPITAL,50152,CA,READM-30-HF-HRRP,159,1.1014,20.5163,18.6278,39,01-07-2019,30-06-2022
SAINT FRANCIS MEMORIAL HOSPITAL,50152,CA,READM-30-AMI-HRRP,98,1.0412,13.0974,12.5798,14,01-07-2019,30-06-2022
SAINT FRANCIS MEMORIAL HOSPITAL,50152,CA,READM-30-PN-HRRP,172,0.9677,13.1294,13.568,21,01-07-2019,30-06-2022
ENCINO HOSPITAL MEDICAL CENTER,50158,CA,READM-30-PN-HRRP,1037,0.7871,3.5333,4.4891,33,01-07-2019,30-06-2022
ENCINO HOSPITAL MEDICAL CENTER,50158,CA,READM-30-HF-HRRP,158,1.0642,17.5296,16.4728,32,01-07-2019,30-06-2022
ENCINO HOSPITAL MEDICAL CENTER,50158,CA,READM-30-COPD-HRRP,222,1.0355,20.1179,19.4282,47,01-07-2019,30-06-2022
ENCINO HOSPITAL MEDICAL CENTER,50158,CA,READM-30-AMI-HRRP,87,0.9752,17.9384,18.3947,14,01-07-2019,30-06-2022
ENCINO HOSPITAL MEDICAL CENTER,50158,CA,READM-30-HIP-KNEE-HRRP,142,1,14.0839,14.0837,20,01-07-2019,30-06-2022
VENTURA COUNTY MEDICAL CENTER,50159,CA,READM-30-COPD-HRRP,116,1.0055,22.9147,22.7886,27,01-07-2019,30-06-2022
VENTURA COUNTY MEDICAL CENTER,50159,CA,READM-30-CABG-HRRP,62,1.0239,24.7031,24.1262,17,01-07-2019,30-06-2022
VENTURA COUNTY MEDICAL CENTER,50159,CA,READM-30-PN-HRRP,184,1.0362,16.0816,15.5192,32,01-07-2019,30-06-2022
VENTURA COUNTY MEDICAL CENTER,50159,CA,READM-30-HF-HRRP,306,0.9569,19.5875,20.4694,57,01-07-2019,30-06-2022
SAN JOAQUIN GENERAL HOSPITAL,50167,CA,READM-30-HF-HRRP,148,1.0882,14.1059,12.9626,25,01-07-2019,30-06-2022
SAN JOAQUIN GENERAL HOSPITAL,50167,CA,READM-30-HIP-KNEE-HRRP,63,1.032,20.2107,19.5835,15,01-07-2019,30-06-2022
PROVIDENCE ST. JUDE MEDICAL CENTER,50168,CA,READM-30-COPD-HRRP,94,1.1079,22.3949,20.2147,28,01-07-2019,30-06-2022
PROVIDENCE ST. JUDE MEDICAL CENTER,50168,CA,READM-30-CABG-HRRP,140,1.0246,22.2853,21.751,33,01-07-2019,30-06-2022
PIH HEALTH HOSPITAL-WHITTIER,50169,CA,READM-30-AMI-HRRP,53,1.0652,18.6591,17.5162,14,01-07-2019,30-06-2022
PIH HEALTH HOSPITAL-WHITTIER,50169,CA,READM-30-PN-HRRP,60,1.0129,18.5967,18.359,12,01-07-2019,30-06-2022
PROVIDENCE SANTA ROSA MEMORIAL HOSPITAL,50174,CA,READM-30-COPD-HRRP,151,0.9145,15.2478,16.6732,17,01-07-2019,30-06-2022
PROVIDENCE SANTA ROSA MEMORIAL HOSPITAL,50174,CA,READM-30-HIP-KNEE-HRRP,176,0.9717,18.685,19.2293,31,01-07-2019,30-06-2022
EMANUEL MEDICAL CENTER,50179,CA,READM-30-HF-HRRP,121,0.9376,11.6208,12.3939,11,01-07-2019,30-06-2022
EMANUEL MEDICAL CENTER,50179,CA,READM-30-HIP-KNEE-HRRP,104,1.0146,14.4656,14.2579,16,01-07-2019,30-06-2022
EMANUEL MEDICAL CENTER,50179,CA,READM-30-CABG-HRRP,68,0.9971,19.3971,19.4532,13,01-07-2019,30-06-2022
JOHN MUIR MEDICAL CENTER - WALNUT CREEK CAMPUS,50180,CA,READM-30-HF-HRRP,75,0.987,17.1127,17.3374,12,01-07-2019,30-06-2022
ST MARY MEDICAL CENTER,50191,CA,READM-30-AMI-HRRP,175,0.9376,14.4587,15.4211,21,01-07-2019,30-06-2022
ST MARY MEDICAL CENTER,50191,CA,READM-30-CABG-HRRP,230,0.8917,16.2352,18.2068,30,01-07-2019,30-06-2022
ST MARY MEDICAL CENTER,50191,CA,READM-30-PN-HRRP,56,1.009,18.6272,18.4616,11,01-07-2019,30-06-2022
ADVENTIST HEALTH REEDLEY,50192,CA,READM-30-COPD-HRRP,277,0.9086,14.2226,15.6528,33,01-07-2019,30-06-2022
ADVENTIST HEALTH REEDLEY,50192,CA,READM-30-CABG-HRRP,741,0.936,3.6441,3.8935,26,01-07-2019,30-06-2022
ADVENTIST HEALTH REEDLEY,50192,CA,READM-30-PN-HRRP,258,0.9421,17.7819,18.8749,42,01-07-2019,30-06-2022
WATSONVILLE COMMUNITY HOSPITAL,50194,CA,READM-30-PN-HRRP,54,1.0188,21.7112,21.3109,13,01-07-2019,30-06-2022
WATSONVILLE COMMUNITY HOSPITAL,50194,CA,READM-30-HIP-KNEE-HRRP,173,0.8244,15.8938,19.2792,15,01-07-2019,30-06-2022
WASHINGTON HOSPITAL,50195,CA,READM-30-AMI-HRRP,131,1.0337,16.5828,16.0424,24,01-07-2019,30-06-2022
SEQUOIA HOSPITAL,50197,CA,READM-30-PN-HRRP,190,0.8519,15.9405,18.7108,20,01-07-2019,30-06-2022
SEQUOIA HOSPITAL,50197,CA,READM-30-CABG-HRRP,200,0.8871,10.3379,11.653,15,01-07-2019,30-06-2022
SEQUOIA HOSPITAL,50197,CA,READM-30-COPD-HRRP,224,0.9576,16.0432,16.7538,33,01-07-2019,30-06-2022
PALMDALE REGIONAL MEDICAL CENTER,50204,CA,READM-30-HIP-KNEE-HRRP,306,0.9313,18.1871,19.5282,51,01-07-2019,30-06-2022
PALMDALE REGIONAL MEDICAL CENTER,50204,CA,READM-30-HF-HRRP,175,1.0259,18.4986,18.0322,34,01-07-2019,30-06-2022
PALMDALE REGIONAL MEDICAL CENTER,50204,CA,READM-30-CABG-HRRP,185,1.0366,13.1144,12.6519,26,01-07-2019,30-06-2022
PALMDALE REGIONAL MEDICAL CENTER,50204,CA,READM-30-PN-HRRP,378,0.9034,14.5015,16.0525,48,01-07-2019,30-06-2022
ALAMEDA HOSPITAL,50211,CA,READM-30-HF-HRRP,517,0.8603,16.5828,19.275,76,01-07-2019,30-06-2022
ALAMEDA HOSPITAL,50211,CA,READM-30-HIP-KNEE-HRRP,125,0.9728,19.0303,19.562,22,01-07-2019,30-06-2022
ALAMEDA HOSPITAL,50211,CA,READM-30-CABG-HRRP,282,0.8941,10.3835,11.6135,24,01-07-2019,30-06-2022
ALAMEDA HOSPITAL,50211,CA,READM-30-PN-HRRP,162,0.9397,14.9282,15.8867,20,01-07-2019,30-06-2022
SHARP CHULA VISTA MEDICAL CENTER,50222,CA,READM-30-COPD-HRRP,184,1.0148,19.0445,18.7673,36,01-07-2019,30-06-2022
SHARP CHULA VISTA MEDICAL CENTER,50222,CA,READM-30-AMI-HRRP,256,0.9247,10.025,10.8411,22,01-07-2019,30-06-2022
SHARP CHULA VISTA MEDICAL CENTER,50222,CA,READM-30-PN-HRRP,307,0.8745,16.3844,18.7348,41,01-07-2019,30-06-2022
HOAG MEMORIAL HOSPITAL PRESBYTERIAN,50224,CA,READM-30-PN-HRRP,396,0.9425,20.1947,21.4258,76,01-07-2019,30-06-2022
HOAG MEMORIAL HOSPITAL PRESBYTERIAN,50224,CA,READM-30-HF-HRRP,121,0.9532,20.0124,20.9959,21,01-07-2019,30-06-2022
HOAG MEMORIAL HOSPITAL PRESBYTERIAN,50224,CA,READM-30-AMI-HRRP,126,0.9933,12.954,13.0407,16,01-07-2019,30-06-2022
HOAG MEMORIAL HOSPITAL PRESBYTERIAN,50224,CA,READM-30-CABG-HRRP,166,0.9987,15.1143,15.1347,25,01-07-2019,30-06-2022
HOAG MEMORIAL HOSPITAL PRESBYTERIAN,50224,CA,READM-30-HIP-KNEE-HRRP,221,1.1718,4.7836,4.0821,13,01-07-2019,30-06-2022
AHMC ANAHEIM REGIONAL MEDICAL CENTER,50226,CA,READM-30-COPD-HRRP,206,1.0197,17.8386,17.4938,38,01-07-2019,30-06-2022
AHMC ANAHEIM REGIONAL MEDICAL CENTER,50226,CA,READM-30-AMI-HRRP,86,1.1192,12.3852,11.0657,16,01-07-2019,30-06-2022
AHMC ANAHEIM REGIONAL MEDICAL CENTER,50226,CA,READM-30-HF-HRRP,70,0.9823,17.4823,17.7969,11,01-07-2019,30-06-2022
ZUCKERBERG SAN FRANCISCO GENERAL HOSP & TRAUMA CTR,50228,CA,READM-30-HF-HRRP,98,0.9321,18.9943,20.3771,14,01-07-2019,30-06-2022
ZUCKERBERG SAN FRANCISCO GENERAL HOSP & TRAUMA CTR,50228,CA,READM-30-CABG-HRRP,77,0.9733,16.5127,16.9654,11,01-07-2019,30-06-2022
GARDEN GROVE HOSPITAL & MEDICAL CENTER,50230,CA,READM-30-COPD-HRRP,378,0.8616,12.8999,14.9723,39,01-07-2019,30-06-2022
GARDEN GROVE HOSPITAL & MEDICAL CENTER,50230,CA,READM-30-HIP-KNEE-HRRP,703,0.9347,3.5595,3.808,24,01-07-2019,30-06-2022
GARDEN GROVE HOSPITAL & MEDICAL CENTER,50230,CA,READM-30-CABG-HRRP,514,0.8523,15.6065,18.3107,70,01-07-2019,30-06-2022
GARDEN GROVE HOSPITAL & MEDICAL CENTER,50230,CA,READM-30-HF-HRRP,129,0.9861,16.9639,17.2031,21,01-07-2019,30-06-2022
POMONA VALLEY HOSPITAL MEDICAL CENTER,50231,CA,READM-30-HF-HRRP,282,0.9609,10.9478,11.3931,29,01-07-2019,30-06-2022
POMONA VALLEY HOSPITAL MEDICAL CENTER,50231,CA,READM-30-COPD-HRRP,122,1.0883,17.3787,15.9685,27,01-07-2019,30-06-2022
POMONA VALLEY HOSPITAL MEDICAL CENTER,50231,CA,READM-30-CABG-HRRP,165,0.9801,18.9824,19.3673,30,01-07-2019,30-06-2022
POMONA VALLEY HOSPITAL MEDICAL CENTER,50231,CA,READM-30-PN-HRRP,236,0.9631,16.3431,16.9686,36,01-07-2019,30-06-2022
FRENCH HOSPITAL MEDICAL CENTER,50232,CA,READM-30-COPD-HRRP,203,0.9358,18.3949,19.6559,33,01-07-2019,30-06-2022
SHARP CORONADO HOSPITAL AND HLTHCR CTR,50234,CA,READM-30-COPD-HRRP,89,0.969,14.7224,15.1938,11,01-07-2019,30-06-2022
PROVIDENCE SAINT JOSEPH MEDICAL CTR,50235,CA,READM-30-HIP-KNEE-HRRP,110,0.9536,16.3845,17.181,15,01-07-2019,30-06-2022
PROVIDENCE SAINT JOSEPH MEDICAL CTR,50235,CA,READM-30-HF-HRRP,50,1.0255,18.4792,18.0202,11,01-07-2019,30-06-2022
PROVIDENCE SAINT JOSEPH MEDICAL CTR,50235,CA,READM-30-AMI-HRRP,87,1.0224,20.156,19.7135,19,01-07-2019,30-06-2022
SIMI VALLEY HOSPITAL & HEALTH CARE SERVICES,50236,CA,READM-30-CABG-HRRP,52,1.0265,17.8932,17.4319,11,01-07-2019,30-06-2022
USC ARCADIA HOSPITAL,50238,CA,READM-30-COPD-HRRP,76,0.9814,18.7145,19.0692,13,01-07-2019,30-06-2022
GLENDALE ADVENTIST MEDICAL CENTER,50239,CA,READM-30-COPD-HRRP,187,0.9736,15.401,15.8189,27,01-07-2019,30-06-2022
GLENDALE ADVENTIST MEDICAL CENTER,50239,CA,READM-30-CABG-HRRP,238,0.9287,18.4275,19.8422,39,01-07-2019,30-06-2022
DOMINICAN HOSPITAL,50242,CA,READM-30-COPD-HRRP,96,0.9747,12.7433,13.0743,11,01-07-2019,30-06-2022
DOMINICAN HOSPITAL,50242,CA,READM-30-AMI-HRRP,123,0.9717,15.3875,15.8357,17,01-07-2019,30-06-2022
DESERT REGIONAL MEDICAL CENTER,50243,CA,READM-30-COPD-HRRP,151,0.9187,18.2484,19.8628,22,01-07-2019,30-06-2022
DESERT REGIONAL MEDICAL CENTER,50243,CA,READM-30-HF-HRRP,51,1.0686,20.8588,19.5198,15,01-07-2019,30-06-2022
DESERT REGIONAL MEDICAL CENTER,50243,CA,READM-30-AMI-HRRP,177,1.0085,17.7476,17.5981,32,01-07-2019,30-06-2022
DESERT REGIONAL MEDICAL CENTER,50243,CA,READM-30-HIP-KNEE-HRRP,182,0.9666,19.9237,20.6119,34,01-07-2019,30-06-2022
ARROWHEAD REGIONAL MEDICAL CENTER,50245,CA,READM-30-HF-HRRP,192,1.0309,16.6226,16.1238,34,01-07-2019,30-06-2022
ARROWHEAD REGIONAL MEDICAL CENTER,50245,CA,READM-30-PN-HRRP,250,0.9966,18.4883,18.5509,46,01-07-2019,30-06-2022
ARROWHEAD REGIONAL MEDICAL CENTER,50245,CA,READM-30-AMI-HRRP,53,1.0439,19.2341,18.4257,13,01-07-2019,30-06-2022
NATIVIDAD MEDICAL CENTER,50248,CA,READM-30-HIP-KNEE-HRRP,136,0.9209,14.363,15.5972,14,01-07-2019,30-06-2022
NATIVIDAD MEDICAL CENTER,50248,CA,READM-30-CABG-HRRP,146,0.9329,17.4587,18.7146,21,01-07-2019,30-06-2022
MARSHALL MEDICAL CENTER,50254,CA,READM-30-CABG-HRRP,86,0.9883,17.1614,17.3648,14,01-07-2019,30-06-2022
MARSHALL MEDICAL CENTER,50254,CA,READM-30-HIP-KNEE-HRRP,200,0.9587,16.4395,17.1483,30,01-07-2019,30-06-2022
GOOD SAMARITAN HOSPITAL,50257,CA,READM-30-HF-HRRP,266,0.8887,17.5535,19.7515,39,01-07-2019,30-06-2022
GOOD SAMARITAN HOSPITAL,50257,CA,READM-30-COPD-HRRP,68,0.9952,21.0687,21.1713,14,01-07-2019,30-06-2022
GOOD SAMARITAN HOSPITAL,50257,CA,READM-30-AMI-HRRP,144,1.1199,11.6803,10.43,20,01-07-2019,30-06-2022
GOOD SAMARITAN HOSPITAL,50257,CA,READM-30-CABG-HRRP,325,0.979,11.388,11.6329,36,01-07-2019,30-06-2022
SIERRA VIEW MEDICAL CENTER,50261,CA,READM-30-HIP-KNEE-HRRP,108,0.9366,16.8612,18.0033,14,01-07-2019,30-06-2022
RONALD REAGAN UCLA MEDICAL CENTER,50262,CA,READM-30-CABG-HRRP,84,1.0054,16.2402,16.1537,14,01-07-2019,30-06-2022
RONALD REAGAN UCLA MEDICAL CENTER,50262,CA,READM-30-HIP-KNEE-HRRP,110,0.9093,17.4314,19.1711,13,01-07-2019,30-06-2022
REDLANDS COMMUNITY HOSPITAL,50272,CA,READM-30-CABG-HRRP,95,1.0176,16.6339,16.3457,17,01-07-2019,30-06-2022
REDLANDS COMMUNITY HOSPITAL,50272,CA,READM-30-PN-HRRP,119,0.9313,18.1938,19.5354,17,01-07-2019,30-06-2022
CONTRA COSTA REGIONAL MEDICAL CENTER,50276,CA,READM-30-HF-HRRP,279,1.0612,17.8887,16.8564,54,01-07-2019,30-06-2022
CONTRA COSTA REGIONAL MEDICAL CENTER,50276,CA,READM-30-COPD-HRRP,377,0.9634,4.6609,4.8379,17,01-07-2019,30-06-2022
CONTRA COSTA REGIONAL MEDICAL CENTER,50276,CA,READM-30-AMI-HRRP,890,0.9155,18.6312,20.3502,160,01-07-2019,30-06-2022
CONTRA COSTA REGIONAL MEDICAL CENTER,50276,CA,READM-30-CABG-HRRP,138,0.9578,19.4362,20.2922,24,01-07-2019,30-06-2022
CONTRA COSTA REGIONAL MEDICAL CENTER,50276,CA,READM-30-HIP-KNEE-HRRP,97,1.0556,12.8467,12.1704,14,01-07-2019,30-06-2022
CONTRA COSTA REGIONAL MEDICAL CENTER,50276,CA,READM-30-PN-HRRP,279,1.0604,14.0307,13.2316,42,01-07-2019,30-06-2022
PROVIDENCE HOLY CROSS MEDICAL CENTER,50278,CA,READM-30-HF-HRRP,98,0.9531,14.4651,15.1769,11,01-07-2019,30-06-2022
PROVIDENCE HOLY CROSS MEDICAL CENTER,50278,CA,READM-30-CABG-HRRP,133,1.18,23.1265,19.5983,42,01-07-2019,30-06-2022
PROVIDENCE HOLY CROSS MEDICAL CENTER,50278,CA,READM-30-HIP-KNEE-HRRP,74,1.0262,16.7283,16.3015,14,01-07-2019,30-06-2022
PROVIDENCE HOLY CROSS MEDICAL CENTER,50278,CA,READM-30-PN-HRRP,107,1.0327,14.8274,14.3576,18,01-07-2019,30-06-2022
HI-DESERT MEDICAL CENTER,50279,CA,READM-30-HF-HRRP,112,0.9615,17.4529,18.1511,17,01-07-2019,30-06-2022
HI-DESERT MEDICAL CENTER,50279,CA,READM-30-HIP-KNEE-HRRP,238,1.0303,17.6248,17.1056,44,01-07-2019,30-06-2022
HI-DESERT MEDICAL CENTER,50279,CA,READM-30-COPD-HRRP,342,1.0946,22.4756,20.5328,83,01-07-2019,30-06-2022
HI-DESERT MEDICAL CENTER,50279,CA,READM-30-PN-HRRP,93,0.9592,19.0519,19.8613,15,01-07-2019,30-06-2022
MERCY MEDICAL CENTER REDDING,50280,CA,READM-30-HIP-KNEE-HRRP,85,1.0146,15.6204,15.396,14,01-07-2019,30-06-2022
MERCY MEDICAL CENTER REDDING,50280,CA,READM-30-COPD-HRRP,353,0.9595,15.2347,15.8783,51,01-07-2019,30-06-2022
MERCY MEDICAL CENTER REDDING,50280,CA,READM-30-CABG-HRRP,464,0.9897,18.0338,18.2221,83,01-07-2019,30-06-2022
MERCY MEDICAL CENTER REDDING,50280,CA,READM-30-AMI-HRRP,71,1.072,22.8827,21.3456,21,01-07-2019,30-06-2022
ALHAMBRA HOSPITAL MEDICAL CENTER,50281,CA,READM-30-COPD-HRRP,125,0.9802,12.7793,13.0376,15,01-07-2019,30-06-2022
ALHAMBRA HOSPITAL MEDICAL CENTER,50281,CA,READM-30-AMI-HRRP,391,0.9971,16.6752,16.724,65,01-07-2019,30-06-2022
ALHAMBRA HOSPITAL MEDICAL CENTER,50281,CA,READM-30-PN-HRRP,440,0.9272,19.0939,20.5938,79,01-07-2019,30-06-2022
ALHAMBRA HOSPITAL MEDICAL CENTER,50281,CA,READM-30-HIP-KNEE-HRRP,112,0.9329,18.3518,19.6718,16,01-07-2019,30-06-2022
STANFORD HEALTH CARE - VALLEYCARE,50283,CA,READM-30-COPD-HRRP,94,1.0393,14.9591,14.394,16,01-07-2019,30-06-2022
STANFORD HEALTH CARE - VALLEYCARE,50283,CA,READM-30-PN-HRRP,74,0.9898,19.8351,20.0391,14,01-07-2019,30-06-2022
STANFORD HEALTH CARE - VALLEYCARE,50283,CA,READM-30-HF-HRRP,506,1.103,18.6171,16.8778,101,01-07-2019,30-06-2022
AHMC SETON MEDICAL CENTER,50289,CA,READM-30-PN-HRRP,645,0.9602,19.0199,19.8082,120,01-07-2019,30-06-2022
AHMC SETON MEDICAL CENTER,50289,CA,READM-30-HF-HRRP,103,1.0045,19.1307,19.0444,20,01-07-2019,30-06-2022
AHMC SETON MEDICAL CENTER,50289,CA,READM-30-AMI-HRRP,131,0.9721,12.4881,12.8463,15,01-07-2019,30-06-2022
AHMC SETON MEDICAL CENTER,50289,CA,READM-30-CABG-HRRP,278,1.13,19.2251,17.0127,62,01-07-2019,30-06-2022
SAINT JOHN'S HEALTH CENTER,50290,CA,READM-30-HIP-KNEE-HRRP,183,1.051,21.6611,20.609,43,01-07-2019,30-06-2022
SAINT JOHN'S HEALTH CENTER,50290,CA,READM-30-COPD-HRRP,134,1.1062,23.9798,21.6781,39,01-07-2019,30-06-2022
SAINT JOHN'S HEALTH CENTER,50290,CA,READM-30-CABG-HRRP,214,0.8945,15.2048,16.9977,25,01-07-2019,30-06-2022
SAINT JOHN'S HEALTH CENTER,50290,CA,READM-30-HF-HRRP,288,1.0158,20.1251,19.8125,59,01-07-2019,30-06-2022
SAINT JOHN'S HEALTH CENTER,50290,CA,READM-30-PN-HRRP,113,0.9103,18.7327,20.5791,15,01-07-2019,30-06-2022
SUTTER SANTA ROSA REGIONAL HOSPITAL,50291,CA,READM-30-PN-HRRP,284,0.9717,15.826,16.2872,43,01-07-2019,30-06-2022
SUTTER SANTA ROSA REGIONAL HOSPITAL,50291,CA,READM-30-HF-HRRP,335,1.0956,4.9549,4.5225,18,01-07-2019,30-06-2022
SUTTER SANTA ROSA REGIONAL HOSPITAL,50291,CA,READM-30-AMI-HRRP,294,0.9759,18.9137,19.3805,54,01-07-2019,30-06-2022
SUTTER SANTA ROSA REGIONAL HOSPITAL,50291,CA,READM-30-CABG-HRRP,115,1.1026,21.3103,19.3266,31,01-07-2019,30-06-2022
SUTTER SANTA ROSA REGIONAL HOSPITAL,50291,CA,READM-30-COPD-HRRP,380,0.9898,15.9719,16.1361,60,01-07-2019,30-06-2022
SUTTER SANTA ROSA REGIONAL HOSPITAL,50291,CA,READM-30-HIP-KNEE-HRRP,586,0.7226,2.8825,3.9893,12,01-07-2019,30-06-2022
RIVERSIDE UNIVERSITY HEALTH SYSTEM-MEDICAL CENTER,50292,CA,READM-30-HIP-KNEE-HRRP,377,1.0692,20.0458,18.7478,80,01-07-2019,30-06-2022
RIVERSIDE UNIVERSITY HEALTH SYSTEM-MEDICAL CENTER,50292,CA,READM-30-HF-HRRP,68,1.0346,17.4338,16.8516,14,01-07-2019,30-06-2022
RIVERSIDE UNIVERSITY HEALTH SYSTEM-MEDICAL CENTER,50292,CA,READM-30-CABG-HRRP,477,1.0762,15.5384,14.4385,79,01-07-2019,30-06-2022
RIVERSIDE UNIVERSITY HEALTH SYSTEM-MEDICAL CENTER,50292,CA,READM-30-AMI-HRRP,391,1.0851,19.3565,17.8389,81,01-07-2019,30-06-2022
MERCY HOSPITAL,50295,CA,READM-30-HF-HRRP,168,1.1032,20.5341,18.6135,41,01-07-2019,30-06-2022
MERCY HOSPITAL,50295,CA,READM-30-AMI-HRRP,89,0.9985,15.8443,15.8682,14,01-07-2019,30-06-2022
MERCY HOSPITAL,50295,CA,READM-30-PN-HRRP,120,0.9801,18.595,18.9718,21,01-07-2019,30-06-2022
MERCY HOSPITAL,50295,CA,READM-30-COPD-HRRP,49,1.0371,17.7916,17.1554,11,01-07-2019,30-06-2022
BARSTOW COMMUNITY HOSPITAL,50298,CA,READM-30-COPD-HRRP,450,0.9324,13.8776,14.8832,59,01-07-2019,30-06-2022
BARSTOW COMMUNITY HOSPITAL,50298,CA,READM-30-CABG-HRRP,1060,1.0414,18.6948,17.9522,201,01-07-2019,30-06-2022
BARSTOW COMMUNITY HOSPITAL,50298,CA,READM-30-HF-HRRP,169,1.2528,5.638,4.5005,13,01-07-2019,30-06-2022
BARSTOW COMMUNITY HOSPITAL,50298,CA,READM-30-AMI-HRRP,1332,1.0587,21.5581,20.3635,291,01-07-2019,30-06-2022
BARSTOW COMMUNITY HOSPITAL,50298,CA,READM-30-PN-HRRP,163,0.9557,19.6332,20.5425,29,01-07-2019,30-06-2022
BARSTOW COMMUNITY HOSPITAL,50298,CA,READM-30-HIP-KNEE-HRRP,167,0.9881,12.184,12.3309,20,01-07-2019,30-06-2022
ST MARY MEDICAL CENTER,50300,CA,READM-30-PN-HRRP,379,0.9339,16.2761,17.4278,57,01-07-2019,30-06-2022
ST MARY MEDICAL CENTER,50300,CA,READM-30-HF-HRRP,185,1.1671,5.7379,4.9166,13,01-07-2019,30-06-2022
ST MARY MEDICAL CENTER,50300,CA,READM-30-COPD-HRRP,360,0.9941,19.832,19.9506,71,01-07-2019,30-06-2022
ST MARY MEDICAL CENTER,50300,CA,READM-30-AMI-HRRP,174,1.0977,19.532,17.7931,40,01-07-2019,30-06-2022
ST MARY MEDICAL CENTER,50300,CA,READM-30-CABG-HRRP,472,1.0122,16.773,16.5706,80,01-07-2019,30-06-2022
ST MARY MEDICAL CENTER,50300,CA,READM-30-HIP-KNEE-HRRP,686,0.9211,4.1177,4.4702,27,01-07-2019,30-06-2022
ADVENTIST HEALTH UKIAH VALLEY,50301,CA,READM-30-COPD-HRRP,1137,1.1632,23.1941,19.9405,274,01-07-2019,30-06-2022
ADVENTIST HEALTH UKIAH VALLEY,50301,CA,READM-30-CABG-HRRP,158,1.0775,20.291,18.8314,37,01-07-2019,30-06-2022
ADVENTIST HEALTH UKIAH VALLEY,50301,CA,READM-30-PN-HRRP,228,0.9549,11.5424,12.088,25,01-07-2019,30-06-2022
ADVENTIST HEALTH UKIAH VALLEY,50301,CA,READM-30-AMI-HRRP,555,0.9003,12.4533,13.8318,64,01-07-2019,30-06-2022
ADVENTIST HEALTH UKIAH VALLEY,50301,CA,READM-30-HF-HRRP,243,0.9653,15.3827,15.9364,35,01-07-2019,30-06-2022
ALTA BATES SUMMIT MEDICAL CENTER - ALTA BATES CAMP,50305,CA,READM-30-PN-HRRP,153,1.0202,18.7599,18.3892,30,01-07-2019,30-06-2022
ALTA BATES SUMMIT MEDICAL CENTER - ALTA BATES CAMP,50305,CA,READM-30-HF-HRRP,55,1.0325,18.1002,17.53,12,01-07-2019,30-06-2022
ALTA BATES SUMMIT MEDICAL CENTER - ALTA BATES CAMP,50305,CA,READM-30-HIP-KNEE-HRRP,263,1.039,16.503,15.8838,46,01-07-2019,30-06-2022
ALTA BATES SUMMIT MEDICAL CENTER - ALTA BATES CAMP,50305,CA,READM-30-AMI-HRRP,349,1.019,19.413,19.0506,69,01-07-2019,30-06-2022
ALTA BATES SUMMIT MEDICAL CENTER - ALTA BATES CAMP,50305,CA,READM-30-CABG-HRRP,84,0.9792,18.3192,18.7093,14,01-07-2019,30-06-2022
EL CAMINO HOSPITAL,50308,CA,READM-30-HIP-KNEE-HRRP,179,1.0705,14.3337,13.3898,29,01-07-2019,30-06-2022
EL CAMINO HOSPITAL,50308,CA,READM-30-CABG-HRRP,125,0.9627,15.6775,16.2851,17,01-07-2019,30-06-2022
EL CAMINO HOSPITAL,50308,CA,READM-30-HF-HRRP,141,0.9759,18.1421,18.5906,24,01-07-2019,30-06-2022
EL CAMINO HOSPITAL,50308,CA,READM-30-PN-HRRP,72,0.9685,19.5794,20.2167,12,01-07-2019,30-06-2022
EL CAMINO HOSPITAL,50308,CA,READM-30-AMI-HRRP,105,1.0365,15.8138,15.2572,19,01-07-2019,30-06-2022
SUTTER ROSEVILLE MEDICAL CENTER,50309,CA,READM-30-HF-HRRP,285,1.0308,4.0495,3.9283,12,01-07-2019,30-06-2022
SUTTER ROSEVILLE MEDICAL CENTER,50309,CA,READM-30-COPD-HRRP,193,0.9253,17.6548,19.0796,29,01-07-2019,30-06-2022
SUTTER ROSEVILLE MEDICAL CENTER,50309,CA,READM-30-AMI-HRRP,84,0.95,18.2534,19.215,12,01-07-2019,30-06-2022
SUTTER ROSEVILLE MEDICAL CENTER,50309,CA,READM-30-CABG-HRRP,638,1.0676,17.1667,16.0798,114,01-07-2019,30-06-2022
SUTTER ROSEVILLE MEDICAL CENTER,50309,CA,READM-30-HIP-KNEE-HRRP,569,0.8591,3.744,4.358,19,01-07-2019,30-06-2022
SUTTER ROSEVILLE MEDICAL CENTER,50309,CA,READM-30-PN-HRRP,826,1.0047,19.6959,19.6036,163,01-07-2019,30-06-2022
SUTTER TRACY COMMUNITY HOSPITAL,50313,CA,READM-30-HF-HRRP,247,0.9608,18.0563,18.7922,42,01-07-2019,30-06-2022
SUTTER TRACY COMMUNITY HOSPITAL,50313,CA,READM-30-CABG-HRRP,281,1.076,12.98,12.0627,40,01-07-2019,30-06-2022
SUTTER TRACY COMMUNITY HOSPITAL,50313,CA,READM-30-HIP-KNEE-HRRP,356,1.0186,15.6614,15.3749,57,01-07-2019,30-06-2022
SUTTER TRACY COMMUNITY HOSPITAL,50313,CA,READM-30-AMI-HRRP,384,1.0332,20.0094,19.366,79,01-07-2019,30-06-2022
KERN MEDICAL CENTER,50315,CA,READM-30-HF-HRRP,69,1.0294,17.6143,17.1121,14,01-07-2019,30-06-2022
KERN MEDICAL CENTER,50315,CA,READM-30-HIP-KNEE-HRRP,273,1.013,16.5271,16.3153,46,01-07-2019,30-06-2022
KERN MEDICAL CENTER,50315,CA,READM-30-CABG-HRRP,381,1.0431,20.522,19.6746,81,01-07-2019,30-06-2022
KERN MEDICAL CENTER,50315,CA,READM-30-COPD-HRRP,130,1.0119,18.6423,18.4222,25,01-07-2019,30-06-2022
HIGHLAND HOSPITAL,50320,CA,READM-30-HIP-KNEE-HRRP,202,0.9764,14.1501,14.4928,27,01-07-2019,30-06-2022
HIGHLAND HOSPITAL,50320,CA,READM-30-COPD-HRRP,265,1.0885,19.4189,17.8393,57,01-07-2019,30-06-2022
HIGHLAND HOSPITAL,50320,CA,READM-30-PN-HRRP,65,1.0517,18.1362,17.2444,15,01-07-2019,30-06-2022
HIGHLAND HOSPITAL,50320,CA,READM-30-CABG-HRRP,76,1.0518,12.5449,11.9274,12,01-07-2019,30-06-2022
HIGHLAND HOSPITAL,50320,CA,READM-30-HF-HRRP,1191,0.9861,15.9484,16.1728,189,01-07-2019,30-06-2022
HIGHLAND HOSPITAL,50320,CA,READM-30-AMI-HRRP,309,0.9029,4.7158,5.2229,13,01-07-2019,30-06-2022
SCRIPPS MEMORIAL HOSPITAL LA JOLLA,50324,CA,READM-30-HF-HRRP,2148,0.9276,17.5923,18.966,373,01-07-2019,30-06-2022
SCRIPPS MEMORIAL HOSPITAL LA JOLLA,50324,CA,READM-30-COPD-HRRP,606,1.044,20.4857,19.6217,127,01-07-2019,30-06-2022
SCRIPPS MEMORIAL HOSPITAL LA JOLLA,50324,CA,READM-30-AMI-HRRP,308,0.8422,8.6708,10.2951,22,01-07-2019,30-06-2022
SCRIPPS MEMORIAL HOSPITAL LA JOLLA,50324,CA,READM-30-CABG-HRRP,501,0.8871,11.1204,12.5361,50,01-07-2019,30-06-2022
SCRIPPS MEMORIAL HOSPITAL LA JOLLA,50324,CA,READM-30-PN-HRRP,101,0.9671,15.0823,15.5956,13,01-07-2019,30-06-2022
SCRIPPS MEMORIAL HOSPITAL LA JOLLA,50324,CA,READM-30-HIP-KNEE-HRRP,123,0.9959,21.3671,21.4558,26,01-07-2019,30-06-2022
LOMA LINDA UNIVERSITY MEDICAL CENTER,50327,CA,READM-30-PN-HRRP,584,1.0006,16.2603,16.2508,95,01-07-2019,30-06-2022
LOMA LINDA UNIVERSITY MEDICAL CENTER,50327,CA,READM-30-HF-HRRP,627,1.0019,20.0754,20.0372,126,01-07-2019,30-06-2022
LOMA LINDA UNIVERSITY MEDICAL CENTER,50327,CA,READM-30-HIP-KNEE-HRRP,285,0.9208,16.5729,17.9992,42,01-07-2019,30-06-2022
CORONA REGIONAL MEDICAL CENTER,50329,CA,READM-30-HF-HRRP,254,0.9618,12.5543,13.0534,30,01-07-2019,30-06-2022
CORONA REGIONAL MEDICAL CENTER,50329,CA,READM-30-COPD-HRRP,282,0.9007,15.2686,16.9517,36,01-07-2019,30-06-2022
CORONA REGIONAL MEDICAL CENTER,50329,CA,READM-30-CABG-HRRP,236,0.8898,18.532,20.828,36,01-07-2019,30-06-2022
CORONA REGIONAL MEDICAL CENTER,50329,CA,READM-30-HIP-KNEE-HRRP,111,0.9552,17.9837,18.8276,17,01-07-2019,30-06-2022
SALINAS VALLEY MEMORIAL HOSPITAL,50334,CA,READM-30-COPD-HRRP,554,1.0039,15.115,15.0557,84,01-07-2019,30-06-2022
SALINAS VALLEY MEMORIAL HOSPITAL,50334,CA,READM-30-HF-HRRP,602,1.0011,18.4263,18.4055,111,01-07-2019,30-06-2022
SALINAS VALLEY MEMORIAL HOSPITAL,50334,CA,READM-30-PN-HRRP,195,0.9219,15.4216,16.7286,25,01-07-2019,30-06-2022
SALINAS VALLEY MEMORIAL HOSPITAL,50334,CA,READM-30-AMI-HRRP,106,1.0424,10.2371,9.8203,12,01-07-2019,30-06-2022
ADVENTIST HEALTH SONORA,50335,CA,READM-30-PN-HRRP,261,0.9403,11.0785,11.7819,26,01-07-2019,30-06-2022
ADVENTIST HEALTH SONORA,50335,CA,READM-30-HF-HRRP,251,0.9595,15.0484,15.6833,35,01-07-2019,30-06-2022
ADVENTIST HEALTH SONORA,50335,CA,READM-30-AMI-HRRP,302,0.9123,17.8875,19.607,48,01-07-2019,30-06-2022
ADVENTIST HEALTH SONORA,50335,CA,READM-30-CABG-HRRP,129,0.9855,18.5592,18.832,23,01-07-2019,30-06-2022
ADVENTIST HEALTH LODI MEMORIAL,50336,CA,READM-30-AMI-HRRP,159,1.0241,18.4399,18.0058,31,01-07-2019,30-06-2022
ADVENTIST HEALTH LODI MEMORIAL,50336,CA,READM-30-CABG-HRRP,344,0.9948,19.8688,19.9728,68,01-07-2019,30-06-2022
ADVENTIST HEALTH LODI MEMORIAL,50336,CA,READM-30-COPD-HRRP,67,1.0312,22.1238,21.4549,17,01-07-2019,30-06-2022
ADVENTIST HEALTH LODI MEMORIAL,50336,CA,READM-30-PN-HRRP,54,1.1915,14.511,12.1786,13,01-07-2019,30-06-2022
ADVENTIST HEALTH LODI MEMORIAL,50336,CA,READM-30-HF-HRRP,162,1.0369,14.9312,14.3993,26,01-07-2019,30-06-2022
PIONEERS MEMORIAL HEALTHCARE DISTRICT,50342,CA,READM-30-HF-HRRP,122,0.9756,17.8143,18.2598,20,01-07-2019,30-06-2022
PIONEERS MEMORIAL HEALTHCARE DISTRICT,50342,CA,READM-30-PN-HRRP,145,1.1746,27.2191,23.1732,51,01-07-2019,30-06-2022
PIONEERS MEMORIAL HEALTHCARE DISTRICT,50342,CA,READM-30-COPD-HRRP,69,1.1467,26.3307,22.9613,28,01-07-2019,30-06-2022
PIONEERS MEMORIAL HEALTHCARE DISTRICT,50342,CA,READM-30-HIP-KNEE-HRRP,39,1.0847,19.5532,18.0271,12,01-07-2019,30-06-2022
PIONEERS MEMORIAL HEALTHCARE DISTRICT,50342,CA,READM-30-AMI-HRRP,164,1.08,19.825,18.3558,38,01-07-2019,30-06-2022
PIONEERS MEMORIAL HEALTHCARE DISTRICT,50342,CA,READM-30-CABG-HRRP,142,1.2662,5.8692,4.6353,12,01-07-2019,30-06-2022
UNIVERSITY OF CALIFORNIA IRVINE MEDICAL CENTER,50348,CA,READM-30-HF-HRRP,175,1.0641,22.7193,21.3512,44,01-07-2019,30-06-2022
UNIVERSITY OF CALIFORNIA IRVINE MEDICAL CENTER,50348,CA,READM-30-CABG-HRRP,303,0.972,14.8162,15.243,43,01-07-2019,30-06-2022
UNIVERSITY OF CALIFORNIA IRVINE MEDICAL CENTER,50348,CA,READM-30-HIP-KNEE-HRRP,250,1.0047,17.8786,17.7952,45,01-07-2019,30-06-2022
BEVERLY HOSPITAL,50350,CA,READM-30-HF-HRRP,74,0.9857,20.3325,20.6282,14,01-07-2019,30-06-2022
BEVERLY HOSPITAL,50350,CA,READM-30-CABG-HRRP,109,1.0574,23.0495,21.799,29,01-07-2019,30-06-2022
BEVERLY HOSPITAL,50350,CA,READM-30-HIP-KNEE-HRRP,348,1.0492,19.1392,18.2415,70,01-07-2019,30-06-2022
TORRANCE MEMORIAL MEDICAL CENTER,50351,CA,READM-30-PN-HRRP,1199,0.9457,20.0783,21.2313,237,01-07-2019,30-06-2022
TORRANCE MEMORIAL MEDICAL CENTER,50351,CA,READM-30-HF-HRRP,166,1.0927,23.4205,21.4332,45,01-07-2019,30-06-2022
TORRANCE MEMORIAL MEDICAL CENTER,50351,CA,READM-30-CABG-HRRP,429,0.8429,10.2184,12.123,39,01-07-2019,30-06-2022
TORRANCE MEMORIAL MEDICAL CENTER,50351,CA,READM-30-COPD-HRRP,675,1.0086,15.6397,15.5057,106,01-07-2019,30-06-2022
TORRANCE MEMORIAL MEDICAL CENTER,50351,CA,READM-30-HIP-KNEE-HRRP,191,1.0564,20.4626,19.3699,43,01-07-2019,30-06-2022
TORRANCE MEMORIAL MEDICAL CENTER,50351,CA,READM-30-AMI-HRRP,364,0.9845,21.7227,22.0647,78,01-07-2019,30-06-2022
BARTON MEMORIAL HOSPITAL,50352,CA,READM-30-HIP-KNEE-HRRP,107,1.1088,24.8741,22.4326,34,01-07-2019,30-06-2022
BARTON MEMORIAL HOSPITAL,50352,CA,READM-30-PN-HRRP,119,1.0805,16.0865,14.8887,23,01-07-2019,30-06-2022
BARTON MEMORIAL HOSPITAL,50352,CA,READM-30-COPD-HRRP,605,0.9665,16.0854,16.6429,95,01-07-2019,30-06-2022
BARTON MEMORIAL HOSPITAL,50352,CA,READM-30-AMI-HRRP,509,1.0274,21.2538,20.6871,110,01-07-2019,30-06-2022
PROVIDENCE LITTLE COMPANY OF MARY MED CTR TORRANCE,50353,CA,READM-30-HF-HRRP,210,1.1018,20.7824,18.862,50,01-07-2019,30-06-2022
PROVIDENCE LITTLE COMPANY OF MARY MED CTR TORRANCE,50353,CA,READM-30-CABG-HRRP,225,1.0017,15.0727,15.0469,34,01-07-2019,30-06-2022
PROVIDENCE LITTLE COMPANY OF MARY MED CTR TORRANCE,50353,CA,READM-30-COPD-HRRP,609,1.0472,18.3536,17.5263,115,01-07-2019,30-06-2022
PROVIDENCE LITTLE COMPANY OF MARY MED CTR TORRANCE,50353,CA,READM-30-HIP-KNEE-HRRP,1097,1.2433,5.7097,4.5925,66,01-07-2019,30-06-2022
PROVIDENCE LITTLE COMPANY OF MARY MED CTR TORRANCE,50353,CA,READM-30-PN-HRRP,1245,1.1599,23.7607,20.4844,306,01-07-2019,30-06-2022
GOLETA VALLEY COTTAGE HOSPITAL,50357,CA,READM-30-PN-HRRP,291,1.078,20.9827,19.4644,66,01-07-2019,30-06-2022
GOLETA VALLEY COTTAGE HOSPITAL,50357,CA,READM-30-HF-HRRP,217,1.0398,11.9292,11.4726,27,01-07-2019,30-06-2022
GOLETA VALLEY COTTAGE HOSPITAL,50357,CA,READM-30-CABG-HRRP,468,0.9628,14.7208,15.2897,67,01-07-2019,30-06-2022
GOLETA VALLEY COTTAGE HOSPITAL,50357,CA,READM-30-COPD-HRRP,2441,1.1249,19.3268,17.1816,480,01-07-2019,30-06-2022
GOLETA VALLEY COTTAGE HOSPITAL,50357,CA,READM-30-HIP-KNEE-HRRP,523,1.0891,4.912,4.5102,27,01-07-2019,30-06-2022
GOLETA VALLEY COTTAGE HOSPITAL,50357,CA,READM-30-AMI-HRRP,2770,1.1899,24.4771,20.5706,690,01-07-2019,30-06-2022
MARIN GENERAL HOSPITAL,50360,CA,READM-30-PN-HRRP,635,1.0764,19.7155,18.3168,130,01-07-2019,30-06-2022
MARIN GENERAL HOSPITAL,50360,CA,READM-30-HF-HRRP,341,1.3632,16.6761,12.233,66,01-07-2019,30-06-2022
MARIN GENERAL HOSPITAL,50360,CA,READM-30-CABG-HRRP,646,1.1745,16.3976,13.9609,114,01-07-2019,30-06-2022
MARIN GENERAL HOSPITAL,50360,CA,READM-30-COPD-HRRP,473,1.039,18.0437,17.366,88,01-07-2019,30-06-2022
MARIN GENERAL HOSPITAL,50360,CA,READM-30-HIP-KNEE-HRRP,466,0.9734,20.1295,20.6786,92,01-07-2019,30-06-2022
NORTHBAY MEDICAL CENTER,50367,CA,READM-30-PN-HRRP,106,1.0346,18.6685,18.0434,22,01-07-2019,30-06-2022
NORTHBAY MEDICAL CENTER,50367,CA,READM-30-COPD-HRRP,167,0.9304,14.149,15.2076,20,01-07-2019,30-06-2022
NORTHBAY MEDICAL CENTER,50367,CA,READM-30-CABG-HRRP,801,1.0663,17.4287,16.3454,144,01-07-2019,30-06-2022
NORTHBAY MEDICAL CENTER,50367,CA,READM-30-HIP-KNEE-HRRP,249,1.0551,5.6895,5.3925,15,01-07-2019,30-06-2022
NORTHBAY MEDICAL CENTER,50367,CA,READM-30-AMI-HRRP,1121,0.9926,19.7588,19.9068,221,01-07-2019,30-06-2022
LOS ANGELES GENERAL MEDICAL CENTER,50373,CA,READM-30-HIP-KNEE-HRRP,266,1.0084,20.4672,20.2961,55,01-07-2019,30-06-2022
LOS ANGELES GENERAL MEDICAL CENTER,50373,CA,READM-30-COPD-HRRP,254,0.9938,10.6991,10.7662,27,01-07-2019,30-06-2022
LOS ANGELES GENERAL MEDICAL CENTER,50373,CA,READM-30-CABG-HRRP,656,1.0427,13.257,12.7137,89,01-07-2019,30-06-2022
LOS ANGELES GENERAL MEDICAL CENTER,50373,CA,READM-30-PN-HRRP,77,1.0209,15.5335,15.2158,13,01-07-2019,30-06-2022
LOS ANGELES GENERAL MEDICAL CENTER,50373,CA,READM-30-AMI-HRRP,209,1.02,17.0537,16.7189,37,01-07-2019,30-06-2022
LAC/HARBOR-UCLA MED CENTER,50376,CA,READM-30-AMI-HRRP,190,1.0134,20.0622,19.7974,39,01-07-2019,30-06-2022
LAC/HARBOR-UCLA MED CENTER,50376,CA,READM-30-PN-HRRP,78,1.0346,17.7769,17.1832,16,01-07-2019,30-06-2022
LAC/HARBOR-UCLA MED CENTER,50376,CA,READM-30-HF-HRRP,332,0.8838,14.538,16.4497,40,01-07-2019,30-06-2022
LAC/HARBOR-UCLA MED CENTER,50376,CA,READM-30-HIP-KNEE-HRRP,232,1.0369,20.9303,20.1853,51,01-07-2019,30-06-2022
LAC/HARBOR-UCLA MED CENTER,50376,CA,READM-30-COPD-HRRP,129,1.0176,19.2659,18.9333,26,01-07-2019,30-06-2022
PACIFICA HOSPITAL OF THE VALLEY,50378,CA,READM-30-PN-HRRP,62,1.1451,13.139,11.4743,12,01-07-2019,30-06-2022
PACIFICA HOSPITAL OF THE VALLEY,50378,CA,READM-30-HF-HRRP,151,0.9803,12.5551,12.8073,18,01-07-2019,30-06-2022
PACIFICA HOSPITAL OF THE VALLEY,50378,CA,READM-30-COPD-HRRP,1103,1.0396,16.444,15.8179,184,01-07-2019,30-06-2022
PACIFICA HOSPITAL OF THE VALLEY,50378,CA,READM-30-HIP-KNEE-HRRP,1436,1.0597,4.6038,4.3443,67,01-07-2019,30-06-2022
PACIFICA HOSPITAL OF THE VALLEY,50378,CA,READM-30-AMI-HRRP,1319,0.9328,18.0086,19.307,233,01-07-2019,30-06-2022
PACIFICA HOSPITAL OF THE VALLEY,50378,CA,READM-30-CABG-HRRP,326,0.9101,16.5494,18.1851,48,01-07-2019,30-06-2022
GOOD SAMARITAN HOSPITAL,50380,CA,READM-30-HIP-KNEE-HRRP,221,0.8821,10.1816,11.5419,19,01-07-2019,30-06-2022
GOOD SAMARITAN HOSPITAL,50380,CA,READM-30-HF-HRRP,473,0.9503,13.6369,14.3508,62,01-07-2019,30-06-2022
GOOD SAMARITAN HOSPITAL,50380,CA,READM-30-PN-HRRP,554,0.8079,14.1496,17.5132,64,01-07-2019,30-06-2022
GOOD SAMARITAN HOSPITAL,50380,CA,READM-30-AMI-HRRP,602,0.8363,17.2283,20.5998,92,01-07-2019,30-06-2022
GOOD SAMARITAN HOSPITAL,50380,CA,READM-30-CABG-HRRP,226,0.8289,16.4038,19.7899,25,01-07-2019,30-06-2022
EMANATE HEALTH INTER-COMMUNITY HOSPITAL,50382,CA,READM-30-HF-HRRP,132,0.9636,10.6326,11.0342,13,01-07-2019,30-06-2022
EMANATE HEALTH INTER-COMMUNITY HOSPITAL,50382,CA,READM-30-AMI-HRRP,284,0.9936,14.1957,14.2865,40,01-07-2019,30-06-2022
EMANATE HEALTH INTER-COMMUNITY HOSPITAL,50382,CA,READM-30-CABG-HRRP,320,1.0118,20.0501,19.8158,65,01-07-2019,30-06-2022
EMANATE HEALTH INTER-COMMUNITY HOSPITAL,50382,CA,READM-30-COPD-HRRP,279,0.987,22.1871,22.4791,61,01-07-2019,30-06-2022
EMANATE HEALTH INTER-COMMUNITY HOSPITAL,50382,CA,READM-30-HIP-KNEE-HRRP,108,0.9875,23.0308,23.3234,24,01-07-2019,30-06-2022
EMANATE HEALTH INTER-COMMUNITY HOSPITAL,50382,CA,READM-30-PN-HRRP,147,0.9777,17.1151,17.5056,24,01-07-2019,30-06-2022
HEMET GLOBAL MEDICAL CENTER,50390,CA,READM-30-PN-HRRP,311,0.9713,16.7182,17.2126,50,01-07-2019,30-06-2022
HEMET GLOBAL MEDICAL CENTER,50390,CA,READM-30-HF-HRRP,142,1.2862,6.4176,4.9895,13,01-07-2019,30-06-2022
HEMET GLOBAL MEDICAL CENTER,50390,CA,READM-30-CABG-HRRP,554,1.036,21.4112,20.6675,121,01-07-2019,30-06-2022
HEMET GLOBAL MEDICAL CENTER,50390,CA,READM-30-COPD-HRRP,104,0.9606,16.8922,17.5851,15,01-07-2019,30-06-2022
HEMET GLOBAL MEDICAL CENTER,50390,CA,READM-30-AMI-HRRP,268,0.8892,12.5727,14.1396,28,01-07-2019,30-06-2022
PIH HEALTH DOWNEY HOSPITAL,50393,CA,READM-30-COPD-HRRP,535,0.9732,17.9236,18.4173,94,01-07-2019,30-06-2022
PIH HEALTH DOWNEY HOSPITAL,50393,CA,READM-30-HF-HRRP,467,1.0292,22.2782,21.6455,106,01-07-2019,30-06-2022
PIH HEALTH DOWNEY HOSPITAL,50393,CA,READM-30-CABG-HRRP,152,0.9932,19.3748,19.5071,29,01-07-2019,30-06-2022
PIH HEALTH DOWNEY HOSPITAL,50393,CA,READM-30-HIP-KNEE-HRRP,242,1.0322,14.6433,14.187,37,01-07-2019,30-06-2022
COMMUNITY MEMORIAL HOSPITAL SAN BUENAVENTURA,50394,CA,READM-30-HF-HRRP,246,0.8896,15.0027,16.8652,29,01-07-2019,30-06-2022
COMMUNITY MEMORIAL HOSPITAL SAN BUENAVENTURA,50394,CA,READM-30-PN-HRRP,303,0.9007,18.1163,20.114,48,01-07-2019,30-06-2022
COMMUNITY MEMORIAL HOSPITAL SAN BUENAVENTURA,50394,CA,READM-30-COPD-HRRP,80,1.038,19.4547,18.7418,18,01-07-2019,30-06-2022
COMMUNITY MEMORIAL HOSPITAL SAN BUENAVENTURA,50394,CA,READM-30-AMI-HRRP,180,1.0444,12.7369,12.1957,25,01-07-2019,30-06-2022
COMMUNITY MEMORIAL HOSPITAL SAN BUENAVENTURA,50394,CA,READM-30-CABG-HRRP,213,0.8487,14.1107,16.6257,19,01-07-2019,30-06-2022
SANTA BARBARA COTTAGE HOSPITAL,50396,CA,READM-30-AMI-HRRP,198,0.9717,18.6298,19.173,35,01-07-2019,30-06-2022
SANTA BARBARA COTTAGE HOSPITAL,50396,CA,READM-30-CABG-HRRP,110,1.0004,18.1608,18.1543,20,01-07-2019,30-06-2022
SANTA BARBARA COTTAGE HOSPITAL,50396,CA,READM-30-COPD-HRRP,72,1.0316,14.5354,14.09,12,01-07-2019,30-06-2022
SANTA BARBARA COTTAGE HOSPITAL,50396,CA,READM-30-HIP-KNEE-HRRP,241,1.0133,19.1124,18.8609,47,01-07-2019,30-06-2022
CHINESE HOSPITAL,50407,CA,READM-30-PN-HRRP,178,1.103,25.8574,23.4422,53,01-07-2019,30-06-2022
CHINESE HOSPITAL,50407,CA,READM-30-HF-HRRP,75,0.9955,20.4074,20.5,15,01-07-2019,30-06-2022
CHINESE HOSPITAL,50407,CA,READM-30-CABG-HRRP,55,1.0125,20.5921,20.3373,12,01-07-2019,30-06-2022
CHINESE HOSPITAL,50407,CA,READM-30-COPD-HRRP,217,0.922,16.4053,17.7928,30,01-07-2019,30-06-2022
CHINESE HOSPITAL,50407,CA,READM-30-AMI-HRRP,345,1.0974,22.2248,20.2521,83,01-07-2019,30-06-2022
KAISER FOUNDATION HOSPITAL - SOUTH BAY,50411,CA,READM-30-PN-HRRP,63,1.1009,21.3573,19.3999,20,01-07-2019,30-06-2022
KAISER FOUNDATION HOSPITAL - SOUTH BAY,50411,CA,READM-30-HF-HRRP,93,1.0559,16.3936,15.5253,18,01-07-2019,30-06-2022
KAISER FOUNDATION HOSPITAL - SOUTH BAY,50411,CA,READM-30-CABG-HRRP,128,0.9845,17.2523,17.5243,21,01-07-2019,30-06-2022
KAISER FOUNDATION HOSPITAL - SOUTH BAY,50411,CA,READM-30-HIP-KNEE-HRRP,123,1.0084,20.6804,20.5073,26,01-07-2019,30-06-2022
KAISER FOUNDATION HOSPITAL - SOUTH BAY,50411,CA,READM-30-AMI-HRRP,58,1.0246,21.3278,20.8151,14,01-07-2019,30-06-2022
MERCY HOSPITAL OF FOLSOM,50414,CA,READM-30-PN-HRRP,137,1.0271,18.3433,17.8598,27,01-07-2019,30-06-2022
MERCY HOSPITAL OF FOLSOM,50414,CA,READM-30-CABG-HRRP,167,0.9772,21.8978,22.4083,35,01-07-2019,30-06-2022
MERCY HOSPITAL OF FOLSOM,50414,CA,READM-30-AMI-HRRP,92,0.9884,15.8642,16.0507,14,01-07-2019,30-06-2022
SUTTER COAST HOSPITAL,50417,CA,READM-30-PN-HRRP,246,0.9803,16.8166,17.1547,40,01-07-2019,30-06-2022
SUTTER COAST HOSPITAL,50417,CA,READM-30-CABG-HRRP,354,0.9901,20.8114,21.0205,73,01-07-2019,30-06-2022
SUTTER COAST HOSPITAL,50417,CA,READM-30-COPD-HRRP,202,0.9604,19.637,20.4464,37,01-07-2019,30-06-2022
SUTTER COAST HOSPITAL,50417,CA,READM-30-AMI-HRRP,167,1.0526,14.6686,13.9359,27,01-07-2019,30-06-2022
PALO VERDE HOSPITAL,50423,CA,READM-30-PN-HRRP,309,1.0401,17.5737,16.8969,57,01-07-2019,30-06-2022
PALO VERDE HOSPITAL,50423,CA,READM-30-CABG-HRRP,388,1.029,21.6649,21.0535,86,01-07-2019,30-06-2022
PALO VERDE HOSPITAL,50423,CA,READM-30-COPD-HRRP,98,1.0834,22.068,20.3687,27,01-07-2019,30-06-2022
PALO VERDE HOSPITAL,50423,CA,READM-30-AMI-HRRP,147,0.9762,13.73,14.0654,19,01-07-2019,30-06-2022
SCRIPPS GREEN HOSPITAL,50424,CA,READM-30-PN-HRRP,129,0.9986,16.352,16.3745,21,01-07-2019,30-06-2022
SCRIPPS GREEN HOSPITAL,50424,CA,READM-30-HF-HRRP,164,1.0485,21.2274,20.245,38,01-07-2019,30-06-2022
SCRIPPS GREEN HOSPITAL,50424,CA,READM-30-AMI-HRRP,108,1.0007,14.7821,14.7716,16,01-07-2019,30-06-2022
SCRIPPS GREEN HOSPITAL,50424,CA,READM-30-HIP-KNEE-HRRP,477,1.0414,19.1073,18.3483,94,01-07-2019,30-06-2022
KAISER FOUNDATION HOSPITAL - SACRAMENTO,50425,CA,READM-30-HF-HRRP,194,1.052,5.2642,5.0041,11,01-07-2019,30-06-2022
KAISER FOUNDATION HOSPITAL - SACRAMENTO,50425,CA,READM-30-PN-HRRP,435,0.9806,20.3013,20.7024,87,01-07-2019,30-06-2022
KAISER FOUNDATION HOSPITAL - SACRAMENTO,50425,CA,READM-30-COPD-HRRP,142,1.1073,21.9847,19.8536,38,01-07-2019,30-06-2022
KAISER FOUNDATION HOSPITAL - SACRAMENTO,50425,CA,READM-30-HIP-KNEE-HRRP,219,1.1052,11.9485,10.8115,29,01-07-2019,30-06-2022
KAISER FOUNDATION HOSPITAL - SACRAMENTO,50425,CA,READM-30-AMI-HRRP,320,1.189,18.7725,15.7889,69,01-07-2019,30-06-2022
KAISER FOUNDATION HOSPITAL - SACRAMENTO,50425,CA,READM-30-CABG-HRRP,134,0.958,15.6144,16.2993,18,01-07-2019,30-06-2022
WEST ANAHEIM MEDICAL CENTER,50426,CA,READM-30-HF-HRRP,134,0.9508,19.6799,20.6987,23,01-07-2019,30-06-2022
WEST ANAHEIM MEDICAL CENTER,50426,CA,READM-30-COPD-HRRP,57,1.039,20.1622,19.4058,14,01-07-2019,30-06-2022
WEST ANAHEIM MEDICAL CENTER,50426,CA,READM-30-AMI-HRRP,1217,0.9975,15.9549,15.9952,194,01-07-2019,30-06-2022
WEST ANAHEIM MEDICAL CENTER,50426,CA,READM-30-PN-HRRP,1003,0.9817,18.6653,19.0137,186,01-07-2019,30-06-2022
HUNTINGTON HOSPITAL,50438,CA,READM-30-AMI-HRRP,398,1.1161,19.5565,17.5226,85,01-07-2019,30-06-2022
HUNTINGTON HOSPITAL,50438,CA,READM-30-HF-HRRP,451,1.0873,13.9477,12.8282,67,01-07-2019,30-06-2022
HUNTINGTON HOSPITAL,50438,CA,READM-30-CABG-HRRP,252,1.0204,16.911,16.5725,44,01-07-2019,30-06-2022
HUNTINGTON HOSPITAL,50438,CA,READM-30-HIP-KNEE-HRRP,302,1.0331,20.474,19.8173,64,01-07-2019,30-06-2022
HUNTINGTON HOSPITAL,50438,CA,READM-30-COPD-HRRP,136,0.9895,18.1469,18.3398,24,01-07-2019,30-06-2022
STANFORD HEALTH CARE,50441,CA,READM-30-PN-HRRP,83,1.1144,14.2165,12.7568,17,01-07-2019,30-06-2022
STANFORD HEALTH CARE,50441,CA,READM-30-HF-HRRP,217,0.9246,16.3055,17.6353,30,01-07-2019,30-06-2022
STANFORD HEALTH CARE,50441,CA,READM-30-HIP-KNEE-HRRP,302,0.9507,20.3286,21.383,58,01-07-2019,30-06-2022
STANFORD HEALTH CARE,50441,CA,READM-30-AMI-HRRP,105,0.9328,18.5977,19.9382,15,01-07-2019,30-06-2022
STANFORD HEALTH CARE,50441,CA,READM-30-CABG-HRRP,120,0.9781,15.9272,16.284,18,01-07-2019,30-06-2022
MERCY MEDICAL CENTER,50444,CA,READM-30-HIP-KNEE-HRRP,181,1.0744,18.2521,16.9887,38,01-07-2019,30-06-2022
MERCY MEDICAL CENTER,50444,CA,READM-30-PN-HRRP,115,1.0362,21.3912,20.6442,27,01-07-2019,30-06-2022
MERCY MEDICAL CENTER,50444,CA,READM-30-COPD-HRRP,73,0.9804,19.6446,20.0365,13,01-07-2019,30-06-2022
UCSF MEDICAL CENTER,50454,CA,READM-30-HF-HRRP,208,1.0826,19.432,17.9495,46,01-07-2019,30-06-2022
UCSF MEDICAL CENTER,50454,CA,READM-30-CABG-HRRP,108,1.0098,20.6936,20.4937,23,01-07-2019,30-06-2022
UCSF MEDICAL CENTER,50454,CA,READM-30-COPD-HRRP,69,1.0741,19.3487,18.0146,18,01-07-2019,30-06-2022
UCSF MEDICAL CENTER,50454,CA,READM-30-PN-HRRP,152,0.9197,16.2579,17.6771,19,01-07-2019,30-06-2022
ADVENTIST HEALTH BAKERSFIELD,50455,CA,READM-30-HF-HRRP,71,1.0078,21.7893,21.6205,16,01-07-2019,30-06-2022
ADVENTIST HEALTH BAKERSFIELD,50455,CA,READM-30-CABG-HRRP,361,1.0092,16.1713,16.0237,59,01-07-2019,30-06-2022
ADVENTIST HEALTH BAKERSFIELD,50455,CA,READM-30-HIP-KNEE-HRRP,498,1.0662,21.2229,19.9043,110,01-07-2019,30-06-2022
ADVENTIST HEALTH BAKERSFIELD,50455,CA,READM-30-AMI-HRRP,156,1.018,17.8601,17.5443,29,01-07-2019,30-06-2022
ST MARY'S MEDICAL CENTER,50457,CA,READM-30-COPD-HRRP,188,1.0002,13.2937,13.2915,25,01-07-2019,30-06-2022
ST MARY'S MEDICAL CENTER,50457,CA,READM-30-PN-HRRP,392,1.0082,16.949,16.8113,67,01-07-2019,30-06-2022
ST MARY'S MEDICAL CENTER,50457,CA,READM-30-CABG-HRRP,315,0.9635,20.4778,21.2545,62,01-07-2019,30-06-2022
ST MARY'S MEDICAL CENTER,50457,CA,READM-30-AMI-HRRP,198,1.0369,19.0153,18.3381,40,01-07-2019,30-06-2022
ST MARY'S MEDICAL CENTER,50457,CA,READM-30-HIP-KNEE-HRRP,130,0.9807,11.1874,11.4071,14,01-07-2019,30-06-2022
DOCTORS MEDICAL CENTER,50464,CA,READM-30-HF-HRRP,146,1.0089,14.7683,14.6385,22,01-07-2019,30-06-2022
DOCTORS MEDICAL CENTER,50464,CA,READM-30-PN-HRRP,185,1.1443,21.3064,18.6204,49,01-07-2019,30-06-2022
DOCTORS MEDICAL CENTER,50464,CA,READM-30-COPD-HRRP,78,1.056,24.5555,23.2529,23,01-07-2019,30-06-2022
DOCTORS MEDICAL CENTER,50464,CA,READM-30-HIP-KNEE-HRRP,54,1.0649,23.576,22.1381,17,01-07-2019,30-06-2022
DOCTORS MEDICAL CENTER,50464,CA,READM-30-AMI-HRRP,124,1.1245,19.1946,17.07,32,01-07-2019,30-06-2022
MEMORIAL HOSPITAL OF GARDENA,50468,CA,READM-30-HF-HRRP,124,1.0368,20.6248,19.8923,28,01-07-2019,30-06-2022
MEMORIAL HOSPITAL OF GARDENA,50468,CA,READM-30-AMI-HRRP,60,1.0109,18.8166,18.6133,12,01-07-2019,30-06-2022
MEMORIAL HOSPITAL OF GARDENA,50468,CA,READM-30-CABG-HRRP,190,1.1128,18.2146,16.3676,42,01-07-2019,30-06-2022
MEMORIAL HOSPITAL OF GARDENA,50468,CA,READM-30-HIP-KNEE-HRRP,152,0.968,19.8561,20.5134,28,01-07-2019,30-06-2022
MEMORIAL HOSPITAL OF GARDENA,50468,CA,READM-30-PN-HRRP,74,0.9976,19.1305,19.1764,14,01-07-2019,30-06-2022
PIH HEALTH GOOD SAMARITAN HOSPITAL,50471,CA,READM-30-PN-HRRP,60,1.0248,16.2656,15.8724,11,01-07-2019,30-06-2022
PIH HEALTH GOOD SAMARITAN HOSPITAL,50471,CA,READM-30-HF-HRRP,549,0.9293,15.2891,16.452,79,01-07-2019,30-06-2022
PIH HEALTH GOOD SAMARITAN HOSPITAL,50471,CA,READM-30-COPD-HRRP,616,0.9594,20.4199,21.2844,123,01-07-2019,30-06-2022
PIH HEALTH GOOD SAMARITAN HOSPITAL,50471,CA,READM-30-HIP-KNEE-HRRP,158,0.9457,16.7825,17.7458,23,01-07-2019,30-06-2022
PIH HEALTH GOOD SAMARITAN HOSPITAL,50471,CA,READM-30-AMI-HRRP,124,1.11,12.1437,10.9407,18,01-07-2019,30-06-2022
WEST HILLS HOSPITAL & MEDICAL CENTER,50481,CA,READM-30-PN-HRRP,248,1.1039,14.577,13.2051,41,01-07-2019,30-06-2022
WEST HILLS HOSPITAL & MEDICAL CENTER,50481,CA,READM-30-HF-HRRP,469,0.9786,16.9479,17.319,78,01-07-2019,30-06-2022
WEST HILLS HOSPITAL & MEDICAL CENTER,50481,CA,READM-30-COPD-HRRP,512,1.0926,22.2634,20.3767,120,01-07-2019,30-06-2022
WEST HILLS HOSPITAL & MEDICAL CENTER,50481,CA,READM-30-HIP-KNEE-HRRP,173,0.9654,17.4786,18.1047,28,01-07-2019,30-06-2022
WEST HILLS HOSPITAL & MEDICAL CENTER,50481,CA,READM-30-AMI-HRRP,83,1.0793,11.8681,10.996,12,01-07-2019,30-06-2022
MEMORIALCARE LONG BEACH MEDICAL CENTER,50485,CA,READM-30-HIP-KNEE-HRRP,264,0.9582,14.435,15.0644,36,01-07-2019,30-06-2022
MEMORIALCARE LONG BEACH MEDICAL CENTER,50485,CA,READM-30-HF-HRRP,81,1.0484,14.4395,13.7735,14,01-07-2019,30-06-2022
MEMORIALCARE LONG BEACH MEDICAL CENTER,50485,CA,READM-30-PN-HRRP,208,1.0446,19.1917,18.3725,43,01-07-2019,30-06-2022
MEMORIALCARE LONG BEACH MEDICAL CENTER,50485,CA,READM-30-COPD-HRRP,223,1.0112,22.0797,21.8358,50,01-07-2019,30-06-2022
MEMORIALCARE LONG BEACH MEDICAL CENTER,50485,CA,READM-30-CABG-HRRP,147,0.9821,20.5532,20.9276,29,01-07-2019,30-06-2022
MEMORIALCARE LONG BEACH MEDICAL CENTER,50485,CA,READM-30-AMI-HRRP,534,1.0155,17.9639,17.6903,97,01-07-2019,30-06-2022
EDEN MEDICAL CENTER,50488,CA,READM-30-AMI-HRRP,356,0.8869,18.2423,20.5685,57,01-07-2019,30-06-2022
EDEN MEDICAL CENTER,50488,CA,READM-30-CABG-HRRP,185,0.9641,17.4918,18.1436,30,01-07-2019,30-06-2022
EDEN MEDICAL CENTER,50488,CA,READM-30-HIP-KNEE-HRRP,497,1.0418,18.5423,17.799,95,01-07-2019,30-06-2022
CLOVIS COMMUNITY MEDICAL CENTER,50492,CA,READM-30-PN-HRRP,595,0.9395,19.6933,20.9617,113,01-07-2019,30-06-2022
CLOVIS COMMUNITY MEDICAL CENTER,50492,CA,READM-30-HF-HRRP,226,0.9506,19.1771,20.1743,40,01-07-2019,30-06-2022
CLOVIS COMMUNITY MEDICAL CENTER,50492,CA,READM-30-CABG-HRRP,150,0.9858,12.2733,12.4503,18,01-07-2019,30-06-2022
CLOVIS COMMUNITY MEDICAL CENTER,50492,CA,READM-30-COPD-HRRP,257,1.0101,15.7559,15.599,41,01-07-2019,30-06-2022
CLOVIS COMMUNITY MEDICAL CENTER,50492,CA,READM-30-HIP-KNEE-HRRP,95,0.9835,16.993,17.2783,15,01-07-2019,30-06-2022
JOHN MUIR MEDICAL CENTER - CONCORD CAMPUS,50496,CA,READM-30-PN-HRRP,88,0.9827,19.4964,19.8394,16,01-07-2019,30-06-2022
JOHN MUIR MEDICAL CENTER - CONCORD CAMPUS,50496,CA,READM-30-CABG-HRRP,156,0.9806,16.2451,16.5666,24,01-07-2019,30-06-2022
JOHN MUIR MEDICAL CENTER - CONCORD CAMPUS,50496,CA,READM-30-COPD-HRRP,147,1.0004,19.7078,19.699,29,01-07-2019,30-06-2022
JOHN MUIR MEDICAL CENTER - CONCORD CAMPUS,50496,CA,READM-30-HIP-KNEE-HRRP,94,1.0237,13.6816,13.3649,14,01-07-2019,30-06-2022
SUTTER AUBURN FAITH HOSPITAL,50498,CA,READM-30-HF-HRRP,373,0.9609,16.5507,17.2236,59,01-07-2019,30-06-2022
SUTTER AUBURN FAITH HOSPITAL,50498,CA,READM-30-COPD-HRRP,366,0.9735,20.4382,20.9948,73,01-07-2019,30-06-2022
SUTTER AUBURN FAITH HOSPITAL,50498,CA,READM-30-CABG-HRRP,98,1.0292,18.5228,17.9966,20,01-07-2019,30-06-2022
SUTTER AUBURN FAITH HOSPITAL,50498,CA,READM-30-HIP-KNEE-HRRP,116,0.9596,16.467,17.1601,17,01-07-2019,30-06-2022
SUTTER AUBURN FAITH HOSPITAL,50498,CA,READM-30-AMI-HRRP,382,1.0354,18.4722,17.8413,73,01-07-2019,30-06-2022
SCRIPPS MEMORIAL HOSPITAL - ENCINITAS,50503,CA,READM-30-PN-HRRP,299,0.8805,4.6676,5.3012,12,01-07-2019,30-06-2022
SCRIPPS MEMORIAL HOSPITAL - ENCINITAS,50503,CA,READM-30-HIP-KNEE-HRRP,366,1.0246,21.4099,20.8959,80,01-07-2019,30-06-2022
SCRIPPS MEMORIAL HOSPITAL - ENCINITAS,50503,CA,READM-30-COPD-HRRP,120,1.0208,18.068,17.7004,23,01-07-2019,30-06-2022
SCRIPPS MEMORIAL HOSPITAL - ENCINITAS,50503,CA,READM-30-AMI-HRRP,186,1.0346,15.2184,14.7091,30,01-07-2019,30-06-2022
SCRIPPS MEMORIAL HOSPITAL - ENCINITAS,50503,CA,READM-30-HF-HRRP,934,0.9451,15.8296,16.7498,144,01-07-2019,30-06-2022
TENET HEALTH CENTRAL COAST SIERRA VISTA RMC,50506,CA,READM-30-PN-HRRP,1052,0.9498,19.6233,20.6611,203,01-07-2019,30-06-2022
TENET HEALTH CENTRAL COAST SIERRA VISTA RMC,50506,CA,READM-30-HF-HRRP,278,0.9254,18.3741,19.8542,46,01-07-2019,30-06-2022
TENET HEALTH CENTRAL COAST SIERRA VISTA RMC,50506,CA,READM-30-HIP-KNEE-HRRP,359,0.959,13.6627,14.2468,47,01-07-2019,30-06-2022
TENET HEALTH CENTRAL COAST SIERRA VISTA RMC,50506,CA,READM-30-COPD-HRRP,343,1.0956,18.8473,17.2033,71,01-07-2019,30-06-2022
KAISER FOUNDATION HOSPITAL,50510,CA,READM-30-HF-HRRP,329,1.174,24.3055,20.7027,91,01-07-2019,30-06-2022
KAISER FOUNDATION HOSPITAL,50510,CA,READM-30-COPD-HRRP,191,1.0351,19.7609,19.091,40,01-07-2019,30-06-2022
KAISER FOUNDATION HOSPITAL,50510,CA,READM-30-AMI-HRRP,196,1.0889,15.6836,14.4037,35,01-07-2019,30-06-2022
KAISER FOUNDATION HOSPITAL,50510,CA,READM-30-CABG-HRRP,529,1.0594,17.3955,16.4199,96,01-07-2019,30-06-2022
KAISER FOUNDATION HOSPITAL - FREMONT,50512,CA,READM-30-HIP-KNEE-HRRP,328,1.0368,5.6201,5.4206,19,01-07-2019,30-06-2022
KAISER FOUNDATION HOSPITAL - FREMONT,50512,CA,READM-30-HF-HRRP,632,1.1034,22.5197,20.4094,149,01-07-2019,30-06-2022
KAISER FOUNDATION HOSPITAL - FREMONT,50512,CA,READM-30-PN-HRRP,137,0.9888,18.7827,18.9953,25,01-07-2019,30-06-2022
KAISER FOUNDATION HOSPITAL - FREMONT,50512,CA,READM-30-COPD-HRRP,90,1.0863,12.9207,11.894,14,01-07-2019,30-06-2022
KAISER FOUNDATION HOSPITAL - FREMONT,50512,CA,READM-30-AMI-HRRP,253,0.9988,14.253,14.2703,36,01-07-2019,30-06-2022
KAISER FOUNDATION HOSPITAL - FREMONT,50512,CA,READM-30-CABG-HRRP,449,1.0068,17.0461,16.9315,77,01-07-2019,30-06-2022
KAISER FOUNDATION HOSPITAL - SAN DIEGO,50515,CA,READM-30-AMI-HRRP,585,1.0315,21.0121,20.3707,125,01-07-2019,30-06-2022
KAISER FOUNDATION HOSPITAL - SAN DIEGO,50515,CA,READM-30-CABG-HRRP,208,1.0079,18.0292,17.8887,38,01-07-2019,30-06-2022
KAISER FOUNDATION HOSPITAL - SAN DIEGO,50515,CA,READM-30-COPD-HRRP,254,1.1167,12.1579,10.8873,34,01-07-2019,30-06-2022
KAISER FOUNDATION HOSPITAL - SAN DIEGO,50515,CA,READM-30-HIP-KNEE-HRRP,354,1.1022,15.3042,13.8852,59,01-07-2019,30-06-2022
KAISER FOUNDATION HOSPITAL - SAN DIEGO,50515,CA,READM-30-PN-HRRP,211,1.0924,17.0597,15.6164,42,01-07-2019,30-06-2022
MERCY SAN JUAN MEDICAL CENTER,50516,CA,READM-30-HF-HRRP,137,1.2002,23.7549,19.7929,45,01-07-2019,30-06-2022
MERCY SAN JUAN MEDICAL CENTER,50516,CA,READM-30-CABG-HRRP,75,1.0231,18.0598,17.6523,15,01-07-2019,30-06-2022
MERCY SAN JUAN MEDICAL CENTER,50516,CA,READM-30-COPD-HRRP,60,1.0564,15.4545,14.6292,12,01-07-2019,30-06-2022
MERCY SAN JUAN MEDICAL CENTER,50516,CA,READM-30-HIP-KNEE-HRRP,1267,0.9583,15.856,16.5461,198,01-07-2019,30-06-2022
MERCY SAN JUAN MEDICAL CENTER,50516,CA,READM-30-AMI-HRRP,1366,0.795,3.3295,4.1881,42,01-07-2019,30-06-2022
VICTOR VALLEY GLOBAL MEDICAL CENTER,50517,CA,READM-30-COPD-HRRP,1394,0.9558,19.4407,20.3407,268,01-07-2019,30-06-2022
VICTOR VALLEY GLOBAL MEDICAL CENTER,50517,CA,READM-30-PN-HRRP,370,0.9835,18.9415,19.2596,69,01-07-2019,30-06-2022
VICTOR VALLEY GLOBAL MEDICAL CENTER,50517,CA,READM-30-HF-HRRP,319,0.8346,9.0885,10.8893,24,01-07-2019,30-06-2022
VICTOR VALLEY GLOBAL MEDICAL CENTER,50517,CA,READM-30-CABG-HRRP,636,0.9788,13.2143,13.5001,83,01-07-2019,30-06-2022
VICTOR VALLEY GLOBAL MEDICAL CENTER,50517,CA,READM-30-AMI-HRRP,1023,1.008,16.8575,16.7235,173,01-07-2019,30-06-2022
VICTOR VALLEY GLOBAL MEDICAL CENTER,50517,CA,READM-30-HIP-KNEE-HRRP,313,1.1499,5.6986,4.9558,20,01-07-2019,30-06-2022
SUTTER DELTA MEDICAL CENTER,50523,CA,READM-30-PN-HRRP,996,0.8988,18.0759,20.1112,173,01-07-2019,30-06-2022
SUTTER DELTA MEDICAL CENTER,50523,CA,READM-30-HIP-KNEE-HRRP,293,0.9808,19.5533,19.9368,56,01-07-2019,30-06-2022
SUTTER DELTA MEDICAL CENTER,50523,CA,READM-30-HF-HRRP,230,0.8257,8.8208,10.6825,15,01-07-2019,30-06-2022
SUTTER DELTA MEDICAL CENTER,50523,CA,READM-30-COPD-HRRP,517,0.981,13.3352,13.5931,68,01-07-2019,30-06-2022
SUTTER DELTA MEDICAL CENTER,50523,CA,READM-30-CABG-HRRP,489,0.9408,15.3598,16.3265,71,01-07-2019,30-06-2022
HUNTINGTON BEACH HOSPITAL,50526,CA,READM-30-PN-HRRP,463,1.0103,20.5863,20.3764,96,01-07-2019,30-06-2022
HUNTINGTON BEACH HOSPITAL,50526,CA,READM-30-HIP-KNEE-HRRP,218,1.1011,21.3885,19.4246,53,01-07-2019,30-06-2022
HUNTINGTON BEACH HOSPITAL,50526,CA,READM-30-COPD-HRRP,227,0.9568,13.2776,13.8767,28,01-07-2019,30-06-2022
HUNTINGTON BEACH HOSPITAL,50526,CA,READM-30-CABG-HRRP,159,0.9111,15.283,16.774,18,01-07-2019,30-06-2022
HUNTINGTON BEACH HOSPITAL,50526,CA,READM-30-AMI-HRRP,278,0.8866,18.3287,20.6728,43,01-07-2019,30-06-2022
MEMORIAL HOSPITAL LOS BANOS,50528,CA,READM-30-PN-HRRP,86,0.9921,20.3975,20.5605,17,01-07-2019,30-06-2022
MEMORIAL HOSPITAL LOS BANOS,50528,CA,READM-30-HF-HRRP,143,1.068,15.2012,14.2333,25,01-07-2019,30-06-2022
MEMORIAL HOSPITAL LOS BANOS,50528,CA,READM-30-COPD-HRRP,308,0.9577,16.5398,17.2704,48,01-07-2019,30-06-2022
MEMORIAL HOSPITAL LOS BANOS,50528,CA,READM-30-AMI-HRRP,463,1.0745,21.6298,20.1307,105,01-07-2019,30-06-2022
JOHN F KENNEDY MEMORIAL HOSPITAL,50534,CA,READM-30-PN-HRRP,119,0.9034,18.1893,20.1352,15,01-07-2019,30-06-2022
JOHN F KENNEDY MEMORIAL HOSPITAL,50534,CA,READM-30-HIP-KNEE-HRRP,98,1.1446,12.4059,10.8384,16,01-07-2019,30-06-2022
JOHN F KENNEDY MEMORIAL HOSPITAL,50534,CA,READM-30-HF-HRRP,271,0.9657,12.8017,13.257,33,01-07-2019,30-06-2022
JOHN F KENNEDY MEMORIAL HOSPITAL,50534,CA,READM-30-COPD-HRRP,80,0.9798,15.476,15.7952,11,01-07-2019,30-06-2022
JOHN F KENNEDY MEMORIAL HOSPITAL,50534,CA,READM-30-CABG-HRRP,102,1.052,20.2015,19.2038,24,01-07-2019,30-06-2022
JOHN F KENNEDY MEMORIAL HOSPITAL,50534,CA,READM-30-AMI-HRRP,66,1.0775,18.4697,17.1418,17,01-07-2019,30-06-2022
SUTTER DAVIS HOSPITAL,50537,CA,READM-30-PN-HRRP,501,0.9328,15.5118,16.63,73,01-07-2019,30-06-2022
SUTTER DAVIS HOSPITAL,50537,CA,READM-30-HF-HRRP,696,0.9159,17.1956,18.7744,114,01-07-2019,30-06-2022
SUTTER DAVIS HOSPITAL,50537,CA,READM-30-COPD-HRRP,199,0.96,17.381,18.1059,32,01-07-2019,30-06-2022
SUTTER DAVIS HOSPITAL,50537,CA,READM-30-AMI-HRRP,284,0.982,12.2772,12.5017,34,01-07-2019,30-06-2022
KAISER FOUNDATION HOSPITAL - REDWOOD CITY,50541,CA,READM-30-PN-HRRP,87,1.0301,18.3297,17.7939,18,01-07-2019,30-06-2022
KAISER FOUNDATION HOSPITAL - REDWOOD CITY,50541,CA,READM-30-COPD-HRRP,475,1.0166,18.4945,18.192,89,01-07-2019,30-06-2022
KAISER FOUNDATION HOSPITAL - REDWOOD CITY,50541,CA,READM-30-CABG-HRRP,461,1.0776,22.9715,21.3164,111,01-07-2019,30-06-2022
KAISER FOUNDATION HOSPITAL - REDWOOD CITY,50541,CA,READM-30-AMI-HRRP,181,0.9665,19.4753,20.1513,33,01-07-2019,30-06-2022
COLLEGE HOSPITAL COSTA MESA,50543,CA,READM-30-PN-HRRP,240,1.0322,17.653,17.1028,44,01-07-2019,30-06-2022
COLLEGE HOSPITAL COSTA MESA,50543,CA,READM-30-HIP-KNEE-HRRP,192,1.0823,20.006,18.4849,44,01-07-2019,30-06-2022
COLLEGE HOSPITAL COSTA MESA,50543,CA,READM-30-HF-HRRP,219,1.0701,23.8785,22.314,57,01-07-2019,30-06-2022
COLLEGE HOSPITAL COSTA MESA,50543,CA,READM-30-COPD-HRRP,45,1.0495,19.6275,18.7017,12,01-07-2019,30-06-2022
COLLEGE HOSPITAL COSTA MESA,50543,CA,READM-30-AMI-HRRP,136,1.0443,16.7726,16.0618,25,01-07-2019,30-06-2022
PORTERVILLE DEVELOPMENTAL CENTER,50546,CA,READM-30-PN-HRRP,608,1.1382,20.211,17.7577,132,01-07-2019,30-06-2022
PORTERVILLE DEVELOPMENTAL CENTER,50546,CA,READM-30-HIP-KNEE-HRRP,292,0.9253,4.8624,5.2549,13,01-07-2019,30-06-2022
PORTERVILLE DEVELOPMENTAL CENTER,50546,CA,READM-30-HF-HRRP,648,1.066,21.7104,20.3669,145,01-07-2019,30-06-2022
PORTERVILLE DEVELOPMENTAL CENTER,50546,CA,READM-30-COPD-HRRP,242,1.0004,21.8899,21.8814,53,01-07-2019,30-06-2022
PORTERVILLE DEVELOPMENTAL CENTER,50546,CA,READM-30-AMI-HRRP,146,1.0058,13.5038,13.4255,20,01-07-2019,30-06-2022
LOS ROBLES HOSPITAL & MEDICAL CENTER,50549,CA,READM-30-PN-HRRP,309,1.0522,16.9981,16.1541,56,01-07-2019,30-06-2022
LOS ROBLES HOSPITAL & MEDICAL CENTER,50549,CA,READM-30-HF-HRRP,331,0.9094,17.896,19.6796,53,01-07-2019,30-06-2022
LOS ROBLES HOSPITAL & MEDICAL CENTER,50549,CA,READM-30-COPD-HRRP,129,1.0771,20.2571,18.8065,31,01-07-2019,30-06-2022
LOS ROBLES HOSPITAL & MEDICAL CENTER,50549,CA,READM-30-AMI-HRRP,353,0.939,17.0977,18.2079,56,01-07-2019,30-06-2022
LOS ALAMITOS MEDICAL CENTER,50551,CA,READM-30-HIP-KNEE-HRRP,395,1.0487,21.7146,20.706,89,01-07-2019,30-06-2022
LOS ALAMITOS MEDICAL CENTER,50551,CA,READM-30-HF-HRRP,98,0.9337,16.6647,17.8479,12,01-07-2019,30-06-2022
LOS ALAMITOS MEDICAL CENTER,50551,CA,READM-30-COPD-HRRP,154,1.0726,15.9194,14.8416,28,01-07-2019,30-06-2022
LOS ALAMITOS MEDICAL CENTER,50551,CA,READM-30-AMI-HRRP,61,0.9911,18.995,19.1655,11,01-07-2019,30-06-2022
MEMORIAL MEDICAL CENTER,50557,CA,READM-30-HF-HRRP,303,0.8576,16.0422,18.7063,38,01-07-2019,30-06-2022
MEMORIAL MEDICAL CENTER,50557,CA,READM-30-COPD-HRRP,209,1.1005,24.1117,21.9095,57,01-07-2019,30-06-2022
MEMORIAL MEDICAL CENTER,50557,CA,READM-30-CABG-HRRP,110,0.9177,17.7094,19.2979,14,01-07-2019,30-06-2022
MEMORIAL MEDICAL CENTER,50557,CA,READM-30-AMI-HRRP,71,1.0935,18.8193,17.2099,18,01-07-2019,30-06-2022
KAISER FOUNDATION HOSPITAL - WEST LA,50561,CA,READM-30-PN-HRRP,165,1.0046,16.7775,16.7001,28,01-07-2019,30-06-2022
KAISER FOUNDATION HOSPITAL - WEST LA,50561,CA,READM-30-HF-HRRP,103,1.0626,22.2001,20.892,27,01-07-2019,30-06-2022
KAISER FOUNDATION HOSPITAL - WEST LA,50561,CA,READM-30-COPD-HRRP,96,0.9549,18.7769,19.664,15,01-07-2019,30-06-2022
KAISER FOUNDATION HOSPITAL - WEST LA,50561,CA,READM-30-AMI-HRRP,119,0.9782,15.5302,15.876,17,01-07-2019,30-06-2022
PROVIDENCE MISSION HOSPITAL,50567,CA,READM-30-PN-HRRP,66,1.0293,22.7447,22.0969,17,01-07-2019,30-06-2022
PROVIDENCE MISSION HOSPITAL,50567,CA,READM-30-HF-HRRP,143,1.0071,17.1414,17.0203,25,01-07-2019,30-06-2022
PROVIDENCE MISSION HOSPITAL,50567,CA,READM-30-CABG-HRRP,113,0.9863,21.1797,21.4748,23,01-07-2019,30-06-2022
FOUNTAIN VALLEY REGIONAL HOSPITAL & MEDICAL CENTER,50570,CA,READM-30-HIP-KNEE-HRRP,471,0.9962,16.8286,16.8932,79,01-07-2019,30-06-2022
FOUNTAIN VALLEY REGIONAL HOSPITAL & MEDICAL CENTER,50570,CA,READM-30-HF-HRRP,250,0.965,5.0202,5.2021,12,01-07-2019,30-06-2022
FOUNTAIN VALLEY REGIONAL HOSPITAL & MEDICAL CENTER,50570,CA,READM-30-COPD-HRRP,679,1.1096,22.3793,20.1694,159,01-07-2019,30-06-2022
FOUNTAIN VALLEY REGIONAL HOSPITAL & MEDICAL CENTER,50570,CA,READM-30-CABG-HRRP,230,0.9826,20.0703,20.4248,45,01-07-2019,30-06-2022
FOUNTAIN VALLEY REGIONAL HOSPITAL & MEDICAL CENTER,50570,CA,READM-30-AMI-HRRP,129,1.015,10.5329,10.3773,14,01-07-2019,30-06-2022
EISENHOWER MEDICAL CENTER,50573,CA,READM-30-PN-HRRP,282,0.9877,14.7569,14.9404,41,01-07-2019,30-06-2022
EISENHOWER MEDICAL CENTER,50573,CA,READM-30-HIP-KNEE-HRRP,162,0.9422,15.4558,16.4042,22,01-07-2019,30-06-2022
EISENHOWER MEDICAL CENTER,50573,CA,READM-30-HF-HRRP,273,0.9777,18.5317,18.9542,49,01-07-2019,30-06-2022
EISENHOWER MEDICAL CENTER,50573,CA,READM-30-COPD-HRRP,384,0.9803,4.7676,4.8632,18,01-07-2019,30-06-2022
EISENHOWER MEDICAL CENTER,50573,CA,READM-30-CABG-HRRP,662,1.0954,24.5636,22.4233,169,01-07-2019,30-06-2022
EISENHOWER MEDICAL CENTER,50573,CA,READM-30-AMI-HRRP,159,0.9577,18.7571,19.5847,27,01-07-2019,30-06-2022
LA PALMA INTERCOMMUNITY HOSPITAL,50580,CA,READM-30-HF-HRRP,420,1.0647,20.3592,19.1218,90,01-07-2019,30-06-2022
LA PALMA INTERCOMMUNITY HOSPITAL,50580,CA,READM-30-CABG-HRRP,285,1.1379,24.8942,21.8779,80,01-07-2019,30-06-2022
LA PALMA INTERCOMMUNITY HOSPITAL,50580,CA,READM-30-AMI-HRRP,133,1.0552,20.6241,19.546,31,01-07-2019,30-06-2022
LAKEWOOD REGIONAL MEDICAL CENTER,50581,CA,READM-30-PN-HRRP,78,1.0749,17.0133,15.8277,17,01-07-2019,30-06-2022
LAKEWOOD REGIONAL MEDICAL CENTER,50581,CA,READM-30-HIP-KNEE-HRRP,123,0.9257,16.5167,17.8426,15,01-07-2019,30-06-2022
LAKEWOOD REGIONAL MEDICAL CENTER,50581,CA,READM-30-HF-HRRP,100,0.8928,19.6061,21.9606,12,01-07-2019,30-06-2022
CHINO VALLEY MEDICAL CENTER,50586,CA,READM-30-HIP-KNEE-HRRP,347,1.013,17.3234,17.1016,61,01-07-2019,30-06-2022
CHINO VALLEY MEDICAL CENTER,50586,CA,READM-30-COPD-HRRP,623,0.9161,19.0719,20.8186,113,01-07-2019,30-06-2022
CHINO VALLEY MEDICAL CENTER,50586,CA,READM-30-CABG-HRRP,131,0.978,18.6536,19.0728,23,01-07-2019,30-06-2022
CHINO VALLEY MEDICAL CENTER,50586,CA,READM-30-AMI-HRRP,143,1.0279,10.6528,10.3631,16,01-07-2019,30-06-2022
SAN DIMAS COMMUNITY HOSPITAL,50588,CA,READM-30-PN-HRRP,264,0.8818,12.9404,14.6747,28,01-07-2019,30-06-2022
SAN DIMAS COMMUNITY HOSPITAL,50588,CA,READM-30-HIP-KNEE-HRRP,119,1.0407,16.2238,15.5893,22,01-07-2019,30-06-2022
SAN DIMAS COMMUNITY HOSPITAL,50588,CA,READM-30-COPD-HRRP,89,0.9787,19.5827,20.0099,16,01-07-2019,30-06-2022
SAN DIMAS COMMUNITY HOSPITAL,50588,CA,READM-30-CABG-HRRP,58,1.0309,17.3843,16.8625,12,01-07-2019,30-06-2022
PLACENTIA LINDA HOSPITAL,50589,CA,READM-30-PN-HRRP,164,0.9397,14.7296,15.6741,20,01-07-2019,30-06-2022
PLACENTIA LINDA HOSPITAL,50589,CA,READM-30-HF-HRRP,143,0.9769,19.2542,19.709,26,01-07-2019,30-06-2022
PLACENTIA LINDA HOSPITAL,50589,CA,READM-30-CABG-HRRP,148,1.0611,16.2273,15.2934,28,01-07-2019,30-06-2022
METHODIST HOSPITAL OF SACRAMENTO,50590,CA,READM-30-PN-HRRP,112,0.9913,17.4661,17.619,19,01-07-2019,30-06-2022
METHODIST HOSPITAL OF SACRAMENTO,50590,CA,READM-30-HIP-KNEE-HRRP,73,1.1719,17.9467,15.3144,23,01-07-2019,30-06-2022
METHODIST HOSPITAL OF SACRAMENTO,50590,CA,READM-30-HF-HRRP,135,1.0397,15.8375,15.2324,24,01-07-2019,30-06-2022
METHODIST HOSPITAL OF SACRAMENTO,50590,CA,READM-30-CABG-HRRP,115,0.9056,17.7856,19.6385,14,01-07-2019,30-06-2022
METHODIST HOSPITAL OF SACRAMENTO,50590,CA,READM-30-AMI-HRRP,512,0.8918,16.1877,18.1524,75,01-07-2019,30-06-2022
EMANATE HEALTH FOOTHILL PRESBYTERIAN HOSPITAL,50597,CA,READM-30-PN-HRRP,185,1.1407,5.3908,4.7259,12,01-07-2019,30-06-2022
EMANATE HEALTH FOOTHILL PRESBYTERIAN HOSPITAL,50597,CA,READM-30-HIP-KNEE-HRRP,634,1.0508,22.3393,21.2592,145,01-07-2019,30-06-2022
EMANATE HEALTH FOOTHILL PRESBYTERIAN HOSPITAL,50597,CA,READM-30-HF-HRRP,123,1.0466,19.5407,18.6705,27,01-07-2019,30-06-2022
EMANATE HEALTH FOOTHILL PRESBYTERIAN HOSPITAL,50597,CA,READM-30-CABG-HRRP,129,1.04,13.2549,12.7457,19,01-07-2019,30-06-2022
EMANATE HEALTH FOOTHILL PRESBYTERIAN HOSPITAL,50597,CA,READM-30-AMI-HRRP,255,1.0715,17.7426,16.5586,50,01-07-2019,30-06-2022
UNIVERSITY OF CALIFORNIA DAVIS MEDICAL CENTER,50599,CA,READM-30-PN-HRRP,304,1.0466,21.0294,20.0934,67,01-07-2019,30-06-2022
UNIVERSITY OF CALIFORNIA DAVIS MEDICAL CENTER,50599,CA,READM-30-COPD-HRRP,130,0.9262,13.6948,14.7867,14,01-07-2019,30-06-2022
UNIVERSITY OF CALIFORNIA DAVIS MEDICAL CENTER,50599,CA,READM-30-CABG-HRRP,359,0.9691,16.4741,16.9998,57,01-07-2019,30-06-2022
MEMORIALCARE SADDLEBACK MEDICAL CENTER,50603,CA,READM-30-PN-HRRP,386,1.0217,20.6106,20.1725,81,01-07-2019,30-06-2022
MEMORIALCARE SADDLEBACK MEDICAL CENTER,50603,CA,READM-30-HIP-KNEE-HRRP,178,1.044,20.8576,19.9789,40,01-07-2019,30-06-2022
MEMORIALCARE SADDLEBACK MEDICAL CENTER,50603,CA,READM-30-COPD-HRRP,671,1.0453,16.6902,15.9668,115,01-07-2019,30-06-2022
MEMORIALCARE SADDLEBACK MEDICAL CENTER,50603,CA,READM-30-CABG-HRRP,316,1.0972,4.6138,4.205,16,01-07-2019,30-06-2022
MEMORIALCARE SADDLEBACK MEDICAL CENTER,50603,CA,READM-30-AMI-HRRP,927,1.1104,21.4655,19.3312,206,01-07-2019,30-06-2022
KAISER FOUNDATION HOSPITAL-SAN JOSE,50604,CA,READM-30-PN-HRRP,470,1.1015,21.815,19.8041,109,01-07-2019,30-06-2022
KAISER FOUNDATION HOSPITAL-SAN JOSE,50604,CA,READM-30-HIP-KNEE-HRRP,85,1.2922,13.7888,10.6711,19,01-07-2019,30-06-2022
KAISER FOUNDATION HOSPITAL-SAN JOSE,50604,CA,READM-30-HF-HRRP,309,1.0439,14.5273,13.9164,47,01-07-2019,30-06-2022
KAISER FOUNDATION HOSPITAL-SAN JOSE,50604,CA,READM-30-COPD-HRRP,150,1.0114,16.1533,15.9707,25,01-07-2019,30-06-2022
KAISER FOUNDATION HOSPITAL-SAN JOSE,50604,CA,READM-30-AMI-HRRP,227,1.1154,23.1455,20.7507,60,01-07-2019,30-06-2022
ADVENTIST HEALTH DELANO,50608,CA,READM-30-HF-HRRP,92,1.0479,15.9153,15.1879,17,01-07-2019,30-06-2022
ADVENTIST HEALTH DELANO,50608,CA,READM-30-COPD-HRRP,317,0.9356,16.5956,17.7381,48,01-07-2019,30-06-2022
ADVENTIST HEALTH DELANO,50608,CA,READM-30-CABG-HRRP,616,0.8616,3.7774,4.384,21,01-07-2019,30-06-2022
ADVENTIST HEALTH DELANO,50608,CA,READM-30-AMI-HRRP,298,1.1054,22.8713,20.6905,75,01-07-2019,30-06-2022
KAISER FOUNDATION HOSPITAL - ORANGE COUNTY - ANAHEIM,50609,CA,READM-30-AMI-HRRP,88,0.9451,16.5452,17.5057,11,01-07-2019,30-06-2022
KAISER FOUNDATION HOSPITAL - ORANGE COUNTY - ANAHEIM,50609,CA,READM-30-HIP-KNEE-HRRP,160,1.0826,19.6367,18.139,37,01-07-2019,30-06-2022
KAISER FOUNDATION HOSPITAL - ORANGE COUNTY - ANAHEIM,50609,CA,READM-30-COPD-HRRP,208,1.0213,22.383,21.9151,48,01-07-2019,30-06-2022
HENRY MAYO NEWHALL  HOSPITAL,50624,CA,READM-30-HIP-KNEE-HRRP,960,1.0441,17.1919,16.4655,168,01-07-2019,30-06-2022
HENRY MAYO NEWHALL  HOSPITAL,50624,CA,READM-30-COPD-HRRP,885,1.042,20.7061,19.8708,186,01-07-2019,30-06-2022
HENRY MAYO NEWHALL  HOSPITAL,50624,CA,READM-30-CABG-HRRP,170,1.038,20.314,19.5712,37,01-07-2019,30-06-2022
HENRY MAYO NEWHALL  HOSPITAL,50624,CA,READM-30-AMI-HRRP,118,1.1222,12.4839,11.125,18,01-07-2019,30-06-2022
CEDARS-SINAI MEDICAL CENTER,50625,CA,READM-30-PN-HRRP,265,0.9118,13.7965,15.1317,32,01-07-2019,30-06-2022
CEDARS-SINAI MEDICAL CENTER,50625,CA,READM-30-HIP-KNEE-HRRP,391,0.9694,17.9488,18.5157,68,01-07-2019,30-06-2022
CEDARS-SINAI MEDICAL CENTER,50625,CA,READM-30-COPD-HRRP,312,0.9718,20.8135,21.4184,63,01-07-2019,30-06-2022
CEDARS-SINAI MEDICAL CENTER,50625,CA,READM-30-CABG-HRRP,168,0.9778,19.3317,19.7699,31,01-07-2019,30-06-2022
CEDARS-SINAI MEDICAL CENTER,50625,CA,READM-30-AMI-HRRP,135,1.2046,14.5016,12.0382,25,01-07-2019,30-06-2022
TENET HEALTH CENTRAL TWIN CITIES COMMUNITY HOSP,50633,CA,READM-30-PN-HRRP,161,1.0332,15.1411,14.6546,26,01-07-2019,30-06-2022
TENET HEALTH CENTRAL TWIN CITIES COMMUNITY HOSP,50633,CA,READM-30-HIP-KNEE-HRRP,66,1.0571,18.3744,17.3812,16,01-07-2019,30-06-2022
TENET HEALTH CENTRAL TWIN CITIES COMMUNITY HOSP,50633,CA,READM-30-CABG-HRRP,542,1.1138,17.2862,15.5198,101,01-07-2019,30-06-2022
PALOMAR MEDICAL CENTER POWAY,50636,CA,READM-30-PN-HRRP,390,0.9944,19.8397,19.9521,77,01-07-2019,30-06-2022
PALOMAR MEDICAL CENTER POWAY,50636,CA,READM-30-HIP-KNEE-HRRP,115,1.0088,17.7767,17.6222,21,01-07-2019,30-06-2022
PALOMAR MEDICAL CENTER POWAY,50636,CA,READM-30-COPD-HRRP,159,0.9969,13.9312,13.9739,22,01-07-2019,30-06-2022
PALOMAR MEDICAL CENTER POWAY,50636,CA,READM-30-CABG-HRRP,191,0.9124,16.9504,18.5771,26,01-07-2019,30-06-2022
EAST LOS ANGELES DOCTORS HOSPITAL,50641,CA,READM-30-PN-HRRP,167,0.9155,19.0787,20.8396,26,01-07-2019,30-06-2022
EAST LOS ANGELES DOCTORS HOSPITAL,50641,CA,READM-30-COPD-HRRP,257,0.9874,18.2445,18.4764,46,01-07-2019,30-06-2022
EAST LOS ANGELES DOCTORS HOSPITAL,50641,CA,READM-30-CABG-HRRP,400,0.951,3.6905,3.8808,14,01-07-2019,30-06-2022
EAST LOS ANGELES DOCTORS HOSPITAL,50641,CA,READM-30-AMI-HRRP,292,1.0958,24.5271,22.3822,78,01-07-2019,30-06-2022
LOS ANGELES COMMUNITY HOSPITAL,50663,CA,READM-30-PN-HRRP,103,1.1003,22.8567,20.7723,30,01-07-2019,30-06-2022
LOS ANGELES COMMUNITY HOSPITAL,50663,CA,READM-30-HF-HRRP,129,1.0353,17.2211,16.6347,24,01-07-2019,30-06-2022
LOS ANGELES COMMUNITY HOSPITAL,50663,CA,READM-30-COPD-HRRP,156,1.0195,20.2687,19.8807,33,01-07-2019,30-06-2022
LOS ANGELES COMMUNITY HOSPITAL,50663,CA,READM-30-CABG-HRRP,72,1.0377,22.8675,22.0365,19,01-07-2019,30-06-2022
LOS ANGELES COMMUNITY HOSPITAL,50663,CA,READM-30-AMI-HRRP,61,1.0396,21.9425,21.107,16,01-07-2019,30-06-2022
LAGUNA HONDA HOSPITAL & REHABILITATION CENTER,50668,CA,READM-30-PN-HRRP,63,1.1251,20.1815,17.9373,21,01-07-2019,30-06-2022
LAGUNA HONDA HOSPITAL & REHABILITATION CENTER,50668,CA,READM-30-HIP-KNEE-HRRP,148,0.9334,18.1343,19.4287,22,01-07-2019,30-06-2022
LAGUNA HONDA HOSPITAL & REHABILITATION CENTER,50668,CA,READM-30-HF-HRRP,94,1.0503,25.0243,23.825,27,01-07-2019,30-06-2022
LAGUNA HONDA HOSPITAL & REHABILITATION CENTER,50668,CA,READM-30-CABG-HRRP,135,0.986,18.5161,18.7783,24,01-07-2019,30-06-2022
KAISER FOUNDATION HOSP SO SACRAMENTO,50674,CA,READM-30-PN-HRRP,171,0.9907,22.014,22.2207,37,01-07-2019,30-06-2022
KAISER FOUNDATION HOSP SO SACRAMENTO,50674,CA,READM-30-HF-HRRP,103,1.1477,21.0899,18.375,29,01-07-2019,30-06-2022
KAISER FOUNDATION HOSP SO SACRAMENTO,50674,CA,READM-30-COPD-HRRP,195,0.9759,16.2318,16.6331,30,01-07-2019,30-06-2022
KAISER FOUNDATION HOSP SO SACRAMENTO,50674,CA,READM-30-CABG-HRRP,249,1.0714,21.4309,20.0033,58,01-07-2019,30-06-2022
KAISER FOUNDATION HOSP SO SACRAMENTO,50674,CA,READM-30-AMI-HRRP,73,1.0543,19.9288,18.9017,18,01-07-2019,30-06-2022
KAISER FOUNDATION HOSPITAL - WOODLAND HILLS,50677,CA,READM-30-PN-HRRP,95,1.0764,17.1347,15.919,20,01-07-2019,30-06-2022
KAISER FOUNDATION HOSPITAL - WOODLAND HILLS,50677,CA,READM-30-HIP-KNEE-HRRP,226,1.1112,18.879,16.9904,50,01-07-2019,30-06-2022
KAISER FOUNDATION HOSPITAL - WOODLAND HILLS,50677,CA,READM-30-COPD-HRRP,234,1.1294,25.0034,22.1384,67,01-07-2019,30-06-2022
KAISER FOUNDATION HOSPITAL - WOODLAND HILLS,50677,CA,READM-30-CABG-HRRP,105,1.0326,18.0455,17.475,21,01-07-2019,30-06-2022
KAISER FOUNDATION HOSPITAL - WOODLAND HILLS,50677,CA,READM-30-AMI-HRRP,128,1.0027,15.5201,15.4785,20,01-07-2019,30-06-2022
MEMORIALCARE ORANGE COAST MEDICAL CENTER,50678,CA,READM-30-PN-HRRP,100,1.0265,17.2072,16.7629,19,01-07-2019,30-06-2022
MEMORIALCARE ORANGE COAST MEDICAL CENTER,50678,CA,READM-30-HIP-KNEE-HRRP,65,1.045,18.668,17.864,15,01-07-2019,30-06-2022
MEMORIALCARE ORANGE COAST MEDICAL CENTER,50678,CA,READM-30-COPD-HRRP,686,0.9903,17.153,17.3213,117,01-07-2019,30-06-2022
MEMORIALCARE ORANGE COAST MEDICAL CENTER,50678,CA,READM-30-CABG-HRRP,477,1.1226,5.2871,4.7097,27,01-07-2019,30-06-2022
MEMORIALCARE ORANGE COAST MEDICAL CENTER,50678,CA,READM-30-AMI-HRRP,875,1.0029,20.8919,20.8314,183,01-07-2019,30-06-2022
MENIFEE GLOBAL MEDICAL CENTER,50684,CA,READM-30-PN-HRRP,290,1.0602,20.7287,19.5525,64,01-07-2019,30-06-2022
MENIFEE GLOBAL MEDICAL CENTER,50684,CA,READM-30-HIP-KNEE-HRRP,141,1.2406,16.0721,12.9552,29,01-07-2019,30-06-2022
MENIFEE GLOBAL MEDICAL CENTER,50684,CA,READM-30-HF-HRRP,337,1.0171,15.4759,15.2158,53,01-07-2019,30-06-2022
MENIFEE GLOBAL MEDICAL CENTER,50684,CA,READM-30-COPD-HRRP,89,1.0689,18.402,17.2156,21,01-07-2019,30-06-2022
MENIFEE GLOBAL MEDICAL CENTER,50684,CA,READM-30-CABG-HRRP,119,1.0308,20.9695,20.3425,27,01-07-2019,30-06-2022
"KAISER FOUNDATION HOSPITAL, RIVERSIDE",50686,CA,READM-30-HIP-KNEE-HRRP,61,1.0403,17.9518,17.2563,13,01-07-2019,30-06-2022
"KAISER FOUNDATION HOSPITAL, RIVERSIDE",50686,CA,READM-30-HF-HRRP,256,0.9626,18.6424,19.3663,45,01-07-2019,30-06-2022
"KAISER FOUNDATION HOSPITAL, RIVERSIDE",50686,CA,READM-30-COPD-HRRP,153,0.9409,21.6951,23.059,29,01-07-2019,30-06-2022
"KAISER FOUNDATION HOSPITAL, RIVERSIDE",50686,CA,READM-30-CABG-HRRP,39,1.048,20.2478,19.3209,11,01-07-2019,30-06-2022
SAN RAMON REGIONAL MEDICAL CENTER,50689,CA,READM-30-PN-HRRP,92,1.0631,22.6169,21.2736,25,01-07-2019,30-06-2022
SAN RAMON REGIONAL MEDICAL CENTER,50689,CA,READM-30-COPD-HRRP,916,0.9961,16.1862,16.2497,148,01-07-2019,30-06-2022
SAN RAMON REGIONAL MEDICAL CENTER,50689,CA,READM-30-CABG-HRRP,760,1.0606,4.4871,4.2306,35,01-07-2019,30-06-2022
SAN RAMON REGIONAL MEDICAL CENTER,50689,CA,READM-30-AMI-HRRP,895,1.0156,20.1083,19.7995,181,01-07-2019,30-06-2022
KAISER FOUNDATION HOSPITAL-SANTA ROSA,50690,CA,READM-30-PN-HRRP,282,1.043,19.5827,18.7748,58,01-07-2019,30-06-2022
KAISER FOUNDATION HOSPITAL-SANTA ROSA,50690,CA,READM-30-HF-HRRP,477,1.0573,14.3139,13.5388,71,01-07-2019,30-06-2022
KAISER FOUNDATION HOSPITAL-SANTA ROSA,50690,CA,READM-30-COPD-HRRP,301,1.0298,16.6117,16.1306,52,01-07-2019,30-06-2022
KAISER FOUNDATION HOSPITAL-SANTA ROSA,50690,CA,READM-30-CABG-HRRP,245,1.0396,4.6557,4.4785,12,01-07-2019,30-06-2022
KAISER FOUNDATION HOSPITAL-SANTA ROSA,50690,CA,READM-30-AMI-HRRP,340,0.9648,19.2291,19.9315,63,01-07-2019,30-06-2022
KECK HOSPITAL OF USC,50696,CA,READM-30-PN-HRRP,146,1.0134,19.2715,19.0159,29,01-07-2019,30-06-2022
KECK HOSPITAL OF USC,50696,CA,READM-30-HF-HRRP,169,0.9672,13.9818,14.4553,22,01-07-2019,30-06-2022
KECK HOSPITAL OF USC,50696,CA,READM-30-COPD-HRRP,192,1.0044,15.991,15.9205,31,01-07-2019,30-06-2022
KECK HOSPITAL OF USC,50696,CA,READM-30-AMI-HRRP,244,1.0204,19.9445,19.5463,50,01-07-2019,30-06-2022
PATIENTS' HOSPITAL OF REDDING,50697,CA,READM-30-PN-HRRP,84,0.957,17.6629,18.4561,12,01-07-2019,30-06-2022
PATIENTS' HOSPITAL OF REDDING,50697,CA,READM-30-HIP-KNEE-HRRP,98,1.0319,12.756,12.3615,14,01-07-2019,30-06-2022
PATIENTS' HOSPITAL OF REDDING,50697,CA,READM-30-HF-HRRP,695,0.9063,15.3493,16.9366,100,01-07-2019,30-06-2022
PATIENTS' HOSPITAL OF REDDING,50697,CA,READM-30-COPD-HRRP,186,1.1467,6.3726,5.5571,14,01-07-2019,30-06-2022
PATIENTS' HOSPITAL OF REDDING,50697,CA,READM-30-CABG-HRRP,762,1.0029,21.2345,21.174,162,01-07-2019,30-06-2022
PATIENTS' HOSPITAL OF REDDING,50697,CA,READM-30-AMI-HRRP,234,1.0181,21.273,20.8938,51,01-07-2019,30-06-2022
SOUTHWEST HEALTHCARE SYSTEM,50701,CA,READM-30-PN-HRRP,358,0.947,13.0335,13.7633,44,01-07-2019,30-06-2022
SOUTHWEST HEALTHCARE SYSTEM,50701,CA,READM-30-HIP-KNEE-HRRP,306,1.0643,18.8443,17.7064,62,01-07-2019,30-06-2022
SOUTHWEST HEALTHCARE SYSTEM,50701,CA,READM-30-COPD-HRRP,397,1.0035,20.5951,20.5227,82,01-07-2019,30-06-2022
SOUTHWEST HEALTHCARE SYSTEM,50701,CA,READM-30-CABG-HRRP,130,1.0397,18.8321,18.1138,27,01-07-2019,30-06-2022
SOUTHWEST HEALTHCARE SYSTEM,50701,CA,READM-30-AMI-HRRP,129,1.009,15.2963,15.1597,20,01-07-2019,30-06-2022
MISSION COMMUNITY HOSPITAL,50704,CA,READM-30-PN-HRRP,205,0.9761,13.2563,13.5815,26,01-07-2019,30-06-2022
MISSION COMMUNITY HOSPITAL,50704,CA,READM-30-HIP-KNEE-HRRP,158,1.0626,18.8205,17.7122,34,01-07-2019,30-06-2022
MISSION COMMUNITY HOSPITAL,50704,CA,READM-30-COPD-HRRP,143,1.0336,22.1986,21.4763,34,01-07-2019,30-06-2022
MISSION COMMUNITY HOSPITAL,50704,CA,READM-30-AMI-HRRP,419,0.9072,18.5989,20.5013,71,01-07-2019,30-06-2022
FRESNO SURGICAL HOSPITAL,50708,CA,READM-30-HIP-KNEE-HRRP,351,0.9965,23.1475,23.2298,81,01-07-2019,30-06-2022
FRESNO SURGICAL HOSPITAL,50708,CA,READM-30-HF-HRRP,124,1.0216,22.2009,21.7318,29,01-07-2019,30-06-2022
FRESNO SURGICAL HOSPITAL,50708,CA,READM-30-CABG-HRRP,149,1.0646,17.3216,16.2712,29,01-07-2019,30-06-2022
FRESNO SURGICAL HOSPITAL,50708,CA,READM-30-AMI-HRRP,208,0.9239,16.565,17.9296,29,01-07-2019,30-06-2022
DESERT VALLEY HOSPITAL,50709,CA,READM-30-PN-HRRP,247,1.128,24.9346,22.106,70,01-07-2019,30-06-2022
DESERT VALLEY HOSPITAL,50709,CA,READM-30-HIP-KNEE-HRRP,77,1.0264,23.5725,22.9657,20,01-07-2019,30-06-2022
DESERT VALLEY HOSPITAL,50709,CA,READM-30-HF-HRRP,112,1.0865,18.4615,16.9919,25,01-07-2019,30-06-2022
DESERT VALLEY HOSPITAL,50709,CA,READM-30-COPD-HRRP,42,1.0659,18.7857,17.624,12,01-07-2019,30-06-2022
DESERT VALLEY HOSPITAL,50709,CA,READM-30-CABG-HRRP,70,1.0176,16.8436,16.553,13,01-07-2019,30-06-2022
DESERT VALLEY HOSPITAL,50709,CA,READM-30-AMI-HRRP,67,1.0016,22.2211,22.185,15,01-07-2019,30-06-2022
KAISER FOUNDATION HOSPITAL - FRESNO,50710,CA,READM-30-PN-HRRP,468,0.9768,16.3682,16.7577,75,01-07-2019,30-06-2022
KAISER FOUNDATION HOSPITAL - FRESNO,50710,CA,READM-30-HIP-KNEE-HRRP,243,1.1087,5.5071,4.9671,15,01-07-2019,30-06-2022
KAISER FOUNDATION HOSPITAL - FRESNO,50710,CA,READM-30-HF-HRRP,559,1.0457,21.2852,20.3548,122,01-07-2019,30-06-2022
KAISER FOUNDATION HOSPITAL - FRESNO,50710,CA,READM-30-COPD-HRRP,157,1.0414,18.0876,17.3681,31,01-07-2019,30-06-2022
KAISER FOUNDATION HOSPITAL - FRESNO,50710,CA,READM-30-CABG-HRRP,66,1.1234,13.1206,11.6792,12,01-07-2019,30-06-2022
KAISER FOUNDATION HOSPITAL - FRESNO,50710,CA,READM-30-AMI-HRRP,210,1.1383,15.9734,14.0322,40,01-07-2019,30-06-2022
SUTTER MATERNITY & SURGERY CENTER OF SANTA CRUZ,50714,CA,READM-30-HIP-KNEE-HRRP,352,1.0019,22.6896,22.646,80,01-07-2019,30-06-2022
SUTTER MATERNITY & SURGERY CENTER OF SANTA CRUZ,50714,CA,READM-30-HF-HRRP,135,0.9905,18.9808,19.163,25,01-07-2019,30-06-2022
SUTTER MATERNITY & SURGERY CENTER OF SANTA CRUZ,50714,CA,READM-30-COPD-HRRP,209,0.9773,17.9896,18.408,36,01-07-2019,30-06-2022
SUTTER MATERNITY & SURGERY CENTER OF SANTA CRUZ,50714,CA,READM-30-CABG-HRRP,68,1.0361,16.4509,15.8773,13,01-07-2019,30-06-2022
SUTTER MATERNITY & SURGERY CENTER OF SANTA CRUZ,50714,CA,READM-30-AMI-HRRP,510,1.0992,20.0655,18.2552,109,01-07-2019,30-06-2022
LAC/RANCHO LOS AMIGOS NATIONAL REHABILITATION  CTR,50717,CA,READM-30-HIP-KNEE-HRRP,391,1.0026,21.4389,21.3841,84,01-07-2019,30-06-2022
LAC/RANCHO LOS AMIGOS NATIONAL REHABILITATION  CTR,50717,CA,READM-30-HF-HRRP,140,0.9958,19.4852,19.568,27,01-07-2019,30-06-2022
LAC/RANCHO LOS AMIGOS NATIONAL REHABILITATION  CTR,50717,CA,READM-30-CABG-HRRP,172,1.1261,16.3123,14.4856,34,01-07-2019,30-06-2022
KAISER FOUNDATION HOSPITAL - BALDWIN PARK,50723,CA,READM-30-PN-HRRP,223,1.136,23.8675,21.0102,62,01-07-2019,30-06-2022
KAISER FOUNDATION HOSPITAL - BALDWIN PARK,50723,CA,READM-30-HIP-KNEE-HRRP,105,1.1312,24.3316,21.5092,34,01-07-2019,30-06-2022
KAISER FOUNDATION HOSPITAL - BALDWIN PARK,50723,CA,READM-30-COPD-HRRP,201,1.0672,20.5653,19.2703,46,01-07-2019,30-06-2022
KAISER FOUNDATION HOSPITAL - BALDWIN PARK,50723,CA,READM-30-CABG-HRRP,95,1.0303,16.3078,15.8286,17,01-07-2019,30-06-2022
KAISER FOUNDATION HOSPITAL - BALDWIN PARK,50723,CA,READM-30-AMI-HRRP,466,0.9578,17.3804,18.1462,78,01-07-2019,30-06-2022
BAKERSFIELD HEART HOSPITAL,50724,CA,READM-30-HIP-KNEE-HRRP,328,1.0563,22.9363,21.7137,79,01-07-2019,30-06-2022
BAKERSFIELD HEART HOSPITAL,50724,CA,READM-30-HF-HRRP,162,0.961,18.894,19.6609,28,01-07-2019,30-06-2022
BAKERSFIELD HEART HOSPITAL,50724,CA,READM-30-COPD-HRRP,93,0.9539,14.342,15.0354,11,01-07-2019,30-06-2022
BAKERSFIELD HEART HOSPITAL,50724,CA,READM-30-AMI-HRRP,395,1.1412,24.0264,21.054,104,01-07-2019,30-06-2022
STANISLAUS SURGICAL HOSPITAL,50726,CA,READM-30-PN-HRRP,142,0.9649,18.533,19.2072,24,01-07-2019,30-06-2022
STANISLAUS SURGICAL HOSPITAL,50726,CA,READM-30-HIP-KNEE-HRRP,85,1.1179,14.9623,13.384,16,01-07-2019,30-06-2022
STANISLAUS SURGICAL HOSPITAL,50726,CA,READM-30-HF-HRRP,264,1.0828,19.1112,17.6502,56,01-07-2019,30-06-2022
STANISLAUS SURGICAL HOSPITAL,50726,CA,READM-30-COPD-HRRP,152,1.136,17.4702,15.3784,33,01-07-2019,30-06-2022
STANISLAUS SURGICAL HOSPITAL,50726,CA,READM-30-CABG-HRRP,502,0.9702,15.546,16.023,76,01-07-2019,30-06-2022
WHITTIER HOSPITAL MEDICAL CENTER,50735,CA,READM-30-PN-HRRP,657,0.9707,20.2423,20.8529,131,01-07-2019,30-06-2022
WHITTIER HOSPITAL MEDICAL CENTER,50735,CA,READM-30-HIP-KNEE-HRRP,228,0.9446,18.7337,19.8319,39,01-07-2019,30-06-2022
WHITTIER HOSPITAL MEDICAL CENTER,50735,CA,READM-30-HF-HRRP,359,1.1238,23.1208,20.5744,91,01-07-2019,30-06-2022
WHITTIER HOSPITAL MEDICAL CENTER,50735,CA,READM-30-COPD-HRRP,91,1.0562,21.2774,20.1459,23,01-07-2019,30-06-2022
WHITTIER HOSPITAL MEDICAL CENTER,50735,CA,READM-30-CABG-HRRP,124,1.2766,16.0186,12.5477,27,01-07-2019,30-06-2022
WHITTIER HOSPITAL MEDICAL CENTER,50735,CA,READM-30-AMI-HRRP,221,1.0763,15.0981,14.028,37,01-07-2019,30-06-2022
MONTEREY PARK HOSPITAL,50736,CA,READM-30-PN-HRRP,196,1.1257,19.244,17.0956,46,01-07-2019,30-06-2022
MONTEREY PARK HOSPITAL,50736,CA,READM-30-HIP-KNEE-HRRP,294,1.0533,18.5006,17.5642,58,01-07-2019,30-06-2022
MONTEREY PARK HOSPITAL,50736,CA,READM-30-HF-HRRP,330,1.108,23.6207,21.319,85,01-07-2019,30-06-2022
MONTEREY PARK HOSPITAL,50736,CA,READM-30-COPD-HRRP,91,1.0358,23.6603,22.8431,24,01-07-2019,30-06-2022
MONTEREY PARK HOSPITAL,50736,CA,READM-30-CABG-HRRP,68,1.0361,14.6338,14.1242,11,01-07-2019,30-06-2022
MONTEREY PARK HOSPITAL,50736,CA,READM-30-AMI-HRRP,114,1.0703,18.0056,16.8227,24,01-07-2019,30-06-2022
GARFIELD MEDICAL CENTER,50737,CA,READM-30-HIP-KNEE-HRRP,280,1.0693,21.6108,20.2106,65,01-07-2019,30-06-2022
GARFIELD MEDICAL CENTER,50737,CA,READM-30-HF-HRRP,87,0.9583,18.1075,18.895,13,01-07-2019,30-06-2022
GARFIELD MEDICAL CENTER,50737,CA,READM-30-COPD-HRRP,200,0.9595,15.8942,16.5649,29,01-07-2019,30-06-2022
GARFIELD MEDICAL CENTER,50737,CA,READM-30-CABG-HRRP,155,0.9835,14.0724,14.3079,21,01-07-2019,30-06-2022
GARFIELD MEDICAL CENTER,50737,CA,READM-30-AMI-HRRP,104,0.9803,17.6716,18.0268,17,01-07-2019,30-06-2022
GREATER EL MONTE COMMUNITY HOSPITAL,50738,CA,READM-30-PN-HRRP,153,1.105,23.0084,20.8214,42,01-07-2019,30-06-2022
GREATER EL MONTE COMMUNITY HOSPITAL,50738,CA,READM-30-HIP-KNEE-HRRP,120,0.9786,19.5145,19.9418,22,01-07-2019,30-06-2022
GREATER EL MONTE COMMUNITY HOSPITAL,50738,CA,READM-30-HF-HRRP,652,0.9428,3.8184,4.0499,24,01-07-2019,30-06-2022
GREATER EL MONTE COMMUNITY HOSPITAL,50738,CA,READM-30-COPD-HRRP,375,1.0329,19.4317,18.8121,75,01-07-2019,30-06-2022
GREATER EL MONTE COMMUNITY HOSPITAL,50738,CA,READM-30-CABG-HRRP,170,1.0159,17.6506,17.375,31,01-07-2019,30-06-2022
CENTINELA HOSPITAL MEDICAL CENTER,50739,CA,READM-30-PN-HRRP,610,1.0019,15.7168,15.6869,96,01-07-2019,30-06-2022
CENTINELA HOSPITAL MEDICAL CENTER,50739,CA,READM-30-HIP-KNEE-HRRP,99,1.1192,13.6407,12.1881,19,01-07-2019,30-06-2022
CENTINELA HOSPITAL MEDICAL CENTER,50739,CA,READM-30-HF-HRRP,211,1.2105,19.3297,15.9683,54,01-07-2019,30-06-2022
CENTINELA HOSPITAL MEDICAL CENTER,50739,CA,READM-30-CABG-HRRP,262,1.1972,24.2753,20.2771,76,01-07-2019,30-06-2022
CENTINELA HOSPITAL MEDICAL CENTER,50739,CA,READM-30-AMI-HRRP,87,1.006,16.8086,16.7087,15,01-07-2019,30-06-2022
CEDAR-SINAI MARINA DEL REY HOSPITAL,50740,CA,READM-30-PN-HRRP,107,1.0404,15.8707,15.254,19,01-07-2019,30-06-2022
CEDAR-SINAI MARINA DEL REY HOSPITAL,50740,CA,READM-30-HF-HRRP,336,1.0325,22.2685,21.5671,77,01-07-2019,30-06-2022
CEDAR-SINAI MARINA DEL REY HOSPITAL,50740,CA,READM-30-COPD-HRRP,128,1.0525,20.0418,19.0418,29,01-07-2019,30-06-2022
CEDAR-SINAI MARINA DEL REY HOSPITAL,50740,CA,READM-30-CABG-HRRP,66,1.1621,14.6058,12.5686,14,01-07-2019,30-06-2022
ANAHEIM GLOBAL MEDICAL CENTER,50744,CA,READM-30-PN-HRRP,254,0.9896,18.0047,18.1943,45,01-07-2019,30-06-2022
ANAHEIM GLOBAL MEDICAL CENTER,50744,CA,READM-30-HIP-KNEE-HRRP,141,1.1713,17.7675,15.1686,33,01-07-2019,30-06-2022
ANAHEIM GLOBAL MEDICAL CENTER,50744,CA,READM-30-HF-HRRP,707,0.8991,15.1636,16.8662,100,01-07-2019,30-06-2022
ANAHEIM GLOBAL MEDICAL CENTER,50744,CA,READM-30-CABG-HRRP,790,1.0305,21.5162,20.8798,172,01-07-2019,30-06-2022
ANAHEIM GLOBAL MEDICAL CENTER,50744,CA,READM-30-AMI-HRRP,140,1.0334,20.5861,19.9199,31,01-07-2019,30-06-2022
CHAPMAN GLOBAL MEDICAL CENTER,50745,CA,READM-30-PN-HRRP,93,1.0299,12.0078,11.6588,12,01-07-2019,30-06-2022
CHAPMAN GLOBAL MEDICAL CENTER,50745,CA,READM-30-HIP-KNEE-HRRP,312,1.063,16.9556,15.9504,56,01-07-2019,30-06-2022
CHAPMAN GLOBAL MEDICAL CENTER,50745,CA,READM-30-COPD-HRRP,291,1.0656,21.2219,19.9163,66,01-07-2019,30-06-2022
CHAPMAN GLOBAL MEDICAL CENTER,50745,CA,READM-30-CABG-HRRP,87,0.9926,16.6256,16.7491,14,01-07-2019,30-06-2022
ORANGE COUNTY GLOBAL MEDICAL CENTER,50746,CA,READM-30-PN-HRRP,267,1.105,17.6744,15.9947,54,01-07-2019,30-06-2022
ORANGE COUNTY GLOBAL MEDICAL CENTER,50746,CA,READM-30-HIP-KNEE-HRRP,329,1.1365,18.8719,16.6053,71,01-07-2019,30-06-2022
ORANGE COUNTY GLOBAL MEDICAL CENTER,50746,CA,READM-30-HF-HRRP,929,1.3073,5.4766,4.1893,55,01-07-2019,30-06-2022
ORANGE COUNTY GLOBAL MEDICAL CENTER,50746,CA,READM-30-COPD-HRRP,342,1.3076,25.8605,19.7773,107,01-07-2019,30-06-2022
ORANGE COUNTY GLOBAL MEDICAL CENTER,50746,CA,READM-30-CABG-HRRP,178,1.0773,18.102,16.8024,37,01-07-2019,30-06-2022
ORANGE COUNTY GLOBAL MEDICAL CENTER,50746,CA,READM-30-AMI-HRRP,70,1.167,16.126,13.8178,19,01-07-2019,30-06-2022
COASTAL COMMUNITIES HOSPITAL,50747,CA,READM-30-PN-HRRP,174,1.4629,7.4637,5.1018,19,01-07-2019,30-06-2022
COASTAL COMMUNITIES HOSPITAL,50747,CA,READM-30-HIP-KNEE-HRRP,523,1.0567,22.2259,21.0323,120,01-07-2019,30-06-2022
COASTAL COMMUNITIES HOSPITAL,50747,CA,READM-30-HF-HRRP,226,0.9799,17.3867,17.743,38,01-07-2019,30-06-2022
COASTAL COMMUNITIES HOSPITAL,50747,CA,READM-30-COPD-HRRP,51,1.1201,15.0951,13.4763,11,01-07-2019,30-06-2022
COASTAL COMMUNITIES HOSPITAL,50747,CA,READM-30-CABG-HRRP,556,0.9755,17.9372,18.3882,98,01-07-2019,30-06-2022
COASTAL COMMUNITIES HOSPITAL,50747,CA,READM-30-AMI-HRRP,253,1.013,15.9484,15.744,41,01-07-2019,30-06-2022
KAISER FOUNDATION HOSPITAL MANTECA,50748,CA,READM-30-PN-HRRP,471,1.0254,17.0438,16.6211,82,01-07-2019,30-06-2022
KAISER FOUNDATION HOSPITAL MANTECA,50748,CA,READM-30-HIP-KNEE-HRRP,529,0.9863,20.9693,21.26,110,01-07-2019,30-06-2022
KAISER FOUNDATION HOSPITAL MANTECA,50748,CA,READM-30-HF-HRRP,152,0.964,18.6897,19.3879,26,01-07-2019,30-06-2022
KAISER FOUNDATION HOSPITAL MANTECA,50748,CA,READM-30-COPD-HRRP,229,0.9474,13.3898,14.1329,28,01-07-2019,30-06-2022
KAISER FOUNDATION HOSPITAL MANTECA,50748,CA,READM-30-AMI-HRRP,156,1.0152,19.2377,18.9504,31,01-07-2019,30-06-2022
SHERMAN OAKS HOSPITAL,50755,CA,READM-30-PN-HRRP,65,0.9928,17.6436,17.7724,11,01-07-2019,30-06-2022
SHERMAN OAKS HOSPITAL,50755,CA,READM-30-HIP-KNEE-HRRP,152,0.9686,15.8925,16.4085,22,01-07-2019,30-06-2022
SHERMAN OAKS HOSPITAL,50755,CA,READM-30-HF-HRRP,155,0.9275,14.2315,15.3446,17,01-07-2019,30-06-2022
SHERMAN OAKS HOSPITAL,50755,CA,READM-30-CABG-HRRP,171,1.0211,20.8133,20.3823,37,01-07-2019,30-06-2022
SHERMAN OAKS HOSPITAL,50755,CA,READM-30-AMI-HRRP,75,0.9944,16.4729,16.5661,12,01-07-2019,30-06-2022
ALVARADO HOSPITAL MEDICAL CENTER,50757,CA,READM-30-PN-HRRP,113,1.1127,14.8784,13.3716,22,01-07-2019,30-06-2022
ALVARADO HOSPITAL MEDICAL CENTER,50757,CA,READM-30-HF-HRRP,181,1.1154,22.9658,20.5892,49,01-07-2019,30-06-2022
ALVARADO HOSPITAL MEDICAL CENTER,50757,CA,READM-30-COPD-HRRP,58,1.0283,19.2717,18.7413,13,01-07-2019,30-06-2022
ALVARADO HOSPITAL MEDICAL CENTER,50757,CA,READM-30-CABG-HRRP,163,1.0251,16.744,16.3334,29,01-07-2019,30-06-2022
ALVARADO HOSPITAL MEDICAL CENTER,50757,CA,READM-30-AMI-HRRP,175,1.1199,17.8569,15.9446,39,01-07-2019,30-06-2022
MONTCLAIR HOSPITAL MEDICAL CENTER,50758,CA,READM-30-PN-HRRP,119,0.9619,18.9819,19.7346,20,01-07-2019,30-06-2022
MONTCLAIR HOSPITAL MEDICAL CENTER,50758,CA,READM-30-CABG-HRRP,251,1.1225,22.7704,20.2847,65,01-07-2019,30-06-2022
MONTCLAIR HOSPITAL MEDICAL CENTER,50758,CA,READM-30-AMI-HRRP,76,1.0319,19.6657,19.0581,17,01-07-2019,30-06-2022
KAISER FOUNDATION HOSPITAL - ANTIOCH,50760,CA,READM-30-PN-HRRP,53,1.0823,16.9646,15.6749,13,01-07-2019,30-06-2022
KAISER FOUNDATION HOSPITAL - ANTIOCH,50760,CA,READM-30-HIP-KNEE-HRRP,232,1.0777,17.1849,15.9459,45,01-07-2019,30-06-2022
KAISER FOUNDATION HOSPITAL - ANTIOCH,50760,CA,READM-30-HF-HRRP,173,1.0493,17.1678,16.3619,33,01-07-2019,30-06-2022
KAISER FOUNDATION HOSPITAL - ANTIOCH,50760,CA,READM-30-COPD-HRRP,114,1.0078,20.5982,20.4398,24,01-07-2019,30-06-2022
KAISER FOUNDATION HOSPITAL - ANTIOCH,50760,CA,READM-30-CABG-HRRP,70,1.0089,17.7536,17.5966,13,01-07-2019,30-06-2022
PROVIDENCE CEDARS SINAI TARZANA MEDICAL CENTER,50761,CA,READM-30-PN-HRRP,279,1.0615,18.5773,17.5014,56,01-07-2019,30-06-2022
PROVIDENCE CEDARS SINAI TARZANA MEDICAL CENTER,50761,CA,READM-30-HF-HRRP,325,1.054,21.9806,20.8535,75,01-07-2019,30-06-2022
PROVIDENCE CEDARS SINAI TARZANA MEDICAL CENTER,50761,CA,READM-30-COPD-HRRP,86,1.0698,21.5611,20.1549,23,01-07-2019,30-06-2022
L A DOWNTOWN MEDICAL CENTER,50763,CA,READM-30-HIP-KNEE-HRRP,166,1.1661,20.0505,17.1947,44,01-07-2019,30-06-2022
L A DOWNTOWN MEDICAL CENTER,50763,CA,READM-30-COPD-HRRP,64,1.0504,22.8209,21.7253,18,01-07-2019,30-06-2022
L A DOWNTOWN MEDICAL CENTER,50763,CA,READM-30-CABG-HRRP,203,1.2887,6.4359,4.9942,17,01-07-2019,30-06-2022
L A DOWNTOWN MEDICAL CENTER,50763,CA,READM-30-AMI-HRRP,667,1.0551,19.711,18.6818,135,01-07-2019,30-06-2022
SHASTA REGIONAL MEDICAL CENTER,50764,CA,READM-30-PN-HRRP,167,1.113,19.2414,17.2877,39,01-07-2019,30-06-2022
SHASTA REGIONAL MEDICAL CENTER,50764,CA,READM-30-HIP-KNEE-HRRP,95,1.0601,10.93,10.3108,12,01-07-2019,30-06-2022
SHASTA REGIONAL MEDICAL CENTER,50764,CA,READM-30-HF-HRRP,556,1.073,16.5885,15.4595,97,01-07-2019,30-06-2022
SHASTA REGIONAL MEDICAL CENTER,50764,CA,READM-30-COPD-HRRP,264,1.0762,13.802,12.8249,40,01-07-2019,30-06-2022
SHASTA REGIONAL MEDICAL CENTER,50764,CA,READM-30-CABG-HRRP,227,1.0876,17.7308,16.3025,46,01-07-2019,30-06-2022
KAISER FOUNDATION HOSPITAL-MORENO VALLEY,50765,CA,READM-30-PN-HRRP,205,1.0847,21.2426,19.584,49,01-07-2019,30-06-2022
KAISER FOUNDATION HOSPITAL-MORENO VALLEY,50765,CA,READM-30-HIP-KNEE-HRRP,60,1.0543,17.6966,16.7856,14,01-07-2019,30-06-2022
KAISER FOUNDATION HOSPITAL-MORENO VALLEY,50765,CA,READM-30-HF-HRRP,75,1.0259,15.6179,15.2232,13,01-07-2019,30-06-2022
KAISER FOUNDATION HOSPITAL-MORENO VALLEY,50765,CA,READM-30-CABG-HRRP,41,1.0419,20.2115,19.3987,11,01-07-2019,30-06-2022
SUTTER SURGICAL HOSPITAL - NORTH VALLEY,50766,CA,READM-30-PN-HRRP,202,1.0445,18.3053,17.5258,40,01-07-2019,30-06-2022
SUTTER SURGICAL HOSPITAL - NORTH VALLEY,50766,CA,READM-30-HF-HRRP,406,1.01,20.0342,19.8365,82,01-07-2019,30-06-2022
SUTTER SURGICAL HOSPITAL - NORTH VALLEY,50766,CA,READM-30-COPD-HRRP,94,1.0408,16.4933,15.8467,18,01-07-2019,30-06-2022
KAISER FOUNDATION HOSPITAL - VACAVILLE,50767,CA,READM-30-HIP-KNEE-HRRP,709,1.0486,20.9915,20.0193,152,01-07-2019,30-06-2022
KAISER FOUNDATION HOSPITAL - VACAVILLE,50767,CA,READM-30-HF-HRRP,211,1.0693,18.8043,17.5863,44,01-07-2019,30-06-2022
KAISER FOUNDATION HOSPITAL - VACAVILLE,50767,CA,READM-30-COPD-HRRP,652,0.9884,16.379,16.5705,106,01-07-2019,30-06-2022
KAISER FOUNDATION HOSPITAL - VACAVILLE,50767,CA,READM-30-CABG-HRRP,300,0.9972,12.7117,12.7474,38,01-07-2019,30-06-2022
HOAG ORTHOPEDIC INSTITUTE,50769,CA,READM-30-PN-HRRP,270,1.1068,4.9811,4.5003,15,01-07-2019,30-06-2022
HOAG ORTHOPEDIC INSTITUTE,50769,CA,READM-30-AMI-HRRP,136,1.0428,20.7376,19.8862,31,01-07-2019,30-06-2022
LOMA LINDA UNIVERSITY MEDICAL CENTER-MURRIETA,50770,CA,READM-30-HIP-KNEE-HRRP,161,0.9666,16.339,16.9039,24,01-07-2019,30-06-2022
LOMA LINDA UNIVERSITY MEDICAL CENTER-MURRIETA,50770,CA,READM-30-COPD-HRRP,140,1.0296,15.7455,15.2932,24,01-07-2019,30-06-2022
LOMA LINDA UNIVERSITY MEDICAL CENTER-MURRIETA,50770,CA,READM-30-AMI-HRRP,102,0.9895,20.297,20.5123,20,01-07-2019,30-06-2022
COAST PLAZA HOSPITAL,50771,CA,READM-30-HIP-KNEE-HRRP,136,0.9374,14.9608,15.9599,16,01-07-2019,30-06-2022
COAST PLAZA HOSPITAL,50771,CA,READM-30-COPD-HRRP,245,0.9813,20.5167,20.9078,49,01-07-2019,30-06-2022
COAST PLAZA HOSPITAL,50771,CA,READM-30-CABG-HRRP,79,1.0504,20.0038,19.0447,19,01-07-2019,30-06-2022
KAISER FOUNDATION HOSPITAL - ROSEVILLE,50772,CA,READM-30-PN-HRRP,102,0.9807,20.9153,21.3262,20,01-07-2019,30-06-2022
KAISER FOUNDATION HOSPITAL - ROSEVILLE,50772,CA,READM-30-COPD-HRRP,132,1.0083,17.7489,17.6036,24,01-07-2019,30-06-2022
KAISER FOUNDATION HOSPITAL - ROSEVILLE,50772,CA,READM-30-CABG-HRRP,235,1.048,18.1891,17.3564,46,01-07-2019,30-06-2022
TEMECULA VALLEY HOSPITAL,50775,CA,READM-30-PN-HRRP,199,1.0219,20.8757,20.4283,43,01-07-2019,30-06-2022
TEMECULA VALLEY HOSPITAL,50775,CA,READM-30-HIP-KNEE-HRRP,47,1.0207,22.5648,22.107,12,01-07-2019,30-06-2022
TEMECULA VALLEY HOSPITAL,50775,CA,READM-30-AMI-HRRP,187,0.9467,16.4567,17.383,27,01-07-2019,30-06-2022
COLLEGE MEDICAL CENTER,50776,CA,READM-30-PN-HRRP,141,0.9752,21.0677,21.6024,28,01-07-2019,30-06-2022
COLLEGE MEDICAL CENTER,50776,CA,READM-30-COPD-HRRP,163,0.8433,17.2965,20.5115,17,01-07-2019,30-06-2022
COLLEGE MEDICAL CENTER,50776,CA,READM-30-AMI-HRRP,210,0.8741,14.2861,16.3444,21,01-07-2019,30-06-2022
KAISER FOUNDATION HOSPITAL - SAN LEANDRO,50777,CA,READM-30-PN-HRRP,216,0.9487,16.4891,17.3799,32,01-07-2019,30-06-2022
KAISER FOUNDATION HOSPITAL - SAN LEANDRO,50777,CA,READM-30-HF-HRRP,186,0.8781,18.0584,20.566,25,01-07-2019,30-06-2022
KAISER FOUNDATION HOSPITAL - SAN LEANDRO,50777,CA,READM-30-COPD-HRRP,117,0.8796,16.4023,18.6476,11,01-07-2019,30-06-2022
LOMA LINDA UNIVERSITY CHILDREN'S HOSPITAL,50778,CA,READM-30-PN-HRRP,300,1.0229,21.1602,20.6874,65,01-07-2019,30-06-2022
LOMA LINDA UNIVERSITY CHILDREN'S HOSPITAL,50778,CA,READM-30-HIP-KNEE-HRRP,79,0.974,18.6078,19.104,13,01-07-2019,30-06-2022
LOMA LINDA UNIVERSITY CHILDREN'S HOSPITAL,50778,CA,READM-30-HF-HRRP,259,0.9446,15.7825,16.708,37,01-07-2019,30-06-2022
LOMA LINDA UNIVERSITY CHILDREN'S HOSPITAL,50778,CA,READM-30-CABG-HRRP,90,0.9866,17.7111,17.9522,15,01-07-2019,30-06-2022
LOMA LINDA UNIVERSITY CHILDREN'S HOSPITAL,50778,CA,READM-30-AMI-HRRP,97,1.086,22.0509,20.304,27,01-07-2019,30-06-2022
"MARTIN LUTHER KING, JR. COMMUNITY HOSPITAL",50779,CA,READM-30-HF-HRRP,302,1.0958,23.7334,21.6579,78,01-07-2019,30-06-2022
"MARTIN LUTHER KING, JR. COMMUNITY HOSPITAL",50779,CA,READM-30-COPD-HRRP,111,0.9866,19.7197,19.9882,21,01-07-2019,30-06-2022
"MARTIN LUTHER KING, JR. COMMUNITY HOSPITAL",50779,CA,READM-30-CABG-HRRP,99,1.0243,15.9462,15.568,17,01-07-2019,30-06-2022
"MARTIN LUTHER KING, JR. COMMUNITY HOSPITAL",50779,CA,READM-30-AMI-HRRP,322,1.0058,17.2678,17.1683,56,01-07-2019,30-06-2022
FOOTHILL REGIONAL MEDICAL CENTER,50780,CA,READM-30-PN-HRRP,82,0.9975,16.0602,16.1004,13,01-07-2019,30-06-2022
FOOTHILL REGIONAL MEDICAL CENTER,50780,CA,READM-30-HF-HRRP,85,1.001,21.0958,21.0747,18,01-07-2019,30-06-2022
FOOTHILL REGIONAL MEDICAL CENTER,50780,CA,READM-30-AMI-HRRP,154,0.9472,19.2134,20.2844,26,01-07-2019,30-06-2022
CASA COLINA HOSPITAL,50782,CA,READM-30-HIP-KNEE-HRRP,104,0.936,14.8326,15.8467,11,01-07-2019,30-06-2022
CASA COLINA HOSPITAL,50782,CA,READM-30-HF-HRRP,297,0.9617,16.0431,16.6817,45,01-07-2019,30-06-2022
CASA COLINA HOSPITAL,50782,CA,READM-30-COPD-HRRP,315,0.9659,19.4623,20.1485,59,01-07-2019,30-06-2022
CASA COLINA HOSPITAL,50782,CA,READM-30-CABG-HRRP,115,0.9935,18.6257,18.7474,21,01-07-2019,30-06-2022
CASA COLINA HOSPITAL,50782,CA,READM-30-AMI-HRRP,126,1.0112,14.639,14.4772,19,01-07-2019,30-06-2022
COLUSA MEDICAL CENTER,50783,CA,READM-30-PN-HRRP,70,1.0066,17.9596,17.8413,13,01-07-2019,30-06-2022
COLUSA MEDICAL CENTER,50783,CA,READM-30-COPD-HRRP,88,1.0908,16.0165,14.6837,20,01-07-2019,30-06-2022
COLUSA MEDICAL CENTER,50783,CA,READM-30-CABG-HRRP,222,0.9264,15.3937,16.617,29,01-07-2019,30-06-2022
COLUSA MEDICAL CENTER,50783,CA,READM-30-AMI-HRRP,180,0.9938,19.6731,19.7953,35,01-07-2019,30-06-2022
ADVENTIST HEALTH TULARE,50784,CA,READM-30-COPD-HRRP,449,0.9732,19.332,19.8648,85,01-07-2019,30-06-2022
ADVENTIST HEALTH TULARE,50784,CA,READM-30-CABG-HRRP,114,0.9038,18.0362,19.9561,14,01-07-2019,30-06-2022
ADVENTIST HEALTH TULARE,50784,CA,READM-30-AMI-HRRP,411,0.9908,15.9671,16.1155,65,01-07-2019,30-06-2022
DOCS SURGICAL HOSPITAL,50785,CA,READM-30-PN-HRRP,142,0.9467,11.7081,12.3676,14,01-07-2019,30-06-2022
DOCS SURGICAL HOSPITAL,50785,CA,READM-30-HIP-KNEE-HRRP,157,0.9684,15.384,15.8854,22,01-07-2019,30-06-2022
DOCS SURGICAL HOSPITAL,50785,CA,READM-30-COPD-HRRP,175,0.9641,17.9294,18.5979,29,01-07-2019,30-06-2022
"ANAHEIM COMMUNITY HOSPITAL, LLC",50854,CA,READM-30-HIP-KNEE-HRRP,363,1.0513,21.3874,20.3447,81,01-07-2019,30-06-2022
"ANAHEIM COMMUNITY HOSPITAL, LLC",50854,CA,READM-30-HF-HRRP,186,1.0881,19.1328,17.5831,41,01-07-2019,30-06-2022
"ANAHEIM COMMUNITY HOSPITAL, LLC",50854,CA,READM-30-COPD-HRRP,87,1.072,11.5411,10.766,12,01-07-2019,30-06-2022
"ANAHEIM COMMUNITY HOSPITAL, LLC",50854,CA,READM-30-CABG-HRRP,289,0.9973,15.9793,16.022,46,01-07-2019,30-06-2022
"ANAHEIM COMMUNITY HOSPITAL, LLC",50854,CA,READM-30-AMI-HRRP,156,1.0025,13.3821,13.3486,21,01-07-2019,30-06-2022
BANNER NORTH COLORADO MEDICAL CENTER,60001,CO,READM-30-PN-HRRP,376,1.0219,16.3641,16.0127,63,01-07-2019,30-06-2022
BANNER NORTH COLORADO MEDICAL CENTER,60001,CO,READM-30-HF-HRRP,442,1.0089,20.455,20.2755,91,01-07-2019,30-06-2022
BANNER NORTH COLORADO MEDICAL CENTER,60001,CO,READM-30-COPD-HRRP,132,1.0265,19.1634,18.669,27,01-07-2019,30-06-2022
CENTURA LONGMONT UNITED HOSPITAL,60003,CO,READM-30-AMI-HRRP,507,1.0275,20.1572,19.617,104,01-07-2019,30-06-2022
CENTURA LONGMONT UNITED HOSPITAL,60003,CO,READM-30-HF-HRRP,324,1.1495,20.4163,17.7611,76,01-07-2019,30-06-2022
CENTURA LONGMONT UNITED HOSPITAL,60003,CO,READM-30-COPD-HRRP,103,0.9786,14.6442,14.9647,14,01-07-2019,30-06-2022
CENTURA LONGMONT UNITED HOSPITAL,60003,CO,READM-30-CABG-HRRP,262,1.0339,15.9359,15.4137,44,01-07-2019,30-06-2022
PLATTE VALLEY MEDICAL CENTER,60004,CO,READM-30-PN-HRRP,233,1.0667,20.0589,18.8039,51,01-07-2019,30-06-2022
PLATTE VALLEY MEDICAL CENTER,60004,CO,READM-30-HIP-KNEE-HRRP,91,0.9766,18.1771,18.6123,15,01-07-2019,30-06-2022
PLATTE VALLEY MEDICAL CENTER,60004,CO,READM-30-HF-HRRP,143,1.0572,14.1757,13.4084,23,01-07-2019,30-06-2022
PLATTE VALLEY MEDICAL CENTER,60004,CO,READM-30-COPD-HRRP,97,0.9845,14.463,14.6907,13,01-07-2019,30-06-2022
PLATTE VALLEY MEDICAL CENTER,60004,CO,READM-30-CABG-HRRP,112,1.1029,20.1523,18.2718,29,01-07-2019,30-06-2022
PLATTE VALLEY MEDICAL CENTER,60004,CO,READM-30-AMI-HRRP,62,1.0385,18.6258,17.9356,14,01-07-2019,30-06-2022
MONTROSE REGIONAL HEALTH,60006,CO,READM-30-HIP-KNEE-HRRP,200,0.9856,15.9943,16.2277,31,01-07-2019,30-06-2022
MONTROSE REGIONAL HEALTH,60006,CO,READM-30-HF-HRRP,331,1.156,22.4307,19.4039,84,01-07-2019,30-06-2022
MONTROSE REGIONAL HEALTH,60006,CO,READM-30-COPD-HRRP,98,1.0315,18.3829,17.8224,20,01-07-2019,30-06-2022
SAN LUIS VALLEY REGIONAL  MEDICAL CENTER,60008,CO,READM-30-PN-HRRP,160,0.9445,17.9691,19.0246,25,01-07-2019,30-06-2022
SAN LUIS VALLEY REGIONAL  MEDICAL CENTER,60008,CO,READM-30-HF-HRRP,108,1.0017,15.6373,15.6114,17,01-07-2019,30-06-2022
SAN LUIS VALLEY REGIONAL  MEDICAL CENTER,60008,CO,READM-30-COPD-HRRP,183,0.8939,16.8067,18.8017,23,01-07-2019,30-06-2022
SAN LUIS VALLEY REGIONAL  MEDICAL CENTER,60008,CO,READM-30-CABG-HRRP,125,0.9891,21.3972,21.6324,26,01-07-2019,30-06-2022
SAN LUIS VALLEY REGIONAL  MEDICAL CENTER,60008,CO,READM-30-AMI-HRRP,55,1.0076,20.8932,20.7364,12,01-07-2019,30-06-2022
LUTHERAN MEDICAL CENTER,60009,CO,READM-30-PN-HRRP,147,0.9047,17.3531,19.1806,19,01-07-2019,30-06-2022
LUTHERAN MEDICAL CENTER,60009,CO,READM-30-HIP-KNEE-HRRP,106,0.9707,16.8818,17.3917,16,01-07-2019,30-06-2022
LUTHERAN MEDICAL CENTER,60009,CO,READM-30-HF-HRRP,132,1.0141,15.9529,15.731,22,01-07-2019,30-06-2022
LUTHERAN MEDICAL CENTER,60009,CO,READM-30-COPD-HRRP,356,1.0091,15.5587,15.418,56,01-07-2019,30-06-2022
LUTHERAN MEDICAL CENTER,60009,CO,READM-30-CABG-HRRP,157,1.3279,6.1044,4.5969,14,01-07-2019,30-06-2022
LUTHERAN MEDICAL CENTER,60009,CO,READM-30-AMI-HRRP,460,0.9732,19.0864,19.6128,86,01-07-2019,30-06-2022
POUDRE VALLEY HOSPITAL,60010,CO,READM-30-PN-HRRP,145,1.0724,18.9736,17.6933,32,01-07-2019,30-06-2022
POUDRE VALLEY HOSPITAL,60010,CO,READM-30-HF-HRRP,78,1.0609,18.1665,17.1229,18,01-07-2019,30-06-2022
POUDRE VALLEY HOSPITAL,60010,CO,READM-30-COPD-HRRP,59,1.0192,18.2508,17.9066,12,01-07-2019,30-06-2022
POUDRE VALLEY HOSPITAL,60010,CO,READM-30-CABG-HRRP,76,1.0335,14.2439,13.7822,13,01-07-2019,30-06-2022
POUDRE VALLEY HOSPITAL,60010,CO,READM-30-AMI-HRRP,470,1.0821,17.3645,16.047,87,01-07-2019,30-06-2022
DENVER HEALTH & HOSPITAL AUTHORITY,60011,CO,READM-30-PN-HRRP,230,0.9947,4.8185,4.8442,11,01-07-2019,30-06-2022
DENVER HEALTH & HOSPITAL AUTHORITY,60011,CO,READM-30-HIP-KNEE-HRRP,843,1.0523,21.6542,20.5773,186,01-07-2019,30-06-2022
DENVER HEALTH & HOSPITAL AUTHORITY,60011,CO,READM-30-HF-HRRP,156,0.9853,17.9133,18.1804,27,01-07-2019,30-06-2022
DENVER HEALTH & HOSPITAL AUTHORITY,60011,CO,READM-30-COPD-HRRP,99,1.0916,11.6247,10.6492,14,01-07-2019,30-06-2022
DENVER HEALTH & HOSPITAL AUTHORITY,60011,CO,READM-30-CABG-HRRP,363,0.9415,12.9357,13.7402,44,01-07-2019,30-06-2022
"ST MARY CORWIN MED CTR, CENTURA HEALTH",60012,CO,READM-30-PN-HRRP,1199,0.9319,18.4002,19.745,216,01-07-2019,30-06-2022
"ST MARY CORWIN MED CTR, CENTURA HEALTH",60012,CO,READM-30-HIP-KNEE-HRRP,429,0.9773,18.5281,18.9586,78,01-07-2019,30-06-2022
"ST MARY CORWIN MED CTR, CENTURA HEALTH",60012,CO,READM-30-HF-HRRP,293,1.042,11.5471,11.0814,35,01-07-2019,30-06-2022
"ST MARY CORWIN MED CTR, CENTURA HEALTH",60012,CO,READM-30-COPD-HRRP,582,0.9246,11.8144,12.7783,65,01-07-2019,30-06-2022
"ST MARY CORWIN MED CTR, CENTURA HEALTH",60012,CO,READM-30-CABG-HRRP,874,0.9489,15.5083,16.3439,132,01-07-2019,30-06-2022
"ST MARY CORWIN MED CTR, CENTURA HEALTH",60012,CO,READM-30-AMI-HRRP,192,1.0415,17.8136,17.104,37,01-07-2019,30-06-2022
MERCY REGIONAL MEDICAL CENTER,60013,CO,READM-30-HIP-KNEE-HRRP,254,1.0362,22.659,21.8676,60,01-07-2019,30-06-2022
MERCY REGIONAL MEDICAL CENTER,60013,CO,READM-30-COPD-HRRP,86,1.068,17.0269,15.9425,18,01-07-2019,30-06-2022
MERCY REGIONAL MEDICAL CENTER,60013,CO,READM-30-CABG-HRRP,159,1.0425,19.665,18.864,34,01-07-2019,30-06-2022
MERCY REGIONAL MEDICAL CENTER,60013,CO,READM-30-AMI-HRRP,109,0.984,17.4499,17.7333,18,01-07-2019,30-06-2022
PRESBYTERIAN ST LUKE'S MEDICAL CENTER,60014,CO,READM-30-PN-HRRP,169,0.9541,15.4867,16.2317,23,01-07-2019,30-06-2022
PRESBYTERIAN ST LUKE'S MEDICAL CENTER,60014,CO,READM-30-HIP-KNEE-HRRP,88,1.1478,15.0043,13.0722,20,01-07-2019,30-06-2022
PRESBYTERIAN ST LUKE'S MEDICAL CENTER,60014,CO,READM-30-HF-HRRP,69,1.0143,16.0104,15.7846,12,01-07-2019,30-06-2022
PRESBYTERIAN ST LUKE'S MEDICAL CENTER,60014,CO,READM-30-COPD-HRRP,64,0.9914,18.0605,18.217,11,01-07-2019,30-06-2022
PRESBYTERIAN ST LUKE'S MEDICAL CENTER,60014,CO,READM-30-AMI-HRRP,181,1.0449,21.5677,20.6411,42,01-07-2019,30-06-2022
CENTURA HEALTH-ST ANTHONY HOSPITAL,60015,CO,READM-30-PN-HRRP,56,1.0167,17.7965,17.5049,11,01-07-2019,30-06-2022
CENTURA HEALTH-ST ANTHONY HOSPITAL,60015,CO,READM-30-HF-HRRP,159,1.0566,17.7412,16.7902,32,01-07-2019,30-06-2022
CENTURA HEALTH-ST ANTHONY HOSPITAL,60015,CO,READM-30-COPD-HRRP,108,0.9645,13.6801,14.1839,13,01-07-2019,30-06-2022
CENTURA HEALTH-ST ANTHONY HOSPITAL,60015,CO,READM-30-CABG-HRRP,759,0.9128,14.5061,15.8915,104,01-07-2019,30-06-2022
"PARKVIEW MEDICAL CENTER, INC",60020,CO,READM-30-PN-HRRP,1021,0.9063,17.9684,19.8266,177,01-07-2019,30-06-2022
"PARKVIEW MEDICAL CENTER, INC",60020,CO,READM-30-HIP-KNEE-HRRP,219,0.9638,18.9073,19.6177,39,01-07-2019,30-06-2022
"PARKVIEW MEDICAL CENTER, INC",60020,CO,READM-30-HF-HRRP,240,1.0456,11.5589,11.0548,29,01-07-2019,30-06-2022
"PARKVIEW MEDICAL CENTER, INC",60020,CO,READM-30-COPD-HRRP,283,0.9691,12.5467,12.9464,34,01-07-2019,30-06-2022
"PARKVIEW MEDICAL CENTER, INC",60020,CO,READM-30-AMI-HRRP,404,0.933,18.205,19.5119,69,01-07-2019,30-06-2022
UCH-MEMORIAL HEALTH SYSTEM,60022,CO,READM-30-PN-HRRP,69,1.0736,20.7106,19.2914,19,01-07-2019,30-06-2022
UCH-MEMORIAL HEALTH SYSTEM,60022,CO,READM-30-HIP-KNEE-HRRP,88,1.0978,10.6785,9.7268,12,01-07-2019,30-06-2022
UCH-MEMORIAL HEALTH SYSTEM,60022,CO,READM-30-HF-HRRP,386,0.9782,16.452,16.8193,62,01-07-2019,30-06-2022
UCH-MEMORIAL HEALTH SYSTEM,60022,CO,READM-30-COPD-HRRP,209,1.0582,13.5217,12.7786,31,01-07-2019,30-06-2022
UCH-MEMORIAL HEALTH SYSTEM,60022,CO,READM-30-CABG-HRRP,223,0.9279,15.7497,16.9731,30,01-07-2019,30-06-2022
ST MARYS MEDICAL CENTER,60023,CO,READM-30-PN-HRRP,272,1.0785,22.0205,20.4181,65,01-07-2019,30-06-2022
ST MARYS MEDICAL CENTER,60023,CO,READM-30-HIP-KNEE-HRRP,55,1.002,21.5669,21.5241,12,01-07-2019,30-06-2022
ST MARYS MEDICAL CENTER,60023,CO,READM-30-HF-HRRP,129,1.0236,14.6075,14.27,20,01-07-2019,30-06-2022
ST MARYS MEDICAL CENTER,60023,CO,READM-30-AMI-HRRP,74,1.0124,15.1129,14.9284,12,01-07-2019,30-06-2022
UNIVERSITY OF COLORADO HOSPITAL AUTHORITY,60024,CO,READM-30-PN-HRRP,277,1.0787,17.9754,16.6645,55,01-07-2019,30-06-2022
UNIVERSITY OF COLORADO HOSPITAL AUTHORITY,60024,CO,READM-30-HIP-KNEE-HRRP,476,1.0632,22.028,20.7194,109,01-07-2019,30-06-2022
UNIVERSITY OF COLORADO HOSPITAL AUTHORITY,60024,CO,READM-30-HF-HRRP,123,1.0266,18.9415,18.4502,25,01-07-2019,30-06-2022
UNIVERSITY OF COLORADO HOSPITAL AUTHORITY,60024,CO,READM-30-AMI-HRRP,322,0.9892,17.6102,17.8032,56,01-07-2019,30-06-2022
BOULDER COMMUNITY HEALTH,60027,CO,READM-30-PN-HRRP,121,0.9793,17.641,18.0144,20,01-07-2019,30-06-2022
BOULDER COMMUNITY HEALTH,60027,CO,READM-30-HF-HRRP,188,1.0613,16.4713,15.5205,35,01-07-2019,30-06-2022
BOULDER COMMUNITY HEALTH,60027,CO,READM-30-COPD-HRRP,127,1.0026,12.4991,12.4664,16,01-07-2019,30-06-2022
BOULDER COMMUNITY HEALTH,60027,CO,READM-30-AMI-HRRP,59,1.0589,22.1324,20.9013,17,01-07-2019,30-06-2022
SAINT JOSEPH HOSPITAL,60028,CO,READM-30-PN-HRRP,54,1.0392,15.5852,14.997,11,01-07-2019,30-06-2022
SAINT JOSEPH HOSPITAL,60028,CO,READM-30-HIP-KNEE-HRRP,123,0.9775,15.8814,16.2462,18,01-07-2019,30-06-2022
SAINT JOSEPH HOSPITAL,60028,CO,READM-30-HF-HRRP,139,0.9566,20.8646,21.8116,26,01-07-2019,30-06-2022
BANNER MCKEE MEDICAL CENTER,60030,CO,READM-30-PN-HRRP,176,0.9291,14.1239,15.2021,20,01-07-2019,30-06-2022
BANNER MCKEE MEDICAL CENTER,60030,CO,READM-30-HF-HRRP,114,0.9946,17.8521,17.9499,20,01-07-2019,30-06-2022
BANNER MCKEE MEDICAL CENTER,60030,CO,READM-30-AMI-HRRP,326,0.98,20.9705,21.3981,67,01-07-2019,30-06-2022
CENTURA HEALTH-PENROSE ST FRANCIS HEALTH SERVICES,60031,CO,READM-30-PN-HRRP,199,0.9562,19.5696,20.4654,36,01-07-2019,30-06-2022
CENTURA HEALTH-PENROSE ST FRANCIS HEALTH SERVICES,60031,CO,READM-30-HIP-KNEE-HRRP,118,1.0422,14.3916,13.8083,19,01-07-2019,30-06-2022
CENTURA HEALTH-PENROSE ST FRANCIS HEALTH SERVICES,60031,CO,READM-30-HF-HRRP,340,0.9762,16.9574,17.3705,56,01-07-2019,30-06-2022
CENTURA HEALTH-PENROSE ST FRANCIS HEALTH SERVICES,60031,CO,READM-30-COPD-HRRP,219,0.9529,18.4505,19.3615,37,01-07-2019,30-06-2022
CENTURA HEALTH-PENROSE ST FRANCIS HEALTH SERVICES,60031,CO,READM-30-CABG-HRRP,157,1.011,21.1844,20.9534,34,01-07-2019,30-06-2022
CENTURA HEALTH-PENROSE ST FRANCIS HEALTH SERVICES,60031,CO,READM-30-AMI-HRRP,59,1.0038,18.2277,18.1591,11,01-07-2019,30-06-2022
ROSE MEDICAL CENTER,60032,CO,READM-30-HF-HRRP,372,0.9712,19.6092,20.1912,71,01-07-2019,30-06-2022
ROSE MEDICAL CENTER,60032,CO,READM-30-COPD-HRRP,201,0.9525,17.467,18.3377,32,01-07-2019,30-06-2022
ROSE MEDICAL CENTER,60032,CO,READM-30-CABG-HRRP,381,1.1145,18.5135,16.6119,78,01-07-2019,30-06-2022
ROSE MEDICAL CENTER,60032,CO,READM-30-AMI-HRRP,147,1.2172,16.5116,13.5653,34,01-07-2019,30-06-2022
HCA-HEALTHONE DBA SWEDISH MEDICAL CENTER,60034,CO,READM-30-HF-HRRP,464,0.9308,16.5813,17.8147,72,01-07-2019,30-06-2022
HCA-HEALTHONE DBA SWEDISH MEDICAL CENTER,60034,CO,READM-30-COPD-HRRP,804,0.9873,21.1276,21.3998,169,01-07-2019,30-06-2022
HCA-HEALTHONE DBA SWEDISH MEDICAL CENTER,60034,CO,READM-30-CABG-HRRP,197,1.0011,19.7605,19.7388,39,01-07-2019,30-06-2022
HCA-HEALTHONE DBA SWEDISH MEDICAL CENTER,60034,CO,READM-30-AMI-HRRP,118,1.0554,9.7686,9.2558,13,01-07-2019,30-06-2022
CENTURA ST ELIZABETH HOSPITAL,60044,CO,READM-30-PN-HRRP,283,0.9989,13.4462,13.4608,38,01-07-2019,30-06-2022
CENTURA ST ELIZABETH HOSPITAL,60044,CO,READM-30-HF-HRRP,201,1.0065,21.1737,21.0359,43,01-07-2019,30-06-2022
CENTURA ST ELIZABETH HOSPITAL,60044,CO,READM-30-COPD-HRRP,73,0.993,19.8173,19.9575,14,01-07-2019,30-06-2022
CENTURA ST ELIZABETH HOSPITAL,60044,CO,READM-30-CABG-HRRP,180,0.9792,17.4845,17.8561,30,01-07-2019,30-06-2022
CENTURA ST ELIZABETH HOSPITAL,60044,CO,READM-30-AMI-HRRP,67,1.0186,15.0345,14.7605,11,01-07-2019,30-06-2022
UCHEALTH YAMPA VALLEY MEDICAL CENTER,60049,CO,READM-30-PN-HRRP,162,0.975,15.8695,16.2757,24,01-07-2019,30-06-2022
UCHEALTH YAMPA VALLEY MEDICAL CENTER,60049,CO,READM-30-HF-HRRP,237,1.0372,19.2432,18.5524,48,01-07-2019,30-06-2022
UCHEALTH YAMPA VALLEY MEDICAL CENTER,60049,CO,READM-30-COPD-HRRP,64,0.9927,19.5044,19.6472,12,01-07-2019,30-06-2022
UCHEALTH YAMPA VALLEY MEDICAL CENTER,60049,CO,READM-30-CABG-HRRP,93,1.0164,14.1954,13.9668,14,01-07-2019,30-06-2022
COMMUNITY HOSPITAL,60054,CO,READM-30-PN-HRRP,344,1.0799,22.3226,20.6714,82,01-07-2019,30-06-2022
COMMUNITY HOSPITAL,60054,CO,READM-30-HIP-KNEE-HRRP,66,1.0576,22.9315,21.6825,19,01-07-2019,30-06-2022
COMMUNITY HOSPITAL,60054,CO,READM-30-COPD-HRRP,91,0.9573,15.6017,16.2972,12,01-07-2019,30-06-2022
COMMUNITY HOSPITAL,60054,CO,READM-30-CABG-HRRP,134,1.0138,18.6862,18.4313,26,01-07-2019,30-06-2022
COMMUNITY HOSPITAL,60054,CO,READM-30-AMI-HRRP,115,0.9993,16.5627,16.5741,19,01-07-2019,30-06-2022
CENTURA HEALTH-PORTER ADVENTIST HOSPITAL,60064,CO,READM-30-PN-HRRP,231,1.1313,23.1826,20.4911,62,01-07-2019,30-06-2022
CENTURA HEALTH-PORTER ADVENTIST HOSPITAL,60064,CO,READM-30-CABG-HRRP,633,1.0347,19.7078,19.0464,127,01-07-2019,30-06-2022
NORTH SUBURBAN MEDICAL CENTER,60065,CO,READM-30-PN-HRRP,218,1.0608,9.8078,9.2453,23,01-07-2019,30-06-2022
NORTH SUBURBAN MEDICAL CENTER,60065,CO,READM-30-HIP-KNEE-HRRP,368,1.0067,15.6381,15.5335,58,01-07-2019,30-06-2022
NORTH SUBURBAN MEDICAL CENTER,60065,CO,READM-30-HF-HRRP,161,1.0456,12.948,12.3839,23,01-07-2019,30-06-2022
NORTH SUBURBAN MEDICAL CENTER,60065,CO,READM-30-COPD-HRRP,251,0.9475,16.2082,17.1058,37,01-07-2019,30-06-2022
NORTH SUBURBAN MEDICAL CENTER,60065,CO,READM-30-AMI-HRRP,756,0.9617,19.3897,20.1627,144,01-07-2019,30-06-2022
DELTA COUNTY MEMORIAL HOSPITAL,60071,CO,READM-30-PN-HRRP,89,1.0416,21.6364,20.7725,22,01-07-2019,30-06-2022
DELTA COUNTY MEMORIAL HOSPITAL,60071,CO,READM-30-HIP-KNEE-HRRP,323,0.9642,9.6,9.9567,30,01-07-2019,30-06-2022
DELTA COUNTY MEMORIAL HOSPITAL,60071,CO,READM-30-HF-HRRP,369,0.9259,12.6668,13.68,43,01-07-2019,30-06-2022
DELTA COUNTY MEMORIAL HOSPITAL,60071,CO,READM-30-CABG-HRRP,539,0.992,18.0997,18.2454,97,01-07-2019,30-06-2022
VALLEY VIEW HOSPITAL ASSOCIATION,60075,CO,READM-30-PN-HRRP,507,0.9806,20.5751,20.9821,103,01-07-2019,30-06-2022
VALLEY VIEW HOSPITAL ASSOCIATION,60075,CO,READM-30-HIP-KNEE-HRRP,169,0.9489,19.198,20.2314,29,01-07-2019,30-06-2022
VALLEY VIEW HOSPITAL ASSOCIATION,60075,CO,READM-30-HF-HRRP,90,1.0184,11.6443,11.4334,11,01-07-2019,30-06-2022
VALLEY VIEW HOSPITAL ASSOCIATION,60075,CO,READM-30-COPD-HRRP,154,1.0011,14.2496,14.2337,22,01-07-2019,30-06-2022
VALLEY VIEW HOSPITAL ASSOCIATION,60075,CO,READM-30-CABG-HRRP,145,1.1145,18.2785,16.4004,34,01-07-2019,30-06-2022
VALLEY VIEW HOSPITAL ASSOCIATION,60075,CO,READM-30-AMI-HRRP,99,1.0562,20.5741,19.4802,24,01-07-2019,30-06-2022
STERLING REGIONAL MEDCENTER,60076,CO,READM-30-PN-HRRP,77,1.0289,18.4029,17.8855,16,01-07-2019,30-06-2022
STERLING REGIONAL MEDCENTER,60076,CO,READM-30-HF-HRRP,159,1.0628,18.1107,17.0404,33,01-07-2019,30-06-2022
STERLING REGIONAL MEDCENTER,60076,CO,READM-30-COPD-HRRP,212,0.9916,19.6035,19.7695,41,01-07-2019,30-06-2022
STERLING REGIONAL MEDCENTER,60076,CO,READM-30-CABG-HRRP,53,1.0268,19.4096,18.9036,12,01-07-2019,30-06-2022
VAIL HEALTH HOSPITAL,60096,CO,READM-30-HF-HRRP,192,1.0465,16.621,15.8831,35,01-07-2019,30-06-2022
VAIL HEALTH HOSPITAL,60096,CO,READM-30-CABG-HRRP,178,1.0585,20.9059,19.75,41,01-07-2019,30-06-2022
VAIL HEALTH HOSPITAL,60096,CO,READM-30-AMI-HRRP,107,1.0191,20.3172,19.937,23,01-07-2019,30-06-2022
THE MEDICAL CENTER OF AURORA & SOUTH HOSPITAL,60100,CO,READM-30-HIP-KNEE-HRRP,92,1.0591,17.4289,16.4568,20,01-07-2019,30-06-2022
THE MEDICAL CENTER OF AURORA & SOUTH HOSPITAL,60100,CO,READM-30-HF-HRRP,77,0.9646,18.6569,19.3408,12,01-07-2019,30-06-2022
THE MEDICAL CENTER OF AURORA & SOUTH HOSPITAL,60100,CO,READM-30-CABG-HRRP,128,1.1032,17.4599,15.8263,29,01-07-2019,30-06-2022
THE MEDICAL CENTER OF AURORA & SOUTH HOSPITAL,60100,CO,READM-30-AMI-HRRP,153,1.1322,22.6219,19.9796,43,01-07-2019,30-06-2022
CENTURA HEALTH-AVISTA ADVENTIST HOSPITAL,60103,CO,READM-30-PN-HRRP,70,1.0641,18.604,17.484,17,01-07-2019,30-06-2022
CENTURA HEALTH-AVISTA ADVENTIST HOSPITAL,60103,CO,READM-30-HF-HRRP,295,1.0216,18.4774,18.0864,56,01-07-2019,30-06-2022
CENTURA HEALTH-AVISTA ADVENTIST HOSPITAL,60103,CO,READM-30-CABG-HRRP,425,1.0899,22.856,20.9706,103,01-07-2019,30-06-2022
CENTURA HEALTH-AVISTA ADVENTIST HOSPITAL,60103,CO,READM-30-AMI-HRRP,120,0.9678,20.1338,20.8045,22,01-07-2019,30-06-2022
CENTURA HEALTH-ST ANTHONY NORTH HEALTH CAMPUS,60104,CO,READM-30-AMI-HRRP,173,0.9325,9.7927,10.5016,15,01-07-2019,30-06-2022
CENTURA HEALTH-ST ANTHONY NORTH HEALTH CAMPUS,60104,CO,READM-30-PN-HRRP,389,1.0058,14.0653,13.9836,55,01-07-2019,30-06-2022
CENTURA HEALTH-ST ANTHONY NORTH HEALTH CAMPUS,60104,CO,READM-30-HF-HRRP,53,1.0581,21.2023,20.0388,15,01-07-2019,30-06-2022
CENTURA HEALTH-ST ANTHONY NORTH HEALTH CAMPUS,60104,CO,READM-30-CABG-HRRP,433,0.9754,16.7911,17.2137,71,01-07-2019,30-06-2022
NATIONAL JEWISH HEALTH,60107,CO,READM-30-HIP-KNEE-HRRP,399,1.0707,22.643,21.1473,95,01-07-2019,30-06-2022
NATIONAL JEWISH HEALTH,60107,CO,READM-30-HF-HRRP,191,1.0315,20.3883,19.7659,41,01-07-2019,30-06-2022
NATIONAL JEWISH HEALTH,60107,CO,READM-30-CABG-HRRP,171,1.0407,15.215,14.6207,28,01-07-2019,30-06-2022
NATIONAL JEWISH HEALTH,60107,CO,READM-30-AMI-HRRP,97,0.9746,15.1853,15.5808,13,01-07-2019,30-06-2022
SKY RIDGE MEDICAL CENTER,60112,CO,READM-30-COPD-HRRP,261,1.0097,16.989,16.8265,45,01-07-2019,30-06-2022
SKY RIDGE MEDICAL CENTER,60112,CO,READM-30-CABG-HRRP,200,1.0251,21.6609,21.13,45,01-07-2019,30-06-2022
"LITTLETON ADVENTIST HOSPITAL, CENTURA HEALTH",60113,CO,READM-30-HF-HRRP,92,0.9318,19.2504,20.6586,13,01-07-2019,30-06-2022
"LITTLETON ADVENTIST HOSPITAL, CENTURA HEALTH",60113,CO,READM-30-AMI-HRRP,278,1.0035,15.7442,15.69,44,01-07-2019,30-06-2022
PARKER ADVENTIST HOSPITAL,60114,CO,READM-30-HIP-KNEE-HRRP,446,1.0023,18.8003,18.757,84,01-07-2019,30-06-2022
PARKER ADVENTIST HOSPITAL,60114,CO,READM-30-HF-HRRP,128,0.9765,17.5809,18.0033,21,01-07-2019,30-06-2022
PARKER ADVENTIST HOSPITAL,60114,CO,READM-30-CABG-HRRP,174,0.972,12.2808,12.6343,20,01-07-2019,30-06-2022
GOOD SAMARITAN MEDICAL CENTER LLC,60116,CO,READM-30-COPD-HRRP,286,1.0273,17.5327,17.0672,52,01-07-2019,30-06-2022
GOOD SAMARITAN MEDICAL CENTER LLC,60116,CO,READM-30-AMI-HRRP,404,0.9563,20.2987,21.2264,79,01-07-2019,30-06-2022
"ANIMAS SURGICAL HOSPITAL, LLC",60117,CO,READM-30-HIP-KNEE-HRRP,62,1.0247,15.7605,15.38,11,01-07-2019,30-06-2022
"ANIMAS SURGICAL HOSPITAL, LLC",60117,CO,READM-30-CABG-HRRP,100,1.0199,17.6353,17.2909,19,01-07-2019,30-06-2022
"ANIMAS SURGICAL HOSPITAL, LLC",60117,CO,READM-30-AMI-HRRP,87,0.9328,19.0943,20.47,12,01-07-2019,30-06-2022
ST ANTHONY SUMMIT MEDICAL CENTER,60118,CO,READM-30-PN-HRRP,50,1.0245,20.7937,20.2956,12,01-07-2019,30-06-2022
ST ANTHONY SUMMIT MEDICAL CENTER,60118,CO,READM-30-HIP-KNEE-HRRP,91,0.9908,14.9568,15.0953,13,01-07-2019,30-06-2022
ST ANTHONY SUMMIT MEDICAL CENTER,60118,CO,READM-30-AMI-HRRP,306,0.9537,15.4221,16.1707,44,01-07-2019,30-06-2022
MEDICAL CENTER OF THE ROCKIES,60119,CO,READM-30-HIP-KNEE-HRRP,248,0.9542,18.1679,19.039,42,01-07-2019,30-06-2022
MEDICAL CENTER OF THE ROCKIES,60119,CO,READM-30-HF-HRRP,61,1.0845,19.3477,17.8402,17,01-07-2019,30-06-2022
MEDICAL CENTER OF THE ROCKIES,60119,CO,READM-30-COPD-HRRP,63,1.07,13.8559,12.9496,12,01-07-2019,30-06-2022
MEDICAL CENTER OF THE ROCKIES,60119,CO,READM-30-CABG-HRRP,207,0.9976,17.9537,17.9961,37,01-07-2019,30-06-2022
MEDICAL CENTER OF THE ROCKIES,60119,CO,READM-30-AMI-HRRP,196,1.0227,21.1694,20.6988,43,01-07-2019,30-06-2022
ORTHOCOLORADO HOSP AT ST ANTHONY MED CAMPUS,60124,CO,READM-30-PN-HRRP,81,0.9717,17.0779,17.5752,12,01-07-2019,30-06-2022
ORTHOCOLORADO HOSP AT ST ANTHONY MED CAMPUS,60124,CO,READM-30-HIP-KNEE-HRRP,69,1.079,14.1482,13.1117,12,01-07-2019,30-06-2022
ORTHOCOLORADO HOSP AT ST ANTHONY MED CAMPUS,60124,CO,READM-30-HF-HRRP,130,0.9246,13.7444,14.8651,14,01-07-2019,30-06-2022
ORTHOCOLORADO HOSP AT ST ANTHONY MED CAMPUS,60124,CO,READM-30-CABG-HRRP,97,1.0432,21.7677,20.8669,24,01-07-2019,30-06-2022
CENTURA CASTLE ROCK ADVENTIST HOSPITAL,60125,CO,READM-30-PN-HRRP,431,0.9834,18.6029,18.9177,79,01-07-2019,30-06-2022
CENTURA CASTLE ROCK ADVENTIST HOSPITAL,60125,CO,READM-30-HF-HRRP,599,0.9158,20.0191,21.8606,114,01-07-2019,30-06-2022
CENTURA CASTLE ROCK ADVENTIST HOSPITAL,60125,CO,READM-30-COPD-HRRP,121,1.0809,22.8921,21.1783,33,01-07-2019,30-06-2022
CENTURA CASTLE ROCK ADVENTIST HOSPITAL,60125,CO,READM-30-AMI-HRRP,315,1.0361,15.9396,15.385,52,01-07-2019,30-06-2022
BANNER FORT COLLINS MEDICAL CENTER,60126,CO,READM-30-PN-HRRP,223,1.0056,18.2122,18.1113,41,01-07-2019,30-06-2022
BANNER FORT COLLINS MEDICAL CENTER,60126,CO,READM-30-HF-HRRP,198,1.0632,21.152,19.8955,46,01-07-2019,30-06-2022
BANNER FORT COLLINS MEDICAL CENTER,60126,CO,READM-30-COPD-HRRP,86,0.9729,18.3489,18.8602,14,01-07-2019,30-06-2022
BANNER FORT COLLINS MEDICAL CENTER,60126,CO,READM-30-AMI-HRRP,176,0.9382,15.5155,16.5381,23,01-07-2019,30-06-2022
LONGS PEAK HOSPITAL,60128,CO,READM-30-PN-HRRP,278,0.901,18.3061,20.3176,44,01-07-2019,30-06-2022
LONGS PEAK HOSPITAL,60128,CO,READM-30-HIP-KNEE-HRRP,53,1.0338,20.3311,19.6673,13,01-07-2019,30-06-2022
UCHEALTH BROOMFIELD HOSPITAL,60129,CO,READM-30-PN-HRRP,238,0.9991,16.8314,16.8458,40,01-07-2019,30-06-2022
UCHEALTH BROOMFIELD HOSPITAL,60129,CO,READM-30-HF-HRRP,437,1.0914,22.4457,20.5665,104,01-07-2019,30-06-2022
UCHEALTH BROOMFIELD HOSPITAL,60129,CO,READM-30-COPD-HRRP,103,1.0436,20.5634,19.7046,24,01-07-2019,30-06-2022
UCHEALTH BROOMFIELD HOSPITAL,60129,CO,READM-30-CABG-HRRP,79,1.0068,13.5068,13.4151,11,01-07-2019,30-06-2022
UCHEALTH BROOMFIELD HOSPITAL,60129,CO,READM-30-AMI-HRRP,188,1.1096,18.5049,16.6768,42,01-07-2019,30-06-2022
UCHEALTH GRANDVIEW HOSPITAL,60130,CO,READM-30-HIP-KNEE-HRRP,209,0.9972,19.2271,19.2812,40,01-07-2019,30-06-2022
UCHEALTH GRANDVIEW HOSPITAL,60130,CO,READM-30-HF-HRRP,65,1.0712,20.6519,19.2784,18,01-07-2019,30-06-2022
UCHEALTH GRANDVIEW HOSPITAL,60130,CO,READM-30-AMI-HRRP,217,1.0411,15.3508,14.7444,36,01-07-2019,30-06-2022
UCHEALTH GREELEY HOSPITAL,60131,CO,READM-30-PN-HRRP,178,1.0613,19.705,18.567,39,01-07-2019,30-06-2022
UCHEALTH GREELEY HOSPITAL,60131,CO,READM-30-COPD-HRRP,146,0.9465,14.1397,14.9396,17,01-07-2019,30-06-2022
UCHEALTH GREELEY HOSPITAL,60131,CO,READM-30-AMI-HRRP,98,0.9557,18.3245,19.1741,15,01-07-2019,30-06-2022
UCHEALTH HIGHLANDS RANCH HOSPITAL,60132,CO,READM-30-HF-HRRP,73,1.0092,18.3664,18.1998,14,01-07-2019,30-06-2022
UCHEALTH HIGHLANDS RANCH HOSPITAL,60132,CO,READM-30-COPD-HRRP,399,1.1391,18.3072,16.072,82,01-07-2019,30-06-2022
UCHEALTH HIGHLANDS RANCH HOSPITAL,60132,CO,READM-30-AMI-HRRP,560,1.0895,21.1216,19.3868,124,01-07-2019,30-06-2022
ST FRANCIS HOSPITAL & MEDICAL CENTER,70002,CT,READM-30-PN-HRRP,133,1.0713,19.9363,18.6095,31,01-07-2019,30-06-2022
ST FRANCIS HOSPITAL & MEDICAL CENTER,70002,CT,READM-30-HIP-KNEE-HRRP,145,0.99,13.4425,13.5781,19,01-07-2019,30-06-2022
ST FRANCIS HOSPITAL & MEDICAL CENTER,70002,CT,READM-30-HF-HRRP,221,0.9309,14.8434,15.9453,28,01-07-2019,30-06-2022
ST FRANCIS HOSPITAL & MEDICAL CENTER,70002,CT,READM-30-COPD-HRRP,193,0.9729,19.5957,20.1412,36,01-07-2019,30-06-2022
DAY KIMBALL HOSPITAL,70003,CT,READM-30-PN-HRRP,69,1.0073,19.594,19.4527,14,01-07-2019,30-06-2022
DAY KIMBALL HOSPITAL,70003,CT,READM-30-HIP-KNEE-HRRP,242,1.0961,18.0517,16.4687,50,01-07-2019,30-06-2022
DAY KIMBALL HOSPITAL,70003,CT,READM-30-COPD-HRRP,373,0.9598,19.7665,20.5943,71,01-07-2019,30-06-2022
DAY KIMBALL HOSPITAL,70003,CT,READM-30-CABG-HRRP,83,1.0589,19.638,18.5455,20,01-07-2019,30-06-2022
SHARON HOSPITAL,70004,CT,READM-30-PN-HRRP,225,0.9642,15.314,15.8824,32,01-07-2019,30-06-2022
SHARON HOSPITAL,70004,CT,READM-30-HF-HRRP,237,0.9972,19.066,19.1202,45,01-07-2019,30-06-2022
STAMFORD HOSPITAL,70006,CT,READM-30-PN-HRRP,431,0.9795,15.6387,15.9657,66,01-07-2019,30-06-2022
STAMFORD HOSPITAL,70006,CT,READM-30-HF-HRRP,462,0.8634,17.2298,19.9565,70,01-07-2019,30-06-2022
STAMFORD HOSPITAL,70006,CT,READM-30-COPD-HRRP,84,0.9579,16.3324,17.0496,11,01-07-2019,30-06-2022
STAMFORD HOSPITAL,70006,CT,READM-30-AMI-HRRP,246,1.0775,15.9584,14.8102,43,01-07-2019,30-06-2022
LAWRENCE & MEMORIAL HOSPITAL,70007,CT,READM-30-PN-HRRP,120,0.9427,14.994,15.906,14,01-07-2019,30-06-2022
LAWRENCE & MEMORIAL HOSPITAL,70007,CT,READM-30-HIP-KNEE-HRRP,108,1.0096,17.0255,16.8637,19,01-07-2019,30-06-2022
LAWRENCE & MEMORIAL HOSPITAL,70007,CT,READM-30-AMI-HRRP,195,0.9909,15.1878,15.3276,29,01-07-2019,30-06-2022
JOHNSON MEMORIAL HOSPITAL,70008,CT,READM-30-PN-HRRP,207,0.9124,16.3789,17.9516,28,01-07-2019,30-06-2022
JOHNSON MEMORIAL HOSPITAL,70008,CT,READM-30-HIP-KNEE-HRRP,58,1.0385,14.9825,14.4265,11,01-07-2019,30-06-2022
JOHNSON MEMORIAL HOSPITAL,70008,CT,READM-30-HF-HRRP,103,1.0364,11.929,11.51,14,01-07-2019,30-06-2022
JOHNSON MEMORIAL HOSPITAL,70008,CT,READM-30-COPD-HRRP,142,1.0239,16.4748,16.0904,25,01-07-2019,30-06-2022
JOHNSON MEMORIAL HOSPITAL,70008,CT,READM-30-AMI-HRRP,89,0.9983,20.3506,20.3845,18,01-07-2019,30-06-2022
BRIDGEPORT HOSPITAL,70010,CT,READM-30-HIP-KNEE-HRRP,112,0.9723,14.6441,15.0608,15,01-07-2019,30-06-2022
BRIDGEPORT HOSPITAL,70010,CT,READM-30-HF-HRRP,191,1.0745,16.3097,15.1784,36,01-07-2019,30-06-2022
BRIDGEPORT HOSPITAL,70010,CT,READM-30-CABG-HRRP,87,0.9687,18.4797,19.0776,14,01-07-2019,30-06-2022
CHARLOTTE HUNGERFORD HOSPITAL,70011,CT,READM-30-COPD-HRRP,87,1.0104,17.621,17.4396,16,01-07-2019,30-06-2022
CHARLOTTE HUNGERFORD HOSPITAL,70011,CT,READM-30-CABG-HRRP,92,1.0763,15.3456,14.2581,19,01-07-2019,30-06-2022
CHARLOTTE HUNGERFORD HOSPITAL,70011,CT,READM-30-AMI-HRRP,68,1.0511,17.3947,16.5483,15,01-07-2019,30-06-2022
ROCKVILLE GENERAL HOSPITAL,70012,CT,READM-30-HIP-KNEE-HRRP,207,0.9241,13.139,14.2188,22,01-07-2019,30-06-2022
ROCKVILLE GENERAL HOSPITAL,70012,CT,READM-30-COPD-HRRP,165,0.8198,14.9352,18.2186,12,01-07-2019,30-06-2022
SAINT MARY'S HOSPITAL,70016,CT,READM-30-PN-HRRP,131,0.9279,11.9385,12.866,12,01-07-2019,30-06-2022
SAINT MARY'S HOSPITAL,70016,CT,READM-30-HIP-KNEE-HRRP,253,0.9899,14.498,14.6461,36,01-07-2019,30-06-2022
SAINT MARY'S HOSPITAL,70016,CT,READM-30-HF-HRRP,192,1.0603,20.8772,19.6902,44,01-07-2019,30-06-2022
SAINT MARY'S HOSPITAL,70016,CT,READM-30-COPD-HRRP,148,1.0034,15.4244,15.3716,23,01-07-2019,30-06-2022
MIDSTATE MEDICAL CENTER,70017,CT,READM-30-PN-HRRP,256,1.0691,16.2099,15.1624,46,01-07-2019,30-06-2022
MIDSTATE MEDICAL CENTER,70017,CT,READM-30-HF-HRRP,255,0.8468,15.0998,17.8309,28,01-07-2019,30-06-2022
MIDSTATE MEDICAL CENTER,70017,CT,READM-30-COPD-HRRP,67,0.9778,18.5928,19.0155,11,01-07-2019,30-06-2022
MIDSTATE MEDICAL CENTER,70017,CT,READM-30-CABG-HRRP,207,0.9239,11.0035,11.9103,19,01-07-2019,30-06-2022
MIDSTATE MEDICAL CENTER,70017,CT,READM-30-AMI-HRRP,144,0.9716,16.6443,17.1307,22,01-07-2019,30-06-2022
GREENWICH HOSPITAL ASSOCIATION -,70018,CT,READM-30-HIP-KNEE-HRRP,134,0.9604,18.387,19.1444,22,01-07-2019,30-06-2022
GREENWICH HOSPITAL ASSOCIATION -,70018,CT,READM-30-COPD-HRRP,162,0.905,12.2653,13.5524,15,01-07-2019,30-06-2022
GREENWICH HOSPITAL ASSOCIATION -,70018,CT,READM-30-CABG-HRRP,339,0.8868,13.8589,15.6275,39,01-07-2019,30-06-2022
MIDDLESEX HOSPITAL,70020,CT,READM-30-PN-HRRP,492,0.8154,15.2536,18.7062,62,01-07-2019,30-06-2022
MIDDLESEX HOSPITAL,70020,CT,READM-30-HIP-KNEE-HRRP,120,0.9297,17.2033,18.5047,16,01-07-2019,30-06-2022
MIDDLESEX HOSPITAL,70020,CT,READM-30-COPD-HRRP,390,0.8677,10.1801,11.7319,33,01-07-2019,30-06-2022
MIDDLESEX HOSPITAL,70020,CT,READM-30-CABG-HRRP,130,0.9199,14.2777,15.5201,13,01-07-2019,30-06-2022
WINDHAM COMMUNITY MEMORIAL HOSPITAL,70021,CT,READM-30-PN-HRRP,231,0.8774,17.0864,19.475,31,01-07-2019,30-06-2022
WINDHAM COMMUNITY MEMORIAL HOSPITAL,70021,CT,READM-30-COPD-HRRP,179,0.8871,11.0139,12.4153,14,01-07-2019,30-06-2022
YALE-NEW HAVEN HOSPITAL,70022,CT,READM-30-AMI-HRRP,133,0.9201,18.4078,20.0055,19,01-07-2019,30-06-2022
YALE-NEW HAVEN HOSPITAL,70022,CT,READM-30-CABG-HRRP,62,1.001,19.2447,19.2247,12,01-07-2019,30-06-2022
WILLIAM W BACKUS HOSPITAL,70024,CT,READM-30-PN-HRRP,220,0.8949,13.7945,15.4154,23,01-07-2019,30-06-2022
WILLIAM W BACKUS HOSPITAL,70024,CT,READM-30-HF-HRRP,192,0.9949,18.9255,19.0233,36,01-07-2019,30-06-2022
WILLIAM W BACKUS HOSPITAL,70024,CT,READM-30-AMI-HRRP,261,0.8895,10.1436,11.4034,21,01-07-2019,30-06-2022
HARTFORD HOSPITAL,70025,CT,READM-30-HIP-KNEE-HRRP,173,0.939,15.1602,16.1447,22,01-07-2019,30-06-2022
HARTFORD HOSPITAL,70025,CT,READM-30-COPD-HRRP,157,0.8995,17.1102,19.0229,20,01-07-2019,30-06-2022
MANCHESTER MEMORIAL HOSPITAL,70027,CT,READM-30-PN-HRRP,127,0.999,11.8495,11.8616,15,01-07-2019,30-06-2022
MANCHESTER MEMORIAL HOSPITAL,70027,CT,READM-30-HIP-KNEE-HRRP,217,0.8145,12.6766,15.564,14,01-07-2019,30-06-2022
MANCHESTER MEMORIAL HOSPITAL,70027,CT,READM-30-COPD-HRRP,314,0.8393,16.3462,19.4769,40,01-07-2019,30-06-2022
MANCHESTER MEMORIAL HOSPITAL,70027,CT,READM-30-CABG-HRRP,100,0.9656,17.2319,17.8457,15,01-07-2019,30-06-2022
ST VINCENT'S MEDICAL CENTER,70028,CT,READM-30-CABG-HRRP,100,0.9694,19.0538,19.6556,17,01-07-2019,30-06-2022
BRISTOL HOSPITAL,70029,CT,READM-30-CABG-HRRP,91,1.0204,13.9407,13.6625,14,01-07-2019,30-06-2022
GRIFFIN HOSPITAL,70031,CT,READM-30-PN-HRRP,68,1.06,19.4081,18.3089,17,01-07-2019,30-06-2022
GRIFFIN HOSPITAL,70031,CT,READM-30-HIP-KNEE-HRRP,75,1.0633,17.53,16.4861,17,01-07-2019,30-06-2022
GRIFFIN HOSPITAL,70031,CT,READM-30-HF-HRRP,227,1.0668,17.0135,15.9484,43,01-07-2019,30-06-2022
GRIFFIN HOSPITAL,70031,CT,READM-30-CABG-HRRP,289,1.0759,21.8182,20.2796,68,01-07-2019,30-06-2022
GRIFFIN HOSPITAL,70031,CT,READM-30-AMI-HRRP,108,0.9777,18.9484,19.3805,19,01-07-2019,30-06-2022
DANBURY HOSPITAL,70033,CT,READM-30-HIP-KNEE-HRRP,508,1.0687,18.3851,17.2037,98,01-07-2019,30-06-2022
DANBURY HOSPITAL,70033,CT,READM-30-COPD-HRRP,697,1.1549,23.1291,20.0272,171,01-07-2019,30-06-2022
DANBURY HOSPITAL,70033,CT,READM-30-CABG-HRRP,189,1.0757,20.7349,19.2758,44,01-07-2019,30-06-2022
DANBURY HOSPITAL,70033,CT,READM-30-AMI-HRRP,73,1.0918,11.6923,10.7095,11,01-07-2019,30-06-2022
NORWALK HOSPITAL,70034,CT,READM-30-PN-HRRP,196,1.063,15.272,14.3671,33,01-07-2019,30-06-2022
NORWALK HOSPITAL,70034,CT,READM-30-HIP-KNEE-HRRP,131,1.023,17.8765,17.4744,25,01-07-2019,30-06-2022
NORWALK HOSPITAL,70034,CT,READM-30-COPD-HRRP,249,1.0125,21.3486,21.0849,54,01-07-2019,30-06-2022
NORWALK HOSPITAL,70034,CT,READM-30-CABG-HRRP,98,1.0036,21.1799,21.1029,21,01-07-2019,30-06-2022
NORWALK HOSPITAL,70034,CT,READM-30-AMI-HRRP,73,1.0307,14.4115,13.9816,12,01-07-2019,30-06-2022
THE HOSPITAL OF CENTRAL CONNECTICUT,70035,CT,READM-30-PN-HRRP,1249,1.0778,17.6807,16.4045,226,01-07-2019,30-06-2022
THE HOSPITAL OF CENTRAL CONNECTICUT,70035,CT,READM-30-HIP-KNEE-HRRP,1040,0.9508,4.3052,4.5281,44,01-07-2019,30-06-2022
THE HOSPITAL OF CENTRAL CONNECTICUT,70035,CT,READM-30-HF-HRRP,1585,1.0289,20.3219,19.7513,324,01-07-2019,30-06-2022
THE HOSPITAL OF CENTRAL CONNECTICUT,70035,CT,READM-30-COPD-HRRP,253,1.0252,20.2875,19.7895,53,01-07-2019,30-06-2022
THE HOSPITAL OF CENTRAL CONNECTICUT,70035,CT,READM-30-AMI-HRRP,403,1.0529,14.5067,13.7778,61,01-07-2019,30-06-2022
JOHN DEMPSEY HOSPITAL,70036,CT,READM-30-PN-HRRP,354,1.1519,19.5335,16.9577,79,01-07-2019,30-06-2022
JOHN DEMPSEY HOSPITAL,70036,CT,READM-30-HF-HRRP,329,1.1172,24.3919,21.8331,88,01-07-2019,30-06-2022
JOHN DEMPSEY HOSPITAL,70036,CT,READM-30-COPD-HRRP,216,1.1275,21.3508,18.9358,54,01-07-2019,30-06-2022
JOHN DEMPSEY HOSPITAL,70036,CT,READM-30-CABG-HRRP,115,0.9834,15.7613,16.0271,17,01-07-2019,30-06-2022
JOHN DEMPSEY HOSPITAL,70036,CT,READM-30-AMI-HRRP,167,1.0069,18.89,18.7601,32,01-07-2019,30-06-2022
THE CONNECTICUT HOSPICE INC.,70038,CT,READM-30-PN-HRRP,69,1.0019,17.2198,17.1873,12,01-07-2019,30-06-2022
THE CONNECTICUT HOSPICE INC.,70038,CT,READM-30-HIP-KNEE-HRRP,80,1.0595,14.0008,13.2142,14,01-07-2019,30-06-2022
THE CONNECTICUT HOSPICE INC.,70038,CT,READM-30-HF-HRRP,177,0.9805,15.435,15.742,26,01-07-2019,30-06-2022
THE CONNECTICUT HOSPICE INC.,70038,CT,READM-30-CABG-HRRP,198,1.0039,19.0628,18.9885,38,01-07-2019,30-06-2022
THE CONNECTICUT HOSPICE INC.,70038,CT,READM-30-AMI-HRRP,46,1.034,21.1539,20.4574,12,01-07-2019,30-06-2022
MASONICARE HEALTH CENTER HOSPITAL,70039,CT,READM-30-HIP-KNEE-HRRP,670,1.1055,18.6642,16.8832,132,01-07-2019,30-06-2022
MASONICARE HEALTH CENTER HOSPITAL,70039,CT,READM-30-COPD-HRRP,650,1.041,22.5001,21.6148,149,01-07-2019,30-06-2022
MASONICARE HEALTH CENTER HOSPITAL,70039,CT,READM-30-CABG-HRRP,233,0.9165,19.221,20.9717,39,01-07-2019,30-06-2022
MASONICARE HEALTH CENTER HOSPITAL,70039,CT,READM-30-AMI-HRRP,112,1.0069,10.5439,10.472,12,01-07-2019,30-06-2022
HEBREW HOME AND HOSPITAL INC,70040,CT,READM-30-PN-HRRP,223,0.9039,12.0412,13.3217,22,01-07-2019,30-06-2022
HEBREW HOME AND HOSPITAL INC,70040,CT,READM-30-HF-HRRP,126,1.0095,22.4999,22.2882,29,01-07-2019,30-06-2022
HEBREW HOME AND HOSPITAL INC,70040,CT,READM-30-CABG-HRRP,40,1.0792,19.9819,18.5161,12,01-07-2019,30-06-2022
CHRISTIANA HOSPITAL,80001,DE,READM-30-PN-HRRP,306,0.9642,16.4992,17.1118,48,01-07-2019,30-06-2022
CHRISTIANA HOSPITAL,80001,DE,READM-30-HIP-KNEE-HRRP,384,0.9038,3.5237,3.8985,12,01-07-2019,30-06-2022
CHRISTIANA HOSPITAL,80001,DE,READM-30-HF-HRRP,356,1.0097,19.4824,19.2945,70,01-07-2019,30-06-2022
CHRISTIANA HOSPITAL,80001,DE,READM-30-COPD-HRRP,112,1.0407,19.9819,19.2001,25,01-07-2019,30-06-2022
CHRISTIANA HOSPITAL,80001,DE,READM-30-AMI-HRRP,127,0.9872,12.304,12.4638,15,01-07-2019,30-06-2022
ST FRANCIS HOSPITAL,80003,DE,READM-30-PN-HRRP,377,1.0484,17.4425,16.6372,69,01-07-2019,30-06-2022
ST FRANCIS HOSPITAL,80003,DE,READM-30-HIP-KNEE-HRRP,591,0.9935,19.8704,20.0005,117,01-07-2019,30-06-2022
ST FRANCIS HOSPITAL,80003,DE,READM-30-HF-HRRP,162,0.9865,19.692,19.9623,31,01-07-2019,30-06-2022
ST FRANCIS HOSPITAL,80003,DE,READM-30-AMI-HRRP,220,1.0078,16.5792,16.4516,37,01-07-2019,30-06-2022
"BAYHEALTH HOSPITAL, KENT CAMPUS",80004,DE,READM-30-HIP-KNEE-HRRP,303,1.0943,22.0827,20.1794,73,01-07-2019,30-06-2022
"BAYHEALTH HOSPITAL, KENT CAMPUS",80004,DE,READM-30-HF-HRRP,98,0.9591,18.0404,18.8088,15,01-07-2019,30-06-2022
"BAYHEALTH HOSPITAL, KENT CAMPUS",80004,DE,READM-30-CABG-HRRP,224,1.1025,18.8535,17.1003,49,01-07-2019,30-06-2022
"BAYHEALTH HOSPITAL, KENT CAMPUS",80004,DE,READM-30-AMI-HRRP,153,1.0119,20.3978,20.1579,32,01-07-2019,30-06-2022
"TIDALHEALTH NANTICOKE, INC.",80006,DE,READM-30-PN-HRRP,151,0.9939,19.4669,19.5855,29,01-07-2019,30-06-2022
"TIDALHEALTH NANTICOKE, INC.",80006,DE,READM-30-HIP-KNEE-HRRP,151,0.9735,14.4253,14.8182,20,01-07-2019,30-06-2022
"TIDALHEALTH NANTICOKE, INC.",80006,DE,READM-30-COPD-HRRP,165,1.0556,19.0857,18.0813,35,01-07-2019,30-06-2022
"TIDALHEALTH NANTICOKE, INC.",80006,DE,READM-30-CABG-HRRP,115,0.9621,16.0099,16.6403,16,01-07-2019,30-06-2022
BEEBE MEDICAL CENTER,80007,DE,READM-30-PN-HRRP,288,1.0651,19.6384,18.4388,61,01-07-2019,30-06-2022
BEEBE MEDICAL CENTER,80007,DE,READM-30-HF-HRRP,267,0.9519,19.5784,20.5678,49,01-07-2019,30-06-2022
BEEBE MEDICAL CENTER,80007,DE,READM-30-COPD-HRRP,89,1.0611,21.3651,20.1349,23,01-07-2019,30-06-2022
BEEBE MEDICAL CENTER,80007,DE,READM-30-CABG-HRRP,223,1.0287,13.7311,13.3484,32,01-07-2019,30-06-2022
BEEBE MEDICAL CENTER,80007,DE,READM-30-AMI-HRRP,188,1.1375,21.1889,18.6281,49,01-07-2019,30-06-2022
"BAYHEALTH HOSPITAL, SUSSEX CAMPUS",80009,DE,READM-30-PN-HRRP,423,1.0473,23.122,22.0777,101,01-07-2019,30-06-2022
"BAYHEALTH HOSPITAL, SUSSEX CAMPUS",80009,DE,READM-30-HIP-KNEE-HRRP,96,1.0204,20.4633,20.0533,21,01-07-2019,30-06-2022
"BAYHEALTH HOSPITAL, SUSSEX CAMPUS",80009,DE,READM-30-HF-HRRP,80,1.044,17.2375,16.5108,16,01-07-2019,30-06-2022
"BAYHEALTH HOSPITAL, SUSSEX CAMPUS",80009,DE,READM-30-AMI-HRRP,122,1.0297,22.9503,22.289,30,01-07-2019,30-06-2022
GEORGE WASHINGTON UNIV HOSPITAL,90001,DC,READM-30-PN-HRRP,35,1.0628,20.1593,18.968,11,01-07-2019,30-06-2022
GEORGE WASHINGTON UNIV HOSPITAL,90001,DC,READM-30-HIP-KNEE-HRRP,164,1.0732,17.781,16.5682,34,01-07-2019,30-06-2022
GEORGE WASHINGTON UNIV HOSPITAL,90001,DC,READM-30-HF-HRRP,99,1.0909,21.3439,19.5654,27,01-07-2019,30-06-2022
GEORGE WASHINGTON UNIV HOSPITAL,90001,DC,READM-30-CABG-HRRP,416,0.9726,17.0471,17.5268,69,01-07-2019,30-06-2022
HOWARD UNIVERSITY HOSPITAL,90003,DC,READM-30-PN-HRRP,881,1.0035,21.199,21.1246,187,01-07-2019,30-06-2022
HOWARD UNIVERSITY HOSPITAL,90003,DC,READM-30-HIP-KNEE-HRRP,210,1.0674,21.7419,20.3695,50,01-07-2019,30-06-2022
HOWARD UNIVERSITY HOSPITAL,90003,DC,READM-30-HF-HRRP,190,0.9787,11.3733,11.6206,21,01-07-2019,30-06-2022
HOWARD UNIVERSITY HOSPITAL,90003,DC,READM-30-COPD-HRRP,607,0.8876,12.6561,14.2583,71,01-07-2019,30-06-2022
HOWARD UNIVERSITY HOSPITAL,90003,DC,READM-30-CABG-HRRP,190,1.0666,18.1916,17.0563,39,01-07-2019,30-06-2022
MEDSTAR GEORGETOWN UNIVERSITY HOSPITAL,90004,DC,READM-30-PN-HRRP,253,1.0635,20.8996,19.6525,57,01-07-2019,30-06-2022
MEDSTAR GEORGETOWN UNIVERSITY HOSPITAL,90004,DC,READM-30-HIP-KNEE-HRRP,94,1.0746,20.4828,19.0603,24,01-07-2019,30-06-2022
MEDSTAR GEORGETOWN UNIVERSITY HOSPITAL,90004,DC,READM-30-HF-HRRP,59,1.0332,15.8524,15.3428,11,01-07-2019,30-06-2022
MEDSTAR GEORGETOWN UNIVERSITY HOSPITAL,90004,DC,READM-30-COPD-HRRP,87,1.0344,15.7974,15.2726,16,01-07-2019,30-06-2022
SIBLEY MEMORIAL HOSPITAL,90005,DC,READM-30-HIP-KNEE-HRRP,1087,1.1407,20.1204,17.6386,228,01-07-2019,30-06-2022
SIBLEY MEMORIAL HOSPITAL,90005,DC,READM-30-HF-HRRP,429,1.3988,6.4774,4.6306,33,01-07-2019,30-06-2022
SIBLEY MEMORIAL HOSPITAL,90005,DC,READM-30-COPD-HRRP,1250,1.0372,21.4025,20.6346,270,01-07-2019,30-06-2022
SIBLEY MEMORIAL HOSPITAL,90005,DC,READM-30-CABG-HRRP,425,1.0815,20.4292,18.8895,92,01-07-2019,30-06-2022
SIBLEY MEMORIAL HOSPITAL,90005,DC,READM-30-AMI-HRRP,124,0.9598,9.7835,10.1936,11,01-07-2019,30-06-2022
UNITED MEDICAL CENTER,90008,DC,READM-30-PN-HRRP,314,1.0847,15.8954,14.6537,54,01-07-2019,30-06-2022
UNITED MEDICAL CENTER,90008,DC,READM-30-HIP-KNEE-HRRP,152,0.9982,16.5281,16.5577,25,01-07-2019,30-06-2022
UNITED MEDICAL CENTER,90008,DC,READM-30-HF-HRRP,233,1.0372,22.11,21.3177,54,01-07-2019,30-06-2022
UNITED MEDICAL CENTER,90008,DC,READM-30-AMI-HRRP,212,0.9992,14.6475,14.6592,31,01-07-2019,30-06-2022
MEDSTAR WASHINGTON HOSPITAL CENTER,90011,DC,READM-30-HIP-KNEE-HRRP,197,1.1374,20.0944,17.667,48,01-07-2019,30-06-2022
MEDSTAR WASHINGTON HOSPITAL CENTER,90011,DC,READM-30-HF-HRRP,92,1.0467,17.5282,16.7455,19,01-07-2019,30-06-2022
MEDSTAR WASHINGTON HOSPITAL CENTER,90011,DC,READM-30-COPD-HRRP,408,0.9875,16.3877,16.5953,66,01-07-2019,30-06-2022
MEDSTAR WASHINGTON HOSPITAL CENTER,90011,DC,READM-30-CABG-HRRP,463,1.2427,5.9674,4.8019,31,01-07-2019,30-06-2022
MEDSTAR WASHINGTON HOSPITAL CENTER,90011,DC,READM-30-AMI-HRRP,401,0.9839,18.7192,19.0257,74,01-07-2019,30-06-2022
SHANDS JACKSONVILLE,100001,FL,READM-30-PN-HRRP,110,1.0279,18.4049,17.9058,22,01-07-2019,30-06-2022
SHANDS JACKSONVILLE,100001,FL,READM-30-HIP-KNEE-HRRP,107,0.9657,12.8031,13.2578,12,01-07-2019,30-06-2022
SHANDS JACKSONVILLE,100001,FL,READM-30-HF-HRRP,643,1.0684,17.7998,16.6596,119,01-07-2019,30-06-2022
SHANDS JACKSONVILLE,100001,FL,READM-30-COPD-HRRP,202,1.0932,4.7685,4.3621,11,01-07-2019,30-06-2022
SHANDS JACKSONVILLE,100001,FL,READM-30-CABG-HRRP,823,0.9497,18.0281,18.9838,145,01-07-2019,30-06-2022
SHANDS JACKSONVILLE,100001,FL,READM-30-AMI-HRRP,258,1.0107,17.1805,16.998,45,01-07-2019,30-06-2022
BETHESDA  HOSPITAL INC,100002,FL,READM-30-PN-HRRP,157,0.9339,9.4818,10.1526,13,01-07-2019,30-06-2022
BETHESDA  HOSPITAL INC,100002,FL,READM-30-HIP-KNEE-HRRP,509,1.0364,13.0192,12.5624,68,01-07-2019,30-06-2022
BETHESDA  HOSPITAL INC,100002,FL,READM-30-COPD-HRRP,58,1.0792,25.1756,23.3279,20,01-07-2019,30-06-2022
BETHESDA  HOSPITAL INC,100002,FL,READM-30-CABG-HRRP,39,1.0872,21.453,19.733,14,01-07-2019,30-06-2022
BETHESDA  HOSPITAL INC,100002,FL,READM-30-AMI-HRRP,269,1.1412,20.3096,17.7964,64,01-07-2019,30-06-2022
ORLANDO HEALTH,100006,FL,READM-30-HIP-KNEE-HRRP,153,1.1633,23.9246,20.5663,47,01-07-2019,30-06-2022
ORLANDO HEALTH,100006,FL,READM-30-HF-HRRP,49,1.0738,22.7293,21.167,16,01-07-2019,30-06-2022
ORLANDO HEALTH,100006,FL,READM-30-CABG-HRRP,119,1.0078,18.8619,18.7157,23,01-07-2019,30-06-2022
ORLANDO HEALTH,100006,FL,READM-30-AMI-HRRP,87,1.5076,6.5405,4.3385,12,01-07-2019,30-06-2022
ADVENTHEALTH ORLANDO,100007,FL,READM-30-PN-HRRP,93,0.9339,20.0165,21.4325,14,01-07-2019,30-06-2022
ADVENTHEALTH ORLANDO,100007,FL,READM-30-HF-HRRP,45,1.0488,18.9005,18.0207,11,01-07-2019,30-06-2022
ADVENTHEALTH ORLANDO,100007,FL,READM-30-COPD-HRRP,221,1.0929,19.3527,17.7079,49,01-07-2019,30-06-2022
ADVENTHEALTH ORLANDO,100007,FL,READM-30-CABG-HRRP,241,0.9889,20.2271,20.4545,48,01-07-2019,30-06-2022
ADVENTHEALTH ORLANDO,100007,FL,READM-30-AMI-HRRP,111,1.0314,19.7938,19.191,24,01-07-2019,30-06-2022
BAPTIST HOSPITAL OF MIAMI,100008,FL,READM-30-HIP-KNEE-HRRP,212,1.1006,22.1691,20.1434,54,01-07-2019,30-06-2022
BAPTIST HOSPITAL OF MIAMI,100008,FL,READM-30-COPD-HRRP,672,0.9677,21.0162,21.7186,139,01-07-2019,30-06-2022
BAPTIST HOSPITAL OF MIAMI,100008,FL,READM-30-CABG-HRRP,207,1.0033,20.6662,20.598,43,01-07-2019,30-06-2022
BAPTIST HOSPITAL OF MIAMI,100008,FL,READM-30-AMI-HRRP,132,0.9579,12.3026,12.8436,15,01-07-2019,30-06-2022
LEE MEMORIAL HOSPITAL,100012,FL,READM-30-PN-HRRP,141,1.0285,19.5195,18.9788,29,01-07-2019,30-06-2022
LEE MEMORIAL HOSPITAL,100012,FL,READM-30-HIP-KNEE-HRRP,108,1.0303,16.6529,16.163,20,01-07-2019,30-06-2022
LEE MEMORIAL HOSPITAL,100012,FL,READM-30-HF-HRRP,66,0.9883,19.35,19.5784,12,01-07-2019,30-06-2022
LEE MEMORIAL HOSPITAL,100012,FL,READM-30-CABG-HRRP,456,0.9997,18.206,18.2111,83,01-07-2019,30-06-2022
ADVENTHEALTH NEW SMYRNA BEACH,100014,FL,READM-30-AMI-HRRP,731,1.125,24.5982,21.8654,188,01-07-2019,30-06-2022
ADVENTHEALTH NEW SMYRNA BEACH,100014,FL,READM-30-PN-HRRP,138,0.9968,20.4444,20.5094,28,01-07-2019,30-06-2022
ADVENTHEALTH NEW SMYRNA BEACH,100014,FL,READM-30-HIP-KNEE-HRRP,96,0.9927,11.6751,11.7612,11,01-07-2019,30-06-2022
ADVENTHEALTH NEW SMYRNA BEACH,100014,FL,READM-30-HF-HRRP,246,0.9848,14.1273,14.3451,34,01-07-2019,30-06-2022
ADVENTHEALTH NEW SMYRNA BEACH,100014,FL,READM-30-COPD-HRRP,187,0.9693,16.1056,16.6162,28,01-07-2019,30-06-2022
HALIFAX HEALTH MEDICAL CENTER,100017,FL,READM-30-PN-HRRP,220,1.0928,21.8164,19.9642,54,01-07-2019,30-06-2022
HALIFAX HEALTH MEDICAL CENTER,100017,FL,READM-30-HIP-KNEE-HRRP,102,1.1357,20.3285,17.8992,29,01-07-2019,30-06-2022
HALIFAX HEALTH MEDICAL CENTER,100017,FL,READM-30-HF-HRRP,231,0.9802,17.0454,17.3906,38,01-07-2019,30-06-2022
HALIFAX HEALTH MEDICAL CENTER,100017,FL,READM-30-CABG-HRRP,258,1.0274,21.7681,21.1872,58,01-07-2019,30-06-2022
HALIFAX HEALTH MEDICAL CENTER,100017,FL,READM-30-AMI-HRRP,92,0.9405,17.2843,18.3786,12,01-07-2019,30-06-2022
NAPLES COMMUNITY HOSPITAL,100018,FL,READM-30-COPD-HRRP,52,1.1231,28.1472,25.0615,23,01-07-2019,30-06-2022
NAPLES COMMUNITY HOSPITAL,100018,FL,READM-30-CABG-HRRP,200,0.9957,15.6439,15.711,31,01-07-2019,30-06-2022
NAPLES COMMUNITY HOSPITAL,100018,FL,READM-30-AMI-HRRP,198,1.0052,20.5301,20.4229,41,01-07-2019,30-06-2022
HOLMES REGIONAL MEDICAL CENTER,100019,FL,READM-30-PN-HRRP,80,1.0011,17.4126,17.3934,14,01-07-2019,30-06-2022
HOLMES REGIONAL MEDICAL CENTER,100019,FL,READM-30-HF-HRRP,150,1.083,19.8301,18.3107,35,01-07-2019,30-06-2022
HOLMES REGIONAL MEDICAL CENTER,100019,FL,READM-30-AMI-HRRP,114,1.061,12.4421,11.7263,17,01-07-2019,30-06-2022
JACKSON HEALTH SYSTEM,100022,FL,READM-30-PN-HRRP,197,1.0675,19.464,18.234,43,01-07-2019,30-06-2022
JACKSON HEALTH SYSTEM,100022,FL,READM-30-HF-HRRP,244,0.9751,20.7845,21.3157,49,01-07-2019,30-06-2022
JACKSON HEALTH SYSTEM,100022,FL,READM-30-COPD-HRRP,64,1.0204,19.7991,19.4028,14,01-07-2019,30-06-2022
JACKSON HEALTH SYSTEM,100022,FL,READM-30-CABG-HRRP,117,0.9489,13.319,14.0367,13,01-07-2019,30-06-2022
JACKSON HEALTH SYSTEM,100022,FL,READM-30-AMI-HRRP,35,1.0657,18.9034,17.7384,11,01-07-2019,30-06-2022
HCA FLORIDA CITRUS HOSPITAL,100023,FL,READM-30-PN-HRRP,813,1.0898,19.3092,17.7177,163,01-07-2019,30-06-2022
HCA FLORIDA CITRUS HOSPITAL,100023,FL,READM-30-HIP-KNEE-HRRP,461,1.2029,6.1022,5.0728,31,01-07-2019,30-06-2022
HCA FLORIDA CITRUS HOSPITAL,100023,FL,READM-30-HF-HRRP,1032,0.8982,18.9089,21.0517,188,01-07-2019,30-06-2022
HCA FLORIDA CITRUS HOSPITAL,100023,FL,READM-30-COPD-HRRP,329,1.0685,22.0394,20.6268,77,01-07-2019,30-06-2022
HCA FLORIDA CITRUS HOSPITAL,100023,FL,READM-30-AMI-HRRP,288,0.989,14.0768,14.2331,40,01-07-2019,30-06-2022
SACRED HEART HOSPITAL,100025,FL,READM-30-PN-HRRP,328,1.0609,18.5516,17.4872,65,01-07-2019,30-06-2022
SACRED HEART HOSPITAL,100025,FL,READM-30-HF-HRRP,741,0.9772,19.37,19.8221,142,01-07-2019,30-06-2022
SACRED HEART HOSPITAL,100025,FL,READM-30-COPD-HRRP,105,0.9496,19.4984,20.5335,17,01-07-2019,30-06-2022
SACRED HEART HOSPITAL,100025,FL,READM-30-AMI-HRRP,202,0.9221,13.8581,15.0285,24,01-07-2019,30-06-2022
ASCENSION SACRED HEART BAY,100026,FL,READM-30-PN-HRRP,265,0.9635,19.4919,20.23,49,01-07-2019,30-06-2022
ASCENSION SACRED HEART BAY,100026,FL,READM-30-HIP-KNEE-HRRP,636,0.9795,4.2949,4.3846,27,01-07-2019,30-06-2022
ASCENSION SACRED HEART BAY,100026,FL,READM-30-HF-HRRP,606,1.0808,24.6816,22.8359,155,01-07-2019,30-06-2022
ASCENSION SACRED HEART BAY,100026,FL,READM-30-COPD-HRRP,100,0.9424,23.2255,24.6438,19,01-07-2019,30-06-2022
ASCENSION SACRED HEART BAY,100026,FL,READM-30-CABG-HRRP,95,1.0442,15.4601,14.8051,16,01-07-2019,30-06-2022
ASCENSION SACRED HEART BAY,100026,FL,READM-30-AMI-HRRP,122,1.1153,20.6323,18.4993,31,01-07-2019,30-06-2022
PARRISH MEDICAL CENTER,100028,FL,READM-30-PN-HRRP,117,0.9516,15.6805,16.4786,15,01-07-2019,30-06-2022
PARRISH MEDICAL CENTER,100028,FL,READM-30-HIP-KNEE-HRRP,114,0.9651,18.698,19.3742,19,01-07-2019,30-06-2022
PARRISH MEDICAL CENTER,100028,FL,READM-30-COPD-HRRP,345,0.9586,16.4912,17.2028,54,01-07-2019,30-06-2022
PARRISH MEDICAL CENTER,100028,FL,READM-30-AMI-HRRP,283,0.9395,18.7759,19.9857,49,01-07-2019,30-06-2022
STEWARD NORTH SHORE MEDICAL CENTER,100029,FL,READM-30-HF-HRRP,111,1.0007,12.5805,12.5712,14,01-07-2019,30-06-2022
STEWARD NORTH SHORE MEDICAL CENTER,100029,FL,READM-30-CABG-HRRP,170,0.9929,20.8713,21.0205,35,01-07-2019,30-06-2022
ORLANDO HEALTH-HEALTH CENTRAL HOSPITAL,100030,FL,READM-30-HIP-KNEE-HRRP,68,1.036,17.046,16.4536,14,01-07-2019,30-06-2022
ORLANDO HEALTH-HEALTH CENTRAL HOSPITAL,100030,FL,READM-30-HF-HRRP,98,1.0196,21.1071,20.7023,22,01-07-2019,30-06-2022
ORLANDO HEALTH-HEALTH CENTRAL HOSPITAL,100030,FL,READM-30-COPD-HRRP,51,1.0331,19.4031,18.7817,12,01-07-2019,30-06-2022
ORLANDO HEALTH-HEALTH CENTRAL HOSPITAL,100030,FL,READM-30-CABG-HRRP,238,0.9338,15.3817,16.4716,32,01-07-2019,30-06-2022
ORLANDO HEALTH-HEALTH CENTRAL HOSPITAL,100030,FL,READM-30-AMI-HRRP,450,1.1648,4.5951,3.9449,23,01-07-2019,30-06-2022
BAYFRONT HEALTH ST PETERSBURG,100032,FL,READM-30-PN-HRRP,232,0.9612,19.669,20.462,43,01-07-2019,30-06-2022
BAYFRONT HEALTH ST PETERSBURG,100032,FL,READM-30-HIP-KNEE-HRRP,96,0.9717,17.5324,18.0435,15,01-07-2019,30-06-2022
BAYFRONT HEALTH ST PETERSBURG,100032,FL,READM-30-COPD-HRRP,303,1.0106,17.2519,17.0711,53,01-07-2019,30-06-2022
BAYFRONT HEALTH ST PETERSBURG,100032,FL,READM-30-AMI-HRRP,453,0.8855,18.332,20.7031,75,01-07-2019,30-06-2022
"MOUNT SINAI MEDICAL CENTER OF FLORIDA, INC",100034,FL,READM-30-HIP-KNEE-HRRP,90,1.0933,14.0143,12.8183,17,01-07-2019,30-06-2022
"MOUNT SINAI MEDICAL CENTER OF FLORIDA, INC",100034,FL,READM-30-HF-HRRP,66,1.0681,20.1321,18.8484,18,01-07-2019,30-06-2022
"MOUNT SINAI MEDICAL CENTER OF FLORIDA, INC",100034,FL,READM-30-COPD-HRRP,168,0.9747,21.2917,21.8453,34,01-07-2019,30-06-2022
"MOUNT SINAI MEDICAL CENTER OF FLORIDA, INC",100034,FL,READM-30-CABG-HRRP,60,1.0539,20.7282,19.6677,16,01-07-2019,30-06-2022
"MOUNT SINAI MEDICAL CENTER OF FLORIDA, INC",100034,FL,READM-30-AMI-HRRP,359,0.9889,17.7658,17.9649,63,01-07-2019,30-06-2022
MANATEE MEMORIAL HOSPITAL,100035,FL,READM-30-HIP-KNEE-HRRP,345,1.0249,20.9689,20.4589,74,01-07-2019,30-06-2022
MANATEE MEMORIAL HOSPITAL,100035,FL,READM-30-HF-HRRP,169,0.9194,19.2574,20.9465,27,01-07-2019,30-06-2022
MEMORIAL REGIONAL HOSPITAL,100038,FL,READM-30-PN-HRRP,123,0.9191,15.1654,16.5003,13,01-07-2019,30-06-2022
MEMORIAL REGIONAL HOSPITAL,100038,FL,READM-30-HF-HRRP,83,0.9299,19.0271,20.4606,11,01-07-2019,30-06-2022
MEMORIAL REGIONAL HOSPITAL,100038,FL,READM-30-CABG-HRRP,87,0.9815,15.2213,15.5082,12,01-07-2019,30-06-2022
MEMORIAL REGIONAL HOSPITAL,100038,FL,READM-30-AMI-HRRP,70,1.0118,17.4999,17.2961,13,01-07-2019,30-06-2022
BROWARD HEALTH MEDICAL CENTER,100039,FL,READM-30-HIP-KNEE-HRRP,88,0.9901,18.9256,19.1144,16,01-07-2019,30-06-2022
BROWARD HEALTH MEDICAL CENTER,100039,FL,READM-30-HF-HRRP,61,1.1352,19.4187,17.106,20,01-07-2019,30-06-2022
BROWARD HEALTH MEDICAL CENTER,100039,FL,READM-30-COPD-HRRP,554,1.0271,17.1781,16.7249,97,01-07-2019,30-06-2022
BROWARD HEALTH MEDICAL CENTER,100039,FL,READM-30-AMI-HRRP,567,1.0489,21.4767,20.475,125,01-07-2019,30-06-2022
ASCENSION ST VINCENT'S RIVERSIDE,100040,FL,READM-30-PN-HRRP,302,1.0156,20.5217,20.2071,63,01-07-2019,30-06-2022
ASCENSION ST VINCENT'S RIVERSIDE,100040,FL,READM-30-HF-HRRP,355,1.112,15.6948,14.1134,61,01-07-2019,30-06-2022
ASCENSION ST VINCENT'S RIVERSIDE,100040,FL,READM-30-COPD-HRRP,71,0.9623,19.3964,20.1554,11,01-07-2019,30-06-2022
ASCENSION ST VINCENT'S RIVERSIDE,100040,FL,READM-30-AMI-HRRP,160,1.1562,24.9224,21.5559,50,01-07-2019,30-06-2022
MEASE DUNEDIN HOSPITAL,100043,FL,READM-30-HIP-KNEE-HRRP,38,1.0883,17.6244,16.194,11,01-07-2019,30-06-2022
MEASE DUNEDIN HOSPITAL,100043,FL,READM-30-HF-HRRP,159,0.8813,14.8513,16.8518,15,01-07-2019,30-06-2022
MEASE DUNEDIN HOSPITAL,100043,FL,READM-30-CABG-HRRP,151,0.9324,20.3716,21.8482,26,01-07-2019,30-06-2022
CLEVELAND CLINIC MARTIN NORTH HOSPITAL,100044,FL,READM-30-HF-HRRP,122,1.1703,23.1921,19.8178,39,01-07-2019,30-06-2022
CLEVELAND CLINIC MARTIN NORTH HOSPITAL,100044,FL,READM-30-COPD-HRRP,52,1.0693,18.6562,17.4468,14,01-07-2019,30-06-2022
CLEVELAND CLINIC MARTIN NORTH HOSPITAL,100044,FL,READM-30-CABG-HRRP,138,0.9414,13.743,14.5987,15,01-07-2019,30-06-2022
ADVENTHEALTH DELAND,100045,FL,READM-30-PN-HRRP,110,0.8927,16.6678,18.6713,11,01-07-2019,30-06-2022
ADVENTHEALTH DELAND,100045,FL,READM-30-COPD-HRRP,129,0.9376,13.3401,14.2282,13,01-07-2019,30-06-2022
ADVENTHEALTH DELAND,100045,FL,READM-30-AMI-HRRP,102,0.9756,17.2338,17.6643,16,01-07-2019,30-06-2022
FLORIDA HOSPITAL ZEPHYRHILLS,100046,FL,READM-30-PN-HRRP,66,1.0125,17.0038,16.794,12,01-07-2019,30-06-2022
FLORIDA HOSPITAL ZEPHYRHILLS,100046,FL,READM-30-HIP-KNEE-HRRP,209,1.1276,18.0535,16.0108,46,01-07-2019,30-06-2022
FLORIDA HOSPITAL ZEPHYRHILLS,100046,FL,READM-30-COPD-HRRP,322,0.9869,17.9669,18.2058,57,01-07-2019,30-06-2022
FLORIDA HOSPITAL ZEPHYRHILLS,100046,FL,READM-30-CABG-HRRP,96,1.0157,17.7177,17.4446,18,01-07-2019,30-06-2022
SHOREPOINT HEALTH PUNTA GORDA,100047,FL,READM-30-PN-HRRP,130,0.9682,11.1801,11.5474,13,01-07-2019,30-06-2022
SHOREPOINT HEALTH PUNTA GORDA,100047,FL,READM-30-HIP-KNEE-HRRP,263,0.973,17.4548,17.9394,44,01-07-2019,30-06-2022
SHOREPOINT HEALTH PUNTA GORDA,100047,FL,READM-30-COPD-HRRP,309,1.0479,22.5907,21.5581,73,01-07-2019,30-06-2022
SHOREPOINT HEALTH PUNTA GORDA,100047,FL,READM-30-CABG-HRRP,171,0.9441,17.9459,19.0083,27,01-07-2019,30-06-2022
JAY HOSPITAL,100048,FL,READM-30-PN-HRRP,227,0.9841,13.121,13.3327,29,01-07-2019,30-06-2022
JAY HOSPITAL,100048,FL,READM-30-HIP-KNEE-HRRP,298,1.0718,19.5077,18.2004,63,01-07-2019,30-06-2022
JAY HOSPITAL,100048,FL,READM-30-COPD-HRRP,365,0.9955,21.4528,21.5489,78,01-07-2019,30-06-2022
JAY HOSPITAL,100048,FL,READM-30-CABG-HRRP,90,1.0405,21.5381,20.6998,22,01-07-2019,30-06-2022
JAY HOSPITAL,100048,FL,READM-30-AMI-HRRP,101,0.9619,13.7592,14.3041,12,01-07-2019,30-06-2022
HCA FLORIDA HIGHLANDS HOSPITAL,100049,FL,READM-30-HF-HRRP,240,1.0403,18.4351,17.7208,47,01-07-2019,30-06-2022
HCA FLORIDA HIGHLANDS HOSPITAL,100049,FL,READM-30-CABG-HRRP,468,1.1033,23.9689,21.7254,119,01-07-2019,30-06-2022
HCA FLORIDA HIGHLANDS HOSPITAL,100049,FL,READM-30-AMI-HRRP,180,0.9921,21.9714,22.1471,39,01-07-2019,30-06-2022
LARKIN COMMUNITY HOSPITAL PALM SPRINGS CAMPUS,100050,FL,READM-30-PN-HRRP,111,1.0756,15.65,14.5507,21,01-07-2019,30-06-2022
LARKIN COMMUNITY HOSPITAL PALM SPRINGS CAMPUS,100050,FL,READM-30-HIP-KNEE-HRRP,135,1.0219,16.6901,16.3319,24,01-07-2019,30-06-2022
LARKIN COMMUNITY HOSPITAL PALM SPRINGS CAMPUS,100050,FL,READM-30-HF-HRRP,199,1.0797,21.9995,20.375,49,01-07-2019,30-06-2022
LARKIN COMMUNITY HOSPITAL PALM SPRINGS CAMPUS,100050,FL,READM-30-COPD-HRRP,44,1.0535,19.6076,18.6126,12,01-07-2019,30-06-2022
LARKIN COMMUNITY HOSPITAL PALM SPRINGS CAMPUS,100050,FL,READM-30-AMI-HRRP,63,1.1291,15.891,14.0747,16,01-07-2019,30-06-2022
ORLANDO HEALTH SOUTH LAKE HOSPITAL,100051,FL,READM-30-PN-HRRP,54,1.0711,24.4036,22.7839,18,01-07-2019,30-06-2022
ORLANDO HEALTH SOUTH LAKE HOSPITAL,100051,FL,READM-30-HIP-KNEE-HRRP,325,1.1398,19.9242,17.4809,74,01-07-2019,30-06-2022
ORLANDO HEALTH SOUTH LAKE HOSPITAL,100051,FL,READM-30-COPD-HRRP,500,1.0333,21.5543,20.86,110,01-07-2019,30-06-2022
ORLANDO HEALTH SOUTH LAKE HOSPITAL,100051,FL,READM-30-CABG-HRRP,130,1.0108,20.2209,20.0047,27,01-07-2019,30-06-2022
ORLANDO HEALTH SOUTH LAKE HOSPITAL,100051,FL,READM-30-AMI-HRRP,88,1.1089,17.8584,16.1043,21,01-07-2019,30-06-2022
WINTER HAVEN HOSPITAL,100052,FL,READM-30-PN-HRRP,117,1.0314,18.6524,18.0852,24,01-07-2019,30-06-2022
WINTER HAVEN HOSPITAL,100052,FL,READM-30-HF-HRRP,186,1.1757,28.129,23.925,64,01-07-2019,30-06-2022
WINTER HAVEN HOSPITAL,100052,FL,READM-30-COPD-HRRP,82,1.0586,21.0258,19.8622,21,01-07-2019,30-06-2022
WINTER HAVEN HOSPITAL,100052,FL,READM-30-CABG-HRRP,52,1.0575,19.2421,18.1955,13,01-07-2019,30-06-2022
STEWARD HIALEAH HOSPITAL,100053,FL,READM-30-PN-HRRP,97,1.0126,18.6732,18.4409,19,01-07-2019,30-06-2022
STEWARD HIALEAH HOSPITAL,100053,FL,READM-30-HF-HRRP,209,1.0779,22.8904,21.2358,53,01-07-2019,30-06-2022
STEWARD HIALEAH HOSPITAL,100053,FL,READM-30-AMI-HRRP,150,0.9686,16.8092,17.3545,23,01-07-2019,30-06-2022
HCA FLORIDA TWIN CITIES HOSPITAL,100054,FL,READM-30-HIP-KNEE-HRRP,134,0.964,22.0522,22.8765,27,01-07-2019,30-06-2022
HCA FLORIDA TWIN CITIES HOSPITAL,100054,FL,READM-30-HF-HRRP,47,1.0295,23.344,22.6751,13,01-07-2019,30-06-2022
HCA FLORIDA TWIN CITIES HOSPITAL,100054,FL,READM-30-CABG-HRRP,435,1.0717,19.3405,18.0466,89,01-07-2019,30-06-2022
HCA FLORIDA TWIN CITIES HOSPITAL,100054,FL,READM-30-AMI-HRRP,255,1.0426,4.847,4.6488,13,01-07-2019,30-06-2022
ADVENTHEALTH NORTH PINELLAS,100055,FL,READM-30-PN-HRRP,487,0.9592,20.0804,20.9339,95,01-07-2019,30-06-2022
ADVENTHEALTH NORTH PINELLAS,100055,FL,READM-30-HIP-KNEE-HRRP,142,1.0989,21.6615,19.7119,37,01-07-2019,30-06-2022
ADVENTHEALTH NORTH PINELLAS,100055,FL,READM-30-COPD-HRRP,143,1.0958,16.3626,14.932,28,01-07-2019,30-06-2022
ADVENTHEALTH NORTH PINELLAS,100055,FL,READM-30-CABG-HRRP,464,1.0653,17.3899,16.3237,85,01-07-2019,30-06-2022
ADVENTHEALTH WATERMAN,100057,FL,READM-30-PN-HRRP,454,0.9648,19.0218,19.7147,84,01-07-2019,30-06-2022
ADVENTHEALTH WATERMAN,100057,FL,READM-30-HIP-KNEE-HRRP,180,0.9584,19.3435,20.1833,32,01-07-2019,30-06-2022
ADVENTHEALTH WATERMAN,100057,FL,READM-30-HF-HRRP,58,1.142,12.5096,10.9537,11,01-07-2019,30-06-2022
ADVENTHEALTH WATERMAN,100057,FL,READM-30-CABG-HRRP,259,0.9489,16.8436,17.7501,40,01-07-2019,30-06-2022
ADVENTHEALTH OCALA,100062,FL,READM-30-PN-HRRP,438,1.0578,22.1863,20.9736,101,01-07-2019,30-06-2022
ADVENTHEALTH OCALA,100062,FL,READM-30-HIP-KNEE-HRRP,65,1.0152,20.0021,19.7018,14,01-07-2019,30-06-2022
ADVENTHEALTH OCALA,100062,FL,READM-30-COPD-HRRP,230,1.0016,14.7489,14.726,34,01-07-2019,30-06-2022
ADVENTHEALTH OCALA,100062,FL,READM-30-CABG-HRRP,367,1.0321,17.3923,16.8506,66,01-07-2019,30-06-2022
ADVENTHEALTH OCALA,100062,FL,READM-30-AMI-HRRP,310,1.3277,6.0155,4.5307,23,01-07-2019,30-06-2022
MORTON PLANT NORTH BAY HOSPITAL,100063,FL,READM-30-AMI-HRRP,416,1.1815,23.0063,19.4718,107,01-07-2019,30-06-2022
MORTON PLANT NORTH BAY HOSPITAL,100063,FL,READM-30-PN-HRRP,216,1.024,19.1948,18.744,43,01-07-2019,30-06-2022
MORTON PLANT NORTH BAY HOSPITAL,100063,FL,READM-30-HF-HRRP,142,1.0204,18.7113,18.3376,28,01-07-2019,30-06-2022
MORTON PLANT NORTH BAY HOSPITAL,100063,FL,READM-30-CABG-HRRP,513,1.032,20.4477,19.8144,107,01-07-2019,30-06-2022
ST ANTHONYS HOSPITAL,100067,FL,READM-30-PN-HRRP,133,1.1017,21.4248,19.4467,35,01-07-2019,30-06-2022
ST ANTHONYS HOSPITAL,100067,FL,READM-30-HF-HRRP,494,1.0037,17.5593,17.4944,87,01-07-2019,30-06-2022
ST ANTHONYS HOSPITAL,100067,FL,READM-30-COPD-HRRP,801,0.8797,3.8639,4.3924,29,01-07-2019,30-06-2022
ST ANTHONYS HOSPITAL,100067,FL,READM-30-CABG-HRRP,901,0.9945,19.574,19.6814,176,01-07-2019,30-06-2022
ST ANTHONYS HOSPITAL,100067,FL,READM-30-AMI-HRRP,228,1.0807,20.1405,18.6363,51,01-07-2019,30-06-2022
ADVENTHEALTH DAYTONA BEACH,100068,FL,READM-30-HIP-KNEE-HRRP,162,1.0201,14.209,13.9286,24,01-07-2019,30-06-2022
ADVENTHEALTH DAYTONA BEACH,100068,FL,READM-30-HF-HRRP,661,1.0334,17.8097,17.2336,120,01-07-2019,30-06-2022
ADVENTHEALTH DAYTONA BEACH,100068,FL,READM-30-CABG-HRRP,720,0.9866,20.4037,20.6814,146,01-07-2019,30-06-2022
ADVENTHEALTH DAYTONA BEACH,100068,FL,READM-30-AMI-HRRP,208,0.9449,17.1175,18.1162,32,01-07-2019,30-06-2022
FLORIDA HOSPITAL CARROLLWOOD,100069,FL,READM-30-HIP-KNEE-HRRP,189,1.0087,15.114,14.9834,29,01-07-2019,30-06-2022
FLORIDA HOSPITAL CARROLLWOOD,100069,FL,READM-30-COPD-HRRP,56,1.1101,25.9004,23.3305,22,01-07-2019,30-06-2022
FLORIDA HOSPITAL CARROLLWOOD,100069,FL,READM-30-AMI-HRRP,433,1.0955,19.9862,18.2438,93,01-07-2019,30-06-2022
BRAVERA HEALTH BROOKSVILLE,100071,FL,READM-30-PN-HRRP,319,1.2437,6.449,5.1852,24,01-07-2019,30-06-2022
BRAVERA HEALTH BROOKSVILLE,100071,FL,READM-30-HIP-KNEE-HRRP,1096,1.0903,23.6345,21.6765,265,01-07-2019,30-06-2022
BRAVERA HEALTH BROOKSVILLE,100071,FL,READM-30-HF-HRRP,219,1.0223,21.6883,21.216,49,01-07-2019,30-06-2022
BRAVERA HEALTH BROOKSVILLE,100071,FL,READM-30-COPD-HRRP,163,1.1173,15.762,14.1071,29,01-07-2019,30-06-2022
BRAVERA HEALTH BROOKSVILLE,100071,FL,READM-30-CABG-HRRP,291,1.0203,15.4606,15.1525,46,01-07-2019,30-06-2022
BRAVERA HEALTH BROOKSVILLE,100071,FL,READM-30-AMI-HRRP,265,0.954,17.0744,17.8972,42,01-07-2019,30-06-2022
ADVENTHEALTH FISH MEMORIAL,100072,FL,READM-30-HIP-KNEE-HRRP,266,1.0185,21.3397,20.9511,58,01-07-2019,30-06-2022
ADVENTHEALTH FISH MEMORIAL,100072,FL,READM-30-HF-HRRP,82,1.0393,20.0914,19.3318,19,01-07-2019,30-06-2022
ADVENTHEALTH FISH MEMORIAL,100072,FL,READM-30-CABG-HRRP,184,0.9716,13.8144,14.2183,24,01-07-2019,30-06-2022
HOLY CROSS HOSPITAL,100073,FL,READM-30-HF-HRRP,315,1.0189,16.1046,15.8057,52,01-07-2019,30-06-2022
HOLY CROSS HOSPITAL,100073,FL,READM-30-CABG-HRRP,468,0.8858,15.7506,17.7814,66,01-07-2019,30-06-2022
HOLY CROSS HOSPITAL,100073,FL,READM-30-AMI-HRRP,78,1.0245,17.2754,16.8617,15,01-07-2019,30-06-2022
ST JOSEPHS HOSPITAL,100075,FL,READM-30-PN-HRRP,114,1.0056,12.0479,11.9812,14,01-07-2019,30-06-2022
ST JOSEPHS HOSPITAL,100075,FL,READM-30-HIP-KNEE-HRRP,755,1.1134,18.7499,16.8407,149,01-07-2019,30-06-2022
ST JOSEPHS HOSPITAL,100075,FL,READM-30-HF-HRRP,342,0.9721,4.2197,4.341,14,01-07-2019,30-06-2022
ST JOSEPHS HOSPITAL,100075,FL,READM-30-COPD-HRRP,925,1.0584,21.5316,20.3432,203,01-07-2019,30-06-2022
ST JOSEPHS HOSPITAL,100075,FL,READM-30-CABG-HRRP,243,1.1158,19.701,17.6568,55,01-07-2019,30-06-2022
ST JOSEPHS HOSPITAL,100075,FL,READM-30-AMI-HRRP,171,0.9492,10.2049,10.751,16,01-07-2019,30-06-2022
SHOREPOINT HEALTH PORT CHARLOTTE,100077,FL,READM-30-PN-HRRP,358,1.0009,13.9535,13.9403,50,01-07-2019,30-06-2022
SHOREPOINT HEALTH PORT CHARLOTTE,100077,FL,READM-30-HIP-KNEE-HRRP,117,0.9507,16.6399,17.5024,16,01-07-2019,30-06-2022
SHOREPOINT HEALTH PORT CHARLOTTE,100077,FL,READM-30-COPD-HRRP,163,1.0429,22.773,21.8364,40,01-07-2019,30-06-2022
SHOREPOINT HEALTH PORT CHARLOTTE,100077,FL,READM-30-CABG-HRRP,67,1.0027,19.1458,19.0949,13,01-07-2019,30-06-2022
SHOREPOINT HEALTH PORT CHARLOTTE,100077,FL,READM-30-AMI-HRRP,55,1.0693,15.7789,14.7568,12,01-07-2019,30-06-2022
HCA FLORIDA JFK HOSPITAL,100080,FL,READM-30-PN-HRRP,692,0.9813,18.5461,18.8999,127,01-07-2019,30-06-2022
HCA FLORIDA JFK HOSPITAL,100080,FL,READM-30-HIP-KNEE-HRRP,396,0.9538,4.4769,4.6938,17,01-07-2019,30-06-2022
HCA FLORIDA JFK HOSPITAL,100080,FL,READM-30-HF-HRRP,925,0.9217,18.6361,20.2183,167,01-07-2019,30-06-2022
HCA FLORIDA JFK HOSPITAL,100080,FL,READM-30-COPD-HRRP,147,0.9538,19.8446,20.805,26,01-07-2019,30-06-2022
HCA FLORIDA JFK HOSPITAL,100080,FL,READM-30-AMI-HRRP,210,0.9965,13.8902,13.9384,29,01-07-2019,30-06-2022
UF HEALTH LEESBURG HOSPITAL,100084,FL,READM-30-PN-HRRP,88,0.9627,15.4238,16.0208,11,01-07-2019,30-06-2022
UF HEALTH LEESBURG HOSPITAL,100084,FL,READM-30-HF-HRRP,209,0.9751,18.4914,18.9627,37,01-07-2019,30-06-2022
UF HEALTH LEESBURG HOSPITAL,100084,FL,READM-30-COPD-HRRP,58,0.9979,20.9401,20.9852,12,01-07-2019,30-06-2022
UF HEALTH LEESBURG HOSPITAL,100084,FL,READM-30-CABG-HRRP,59,1.1109,16.4667,14.8232,15,01-07-2019,30-06-2022
UF HEALTH LEESBURG HOSPITAL,100084,FL,READM-30-AMI-HRRP,371,0.9366,14.9299,15.9403,51,01-07-2019,30-06-2022
BROWARD HEALTH NORTH,100086,FL,READM-30-HIP-KNEE-HRRP,436,0.9931,20.0604,20.2002,87,01-07-2019,30-06-2022
BROWARD HEALTH NORTH,100086,FL,READM-30-HF-HRRP,121,1.0431,20.024,19.1959,27,01-07-2019,30-06-2022
BROWARD HEALTH NORTH,100086,FL,READM-30-CABG-HRRP,157,0.9731,12.9503,13.3085,19,01-07-2019,30-06-2022
BROWARD HEALTH NORTH,100086,FL,READM-30-AMI-HRRP,647,0.999,17.4761,17.494,113,01-07-2019,30-06-2022
SARASOTA MEMORIAL HOSPITAL,100087,FL,READM-30-PN-HRRP,292,0.9657,3.9482,4.0885,11,01-07-2019,30-06-2022
SARASOTA MEMORIAL HOSPITAL,100087,FL,READM-30-HIP-KNEE-HRRP,867,1.0059,20.8309,20.7082,181,01-07-2019,30-06-2022
SARASOTA MEMORIAL HOSPITAL,100087,FL,READM-30-HF-HRRP,228,0.975,19.144,19.6348,42,01-07-2019,30-06-2022
SARASOTA MEMORIAL HOSPITAL,100087,FL,READM-30-COPD-HRRP,121,1.0482,10.4887,10.006,14,01-07-2019,30-06-2022
SARASOTA MEMORIAL HOSPITAL,100087,FL,READM-30-CABG-HRRP,205,0.9703,12.4165,12.7964,24,01-07-2019,30-06-2022
SARASOTA MEMORIAL HOSPITAL,100087,FL,READM-30-AMI-HRRP,331,1.1956,20.3716,17.0385,80,01-07-2019,30-06-2022
BAPTIST HEALTH MEDICAL CENTER - JACKSONVILLE,100088,FL,READM-30-PN-HRRP,203,1.089,4.775,4.3846,11,01-07-2019,30-06-2022
BAPTIST HEALTH MEDICAL CENTER - JACKSONVILLE,100088,FL,READM-30-HIP-KNEE-HRRP,434,1.0153,19.3538,19.0616,85,01-07-2019,30-06-2022
BAPTIST HEALTH MEDICAL CENTER - JACKSONVILLE,100088,FL,READM-30-HF-HRRP,100,1.0792,19.0973,17.6958,24,01-07-2019,30-06-2022
BAPTIST HEALTH MEDICAL CENTER - JACKSONVILLE,100088,FL,READM-30-COPD-HRRP,65,1.0886,13.1904,12.1169,11,01-07-2019,30-06-2022
BAPTIST HEALTH MEDICAL CENTER - JACKSONVILLE,100088,FL,READM-30-CABG-HRRP,199,1.0315,13.8067,13.3846,29,01-07-2019,30-06-2022
BAPTIST HEALTH MEDICAL CENTER - JACKSONVILLE,100088,FL,READM-30-AMI-HRRP,99,0.9882,17.9993,18.2138,17,01-07-2019,30-06-2022
FLAGLER HOSPITAL,100090,FL,READM-30-HIP-KNEE-HRRP,101,0.9871,20.6667,20.9378,20,01-07-2019,30-06-2022
FLAGLER HOSPITAL,100090,FL,READM-30-COPD-HRRP,143,0.9961,17.6736,17.7436,25,01-07-2019,30-06-2022
FLAGLER HOSPITAL,100090,FL,READM-30-AMI-HRRP,293,0.9137,18.4074,20.1469,48,01-07-2019,30-06-2022
STEWARD ROCKLEDGE HOSPITAL,100092,FL,READM-30-PN-HRRP,159,1.0321,22.5474,21.8456,38,01-07-2019,30-06-2022
STEWARD ROCKLEDGE HOSPITAL,100092,FL,READM-30-HF-HRRP,103,0.9715,14.0109,14.422,13,01-07-2019,30-06-2022
STEWARD ROCKLEDGE HOSPITAL,100092,FL,READM-30-COPD-HRRP,472,1.0395,17.0259,16.3786,83,01-07-2019,30-06-2022
STEWARD ROCKLEDGE HOSPITAL,100092,FL,READM-30-AMI-HRRP,748,0.9688,18.191,18.7778,134,01-07-2019,30-06-2022
BAPTIST HOSPITAL,100093,FL,READM-30-PN-HRRP,140,0.9802,17.3478,17.6989,23,01-07-2019,30-06-2022
BAPTIST HOSPITAL,100093,FL,READM-30-HF-HRRP,178,0.9366,11.3001,12.0648,17,01-07-2019,30-06-2022
BAPTIST HOSPITAL,100093,FL,READM-30-COPD-HRRP,120,1.0711,18.5175,17.2875,27,01-07-2019,30-06-2022
BAPTIST HOSPITAL,100093,FL,READM-30-CABG-HRRP,193,1.0552,22.4432,21.2684,47,01-07-2019,30-06-2022
BAPTIST HOSPITAL,100093,FL,READM-30-AMI-HRRP,73,0.9922,19.8961,20.053,14,01-07-2019,30-06-2022
ADVENTHEALTH LAKE WALES,100099,FL,READM-30-PN-HRRP,70,1.0021,15.5649,15.5325,11,01-07-2019,30-06-2022
ADVENTHEALTH LAKE WALES,100099,FL,READM-30-HIP-KNEE-HRRP,824,0.9955,16.0566,16.1291,132,01-07-2019,30-06-2022
ADVENTHEALTH LAKE WALES,100099,FL,READM-30-HF-HRRP,592,0.6996,3.1077,4.442,13,01-07-2019,30-06-2022
ADVENTHEALTH LAKE WALES,100099,FL,READM-30-COPD-HRRP,784,0.9305,17.3043,18.5972,131,01-07-2019,30-06-2022
ADVENTHEALTH LAKE WALES,100099,FL,READM-30-CABG-HRRP,301,1.0157,18.6023,18.3152,57,01-07-2019,30-06-2022
ADVENTHEALTH LAKE WALES,100099,FL,READM-30-AMI-HRRP,116,1.241,11.2477,9.0631,19,01-07-2019,30-06-2022
CLEVELAND CLINIC INDIAN RIVER HOSPITAL,100105,FL,READM-30-PN-HRRP,284,1.2044,14.7353,12.2346,51,01-07-2019,30-06-2022
CLEVELAND CLINIC INDIAN RIVER HOSPITAL,100105,FL,READM-30-HIP-KNEE-HRRP,549,0.9387,16.0881,17.1394,84,01-07-2019,30-06-2022
CLEVELAND CLINIC INDIAN RIVER HOSPITAL,100105,FL,READM-30-HF-HRRP,398,1.0709,4.7612,4.4459,20,01-07-2019,30-06-2022
CLEVELAND CLINIC INDIAN RIVER HOSPITAL,100105,FL,READM-30-COPD-HRRP,849,1.0116,20.0512,19.8219,171,01-07-2019,30-06-2022
CLEVELAND CLINIC INDIAN RIVER HOSPITAL,100105,FL,READM-30-CABG-HRRP,164,1.1497,20.6687,17.978,43,01-07-2019,30-06-2022
DOCTORS MEMORIAL HOSPITAL INC,100106,FL,READM-30-PN-HRRP,166,1.021,13.2508,12.9786,23,01-07-2019,30-06-2022
DOCTORS MEMORIAL HOSPITAL INC,100106,FL,READM-30-HIP-KNEE-HRRP,114,0.9932,16.194,16.305,18,01-07-2019,30-06-2022
DOCTORS MEMORIAL HOSPITAL INC,100106,FL,READM-30-COPD-HRRP,112,1.0902,19.1212,17.5384,27,01-07-2019,30-06-2022
LEHIGH REGIONAL MEDICAL CENTER,100107,FL,READM-30-PN-HRRP,228,1.0973,19.4947,17.7656,51,01-07-2019,30-06-2022
LEHIGH REGIONAL MEDICAL CENTER,100107,FL,READM-30-HF-HRRP,548,1.043,21.9238,21.0208,123,01-07-2019,30-06-2022
LEHIGH REGIONAL MEDICAL CENTER,100107,FL,READM-30-COPD-HRRP,71,1.0722,21.4747,20.0293,20,01-07-2019,30-06-2022
LEHIGH REGIONAL MEDICAL CENTER,100107,FL,READM-30-CABG-HRRP,100,0.99,12.2878,12.4117,12,01-07-2019,30-06-2022
LEHIGH REGIONAL MEDICAL CENTER,100107,FL,READM-30-AMI-HRRP,133,1.0579,17.3944,16.4429,26,01-07-2019,30-06-2022
ADVENTHEALTH SEBRING,100109,FL,READM-30-PN-HRRP,348,1.0067,15.6748,15.5703,55,01-07-2019,30-06-2022
ADVENTHEALTH SEBRING,100109,FL,READM-30-HIP-KNEE-HRRP,251,1.0842,4.2922,3.959,12,01-07-2019,30-06-2022
ADVENTHEALTH SEBRING,100109,FL,READM-30-HF-HRRP,356,0.9802,19.1883,19.5752,67,01-07-2019,30-06-2022
ADVENTHEALTH SEBRING,100109,FL,READM-30-COPD-HRRP,123,0.9694,16.2215,16.7329,18,01-07-2019,30-06-2022
ADVENTHEALTH SEBRING,100109,FL,READM-30-AMI-HRRP,241,1.0513,13.5143,12.8552,35,01-07-2019,30-06-2022
HCA FLORIDA OSCEOLA HOSPITAL,100110,FL,READM-30-PN-HRRP,527,1.0532,19.7958,18.7951,108,01-07-2019,30-06-2022
HCA FLORIDA OSCEOLA HOSPITAL,100110,FL,READM-30-HIP-KNEE-HRRP,675,0.8419,3.795,4.5079,23,01-07-2019,30-06-2022
HCA FLORIDA OSCEOLA HOSPITAL,100110,FL,READM-30-HF-HRRP,1147,0.996,21.1219,21.2056,242,01-07-2019,30-06-2022
HCA FLORIDA OSCEOLA HOSPITAL,100110,FL,READM-30-COPD-HRRP,169,0.9878,20.0096,20.2565,33,01-07-2019,30-06-2022
HCA FLORIDA OSCEOLA HOSPITAL,100110,FL,READM-30-AMI-HRRP,181,0.9322,13.5541,14.5401,21,01-07-2019,30-06-2022
UF HEALTH SHANDS HOSPITAL,100113,FL,READM-30-PN-HRRP,280,0.98,15.8459,16.1691,43,01-07-2019,30-06-2022
UF HEALTH SHANDS HOSPITAL,100113,FL,READM-30-HIP-KNEE-HRRP,210,0.9017,17.4979,19.4049,30,01-07-2019,30-06-2022
UF HEALTH SHANDS HOSPITAL,100113,FL,READM-30-HF-HRRP,103,0.9905,17.0937,17.2585,17,01-07-2019,30-06-2022
UF HEALTH SHANDS HOSPITAL,100113,FL,READM-30-CABG-HRRP,545,0.9468,15.7295,16.6132,82,01-07-2019,30-06-2022
UF HEALTH SHANDS HOSPITAL,100113,FL,READM-30-AMI-HRRP,203,1.1295,4.9899,4.4179,12,01-07-2019,30-06-2022
BAPTIST MEDICAL CENTER  BEACHES,100117,FL,READM-30-PN-HRRP,708,1.0228,20.1273,19.6795,144,01-07-2019,30-06-2022
BAPTIST MEDICAL CENTER  BEACHES,100117,FL,READM-30-HIP-KNEE-HRRP,144,1.0028,19.3178,19.2643,28,01-07-2019,30-06-2022
BAPTIST MEDICAL CENTER  BEACHES,100117,FL,READM-30-HF-HRRP,97,1.1084,12.4555,11.2368,15,01-07-2019,30-06-2022
BAPTIST MEDICAL CENTER  BEACHES,100117,FL,READM-30-COPD-HRRP,180,0.9632,13.2431,13.7489,22,01-07-2019,30-06-2022
BAPTIST MEDICAL CENTER  BEACHES,100117,FL,READM-30-CABG-HRRP,256,0.94,15.2983,16.2745,35,01-07-2019,30-06-2022
FLORIDA HOSPITAL FLAGLER,100118,FL,READM-30-PN-HRRP,253,1.1421,22.1591,19.4013,65,01-07-2019,30-06-2022
FLORIDA HOSPITAL FLAGLER,100118,FL,READM-30-HIP-KNEE-HRRP,88,1.0652,19.231,18.0538,21,01-07-2019,30-06-2022
FLORIDA HOSPITAL FLAGLER,100118,FL,READM-30-COPD-HRRP,402,0.9841,17.441,17.7229,69,01-07-2019,30-06-2022
FLORIDA HOSPITAL FLAGLER,100118,FL,READM-30-CABG-HRRP,330,0.9853,4.0078,4.0675,13,01-07-2019,30-06-2022
FLORIDA HOSPITAL FLAGLER,100118,FL,READM-30-AMI-HRRP,573,1.0258,20.1221,19.6151,117,01-07-2019,30-06-2022
BARTOW REGIONAL MEDICAL CENTER,100121,FL,READM-30-PN-HRRP,125,0.9885,19.0021,19.2237,23,01-07-2019,30-06-2022
BARTOW REGIONAL MEDICAL CENTER,100121,FL,READM-30-HIP-KNEE-HRRP,107,0.9516,12.555,13.193,11,01-07-2019,30-06-2022
BARTOW REGIONAL MEDICAL CENTER,100121,FL,READM-30-HF-HRRP,478,1.0442,17.7867,17.0337,88,01-07-2019,30-06-2022
BARTOW REGIONAL MEDICAL CENTER,100121,FL,READM-30-COPD-HRRP,177,1.1928,5.2539,4.4048,12,01-07-2019,30-06-2022
BARTOW REGIONAL MEDICAL CENTER,100121,FL,READM-30-CABG-HRRP,571,0.9218,18.6283,20.2089,101,01-07-2019,30-06-2022
BARTOW REGIONAL MEDICAL CENTER,100121,FL,READM-30-AMI-HRRP,156,1.0306,19.2584,18.6861,32,01-07-2019,30-06-2022
NORTH OKALOOSA MEDICAL CENTER,100122,FL,READM-30-PN-HRRP,95,1.2178,13.0382,10.7063,18,01-07-2019,30-06-2022
NORTH OKALOOSA MEDICAL CENTER,100122,FL,READM-30-HIP-KNEE-HRRP,137,0.9594,13.1618,13.7194,16,01-07-2019,30-06-2022
NORTH OKALOOSA MEDICAL CENTER,100122,FL,READM-30-HF-HRRP,102,0.9719,16.6152,17.0957,15,01-07-2019,30-06-2022
NORTH OKALOOSA MEDICAL CENTER,100122,FL,READM-30-COPD-HRRP,97,1.0391,21.0371,20.2455,23,01-07-2019,30-06-2022
SANTA ROSA MEDICAL CENTER,100124,FL,READM-30-PN-HRRP,66,1.0533,15.9421,15.136,14,01-07-2019,30-06-2022
SANTA ROSA MEDICAL CENTER,100124,FL,READM-30-COPD-HRRP,204,0.9784,17.4102,17.7946,34,01-07-2019,30-06-2022
SANTA ROSA MEDICAL CENTER,100124,FL,READM-30-CABG-HRRP,178,0.9851,20.793,21.1072,36,01-07-2019,30-06-2022
SANTA ROSA MEDICAL CENTER,100124,FL,READM-30-AMI-HRRP,60,0.9874,19.7175,19.9694,11,01-07-2019,30-06-2022
HOMESTEAD HOSPITAL,100125,FL,READM-30-COPD-HRRP,86,0.9588,17.1394,17.8763,12,01-07-2019,30-06-2022
HOMESTEAD HOSPITAL,100125,FL,READM-30-AMI-HRRP,304,1.1315,20.7967,18.38,72,01-07-2019,30-06-2022
HCA FLORIDA PASADENA HOSPITAL,100126,FL,READM-30-PN-HRRP,381,1.0865,21.8926,20.1501,89,01-07-2019,30-06-2022
HCA FLORIDA PASADENA HOSPITAL,100126,FL,READM-30-HIP-KNEE-HRRP,146,1.0168,19.1174,18.8012,29,01-07-2019,30-06-2022
HCA FLORIDA PASADENA HOSPITAL,100126,FL,READM-30-HF-HRRP,72,1.0253,16.2744,15.873,13,01-07-2019,30-06-2022
HCA FLORIDA PASADENA HOSPITAL,100126,FL,READM-30-COPD-HRRP,216,1.0207,16.0289,15.7035,36,01-07-2019,30-06-2022
HCA FLORIDA PASADENA HOSPITAL,100126,FL,READM-30-AMI-HRRP,215,0.9778,19.2945,19.7329,40,01-07-2019,30-06-2022
MORTON PLANT HOSPITAL,100127,FL,READM-30-PN-HRRP,93,0.9989,18.3582,18.3788,17,01-07-2019,30-06-2022
MORTON PLANT HOSPITAL,100127,FL,READM-30-HF-HRRP,215,1.0459,16.7149,15.981,39,01-07-2019,30-06-2022
MORTON PLANT HOSPITAL,100127,FL,READM-30-COPD-HRRP,233,1.0973,21.366,19.4714,56,01-07-2019,30-06-2022
MORTON PLANT HOSPITAL,100127,FL,READM-30-CABG-HRRP,111,1.0018,18.8139,18.7802,21,01-07-2019,30-06-2022
TAMPA GENERAL HOSPITAL,100128,FL,READM-30-AMI-HRRP,166,0.9783,15.9533,16.3065,25,01-07-2019,30-06-2022
TAMPA GENERAL HOSPITAL,100128,FL,READM-30-HIP-KNEE-HRRP,163,0.9711,19.5996,20.1832,30,01-07-2019,30-06-2022
TAMPA GENERAL HOSPITAL,100128,FL,READM-30-HF-HRRP,87,0.9592,18.0042,18.7699,13,01-07-2019,30-06-2022
TAMPA GENERAL HOSPITAL,100128,FL,READM-30-CABG-HRRP,81,0.9922,19.2066,19.3576,15,01-07-2019,30-06-2022
LAKESIDE MEDICAL CENTER,100130,FL,READM-30-PN-HRRP,122,0.9383,22.5087,23.9887,23,01-07-2019,30-06-2022
LAKESIDE MEDICAL CENTER,100130,FL,READM-30-COPD-HRRP,347,0.9584,16.6866,17.4116,55,01-07-2019,30-06-2022
LAKESIDE MEDICAL CENTER,100130,FL,READM-30-AMI-HRRP,331,0.9739,20.1703,20.7103,65,01-07-2019,30-06-2022
HCA FLORIDA AVENTURA HOSPITAL,100131,FL,READM-30-PN-HRRP,136,1.002,19.7561,19.7164,27,01-07-2019,30-06-2022
HCA FLORIDA AVENTURA HOSPITAL,100131,FL,READM-30-HIP-KNEE-HRRP,113,0.9949,14.3875,14.4618,16,01-07-2019,30-06-2022
HCA FLORIDA AVENTURA HOSPITAL,100131,FL,READM-30-HF-HRRP,154,0.9156,15.5709,17.0055,18,01-07-2019,30-06-2022
HCA FLORIDA AVENTURA HOSPITAL,100131,FL,READM-30-CABG-HRRP,196,0.9431,18.8051,19.9394,33,01-07-2019,30-06-2022
SOUTH FLORIDA BAPTIST HOSPITAL,100132,FL,READM-30-PN-HRRP,135,0.9328,14.5614,15.6097,15,01-07-2019,30-06-2022
SOUTH FLORIDA BAPTIST HOSPITAL,100132,FL,READM-30-HF-HRRP,235,1.0134,19.2017,18.9474,46,01-07-2019,30-06-2022
SOUTH FLORIDA BAPTIST HOSPITAL,100132,FL,READM-30-COPD-HRRP,107,1.0428,18.0507,17.3096,22,01-07-2019,30-06-2022
SOUTH FLORIDA BAPTIST HOSPITAL,100132,FL,READM-30-AMI-HRRP,349,0.8694,14.14,16.2637,40,01-07-2019,30-06-2022
ED FRASER MEMORIAL HOSPITAL,100134,FL,READM-30-PN-HRRP,219,1.0333,4.7898,4.6353,11,01-07-2019,30-06-2022
ED FRASER MEMORIAL HOSPITAL,100134,FL,READM-30-HIP-KNEE-HRRP,398,0.9688,18.614,19.2141,72,01-07-2019,30-06-2022
ED FRASER MEMORIAL HOSPITAL,100134,FL,READM-30-HF-HRRP,126,0.9724,18.9064,19.4435,22,01-07-2019,30-06-2022
ED FRASER MEMORIAL HOSPITAL,100134,FL,READM-30-CABG-HRRP,147,0.9654,12.0377,12.4691,16,01-07-2019,30-06-2022
ED FRASER MEMORIAL HOSPITAL,100134,FL,READM-30-AMI-HRRP,240,1.0281,16.7173,16.2608,42,01-07-2019,30-06-2022
TALLAHASSEE MEMORIAL HEALTHCARE,100135,FL,READM-30-HIP-KNEE-HRRP,299,1.0111,20.488,20.2634,62,01-07-2019,30-06-2022
TALLAHASSEE MEMORIAL HEALTHCARE,100135,FL,READM-30-HF-HRRP,87,0.9593,16.8262,17.5399,12,01-07-2019,30-06-2022
TALLAHASSEE MEMORIAL HEALTHCARE,100135,FL,READM-30-COPD-HRRP,110,1.1508,15.4777,13.4499,24,01-07-2019,30-06-2022
TALLAHASSEE MEMORIAL HEALTHCARE,100135,FL,READM-30-CABG-HRRP,324,0.9136,16.114,17.6381,46,01-07-2019,30-06-2022
TALLAHASSEE MEMORIAL HEALTHCARE,100135,FL,READM-30-AMI-HRRP,446,0.9818,20.4558,20.8351,90,01-07-2019,30-06-2022
ADVENTHEALTH HEART OF FLORIDA,100137,FL,READM-30-PN-HRRP,128,0.9609,20.0273,20.8433,23,01-07-2019,30-06-2022
ADVENTHEALTH HEART OF FLORIDA,100137,FL,READM-30-HF-HRRP,274,0.9248,12.323,13.3245,30,01-07-2019,30-06-2022
ADVENTHEALTH HEART OF FLORIDA,100137,FL,READM-30-COPD-HRRP,313,0.8691,14.1786,16.3145,35,01-07-2019,30-06-2022
ADVENTHEALTH HEART OF FLORIDA,100137,FL,READM-30-AMI-HRRP,223,0.9764,18.638,19.0887,40,01-07-2019,30-06-2022
BAPTIST MEDICAL CENTER - NASSAU,100140,FL,READM-30-PN-HRRP,110,0.9277,18.0771,19.4868,15,01-07-2019,30-06-2022
BAPTIST MEDICAL CENTER - NASSAU,100140,FL,READM-30-HF-HRRP,124,0.9842,11.9066,12.0981,14,01-07-2019,30-06-2022
BAPTIST MEDICAL CENTER - NASSAU,100140,FL,READM-30-COPD-HRRP,527,0.9481,15.8678,16.7365,80,01-07-2019,30-06-2022
BAPTIST MEDICAL CENTER - NASSAU,100140,FL,READM-30-AMI-HRRP,456,0.9997,20.6181,20.6239,94,01-07-2019,30-06-2022
JACKSON HOSPITAL,100142,FL,READM-30-PN-HRRP,216,1.004,20.7101,20.6274,45,01-07-2019,30-06-2022
JACKSON HOSPITAL,100142,FL,READM-30-HF-HRRP,409,0.9285,10.8865,11.7249,41,01-07-2019,30-06-2022
JACKSON HOSPITAL,100142,FL,READM-30-COPD-HRRP,82,1.0232,15.2124,14.8678,14,01-07-2019,30-06-2022
LOWER KEYS MEDICAL CENTER,100150,FL,READM-30-PN-HRRP,581,1.0457,18.9105,18.0845,113,01-07-2019,30-06-2022
LOWER KEYS MEDICAL CENTER,100150,FL,READM-30-HF-HRRP,819,1.0731,23.0968,21.5233,194,01-07-2019,30-06-2022
LOWER KEYS MEDICAL CENTER,100150,FL,READM-30-COPD-HRRP,210,0.9737,19.3986,19.9218,39,01-07-2019,30-06-2022
LOWER KEYS MEDICAL CENTER,100150,FL,READM-30-AMI-HRRP,257,0.9057,13.5593,14.9712,30,01-07-2019,30-06-2022
MAYO CLINIC,100151,FL,READM-30-PN-HRRP,78,1.0299,20.3667,19.7751,18,01-07-2019,30-06-2022
MAYO CLINIC,100151,FL,READM-30-HIP-KNEE-HRRP,189,0.9868,20.5783,20.8529,38,01-07-2019,30-06-2022
MAYO CLINIC,100151,FL,READM-30-HF-HRRP,114,0.9917,19.7763,19.9425,22,01-07-2019,30-06-2022
MAYO CLINIC,100151,FL,READM-30-CABG-HRRP,140,0.9245,14.4506,15.6314,15,01-07-2019,30-06-2022
MAYO CLINIC,100151,FL,READM-30-AMI-HRRP,130,0.9424,16.7694,17.7938,18,01-07-2019,30-06-2022
SOUTH MIAMI HOSPITAL,100154,FL,READM-30-HF-HRRP,120,0.9725,14.0218,14.4186,15,01-07-2019,30-06-2022
SOUTH MIAMI HOSPITAL,100154,FL,READM-30-CABG-HRRP,106,1.0174,19.6777,19.3405,22,01-07-2019,30-06-2022
SOUTH MIAMI HOSPITAL,100154,FL,READM-30-AMI-HRRP,79,1.0332,21.2671,20.5846,19,01-07-2019,30-06-2022
HCA FLORIDA LAKE CITY HOSPITAL,100156,FL,READM-30-PN-HRRP,350,0.9577,17.1392,17.8963,57,01-07-2019,30-06-2022
HCA FLORIDA LAKE CITY HOSPITAL,100156,FL,READM-30-HIP-KNEE-HRRP,307,1.0071,5.1758,5.1392,16,01-07-2019,30-06-2022
HCA FLORIDA LAKE CITY HOSPITAL,100156,FL,READM-30-HF-HRRP,478,1.0468,21.3197,20.3665,105,01-07-2019,30-06-2022
HCA FLORIDA LAKE CITY HOSPITAL,100156,FL,READM-30-COPD-HRRP,179,0.9984,18.4923,18.5217,33,01-07-2019,30-06-2022
HCA FLORIDA LAKE CITY HOSPITAL,100156,FL,READM-30-AMI-HRRP,99,1.0306,13.6642,13.2581,15,01-07-2019,30-06-2022
LAKELAND REGIONAL MEDICAL CENTER,100157,FL,READM-30-PN-HRRP,514,0.8914,15.3309,17.1978,71,01-07-2019,30-06-2022
LAKELAND REGIONAL MEDICAL CENTER,100157,FL,READM-30-HF-HRRP,479,1.0264,21.3447,20.7959,104,01-07-2019,30-06-2022
LAKELAND REGIONAL MEDICAL CENTER,100157,FL,READM-30-COPD-HRRP,176,0.9725,18.6405,19.1674,31,01-07-2019,30-06-2022
LAKELAND REGIONAL MEDICAL CENTER,100157,FL,READM-30-AMI-HRRP,183,0.9292,12.3256,13.2646,19,01-07-2019,30-06-2022
CENTRAL FLORIDA LAKE MONROE HOSPITAL,100161,FL,READM-30-PN-HRRP,135,0.9807,15.0378,15.3336,19,01-07-2019,30-06-2022
CENTRAL FLORIDA LAKE MONROE HOSPITAL,100161,FL,READM-30-HF-HRRP,64,0.9937,17.8228,17.9356,11,01-07-2019,30-06-2022
CENTRAL FLORIDA LAKE MONROE HOSPITAL,100161,FL,READM-30-COPD-HRRP,110,1.0078,18.6381,18.4942,21,01-07-2019,30-06-2022
CENTRAL FLORIDA LAKE MONROE HOSPITAL,100161,FL,READM-30-CABG-HRRP,300,1.0553,16.1301,15.2854,52,01-07-2019,30-06-2022
HCA FLORIDA SARASOTA DOCTORS HOSPITAL,100166,FL,READM-30-PN-HRRP,271,0.9964,18.9057,18.9734,51,01-07-2019,30-06-2022
HCA FLORIDA SARASOTA DOCTORS HOSPITAL,100166,FL,READM-30-HIP-KNEE-HRRP,77,1.0277,17.2289,16.764,15,01-07-2019,30-06-2022
HCA FLORIDA SARASOTA DOCTORS HOSPITAL,100166,FL,READM-30-HF-HRRP,97,1.045,11.2787,10.7934,13,01-07-2019,30-06-2022
HCA FLORIDA SARASOTA DOCTORS HOSPITAL,100166,FL,READM-30-COPD-HRRP,642,0.9746,17.5676,18.0256,111,01-07-2019,30-06-2022
HCA FLORIDA SARASOTA DOCTORS HOSPITAL,100166,FL,READM-30-AMI-HRRP,596,0.9937,21.7161,21.8529,129,01-07-2019,30-06-2022
HCA FLORIDA MERCY HOSPITAL,100167,FL,READM-30-PN-HRRP,216,1.0284,21.3547,20.7643,48,01-07-2019,30-06-2022
HCA FLORIDA MERCY HOSPITAL,100167,FL,READM-30-HIP-KNEE-HRRP,107,1.019,11.6515,11.4342,13,01-07-2019,30-06-2022
HCA FLORIDA MERCY HOSPITAL,100167,FL,READM-30-HF-HRRP,214,0.9121,13.8268,15.1589,25,01-07-2019,30-06-2022
HCA FLORIDA MERCY HOSPITAL,100167,FL,READM-30-AMI-HRRP,109,0.9841,15.6713,15.925,16,01-07-2019,30-06-2022
BOCA RATON REGIONAL HOSPITAL,100168,FL,READM-30-HIP-KNEE-HRRP,173,0.9888,20.6666,20.8998,35,01-07-2019,30-06-2022
BOCA RATON REGIONAL HOSPITAL,100168,FL,READM-30-CABG-HRRP,110,1.107,16.2657,14.6938,23,01-07-2019,30-06-2022
BOCA RATON REGIONAL HOSPITAL,100168,FL,READM-30-AMI-HRRP,563,0.9824,16.3788,16.6717,91,01-07-2019,30-06-2022
ADVENTHEALTH TAMPA,100173,FL,READM-30-HIP-KNEE-HRRP,722,1.0655,22.9436,21.5324,170,01-07-2019,30-06-2022
ADVENTHEALTH TAMPA,100173,FL,READM-30-HF-HRRP,282,1.0421,20.6677,19.8325,61,01-07-2019,30-06-2022
ADVENTHEALTH TAMPA,100173,FL,READM-30-CABG-HRRP,227,1.0911,15.2721,13.9963,39,01-07-2019,30-06-2022
ADVENTHEALTH TAMPA,100173,FL,READM-30-AMI-HRRP,455,0.8177,14.1854,17.3483,51,01-07-2019,30-06-2022
DESOTO MEMORIAL HOSPITAL,100175,FL,READM-30-HIP-KNEE-HRRP,415,0.8631,16.7571,19.4158,60,01-07-2019,30-06-2022
DESOTO MEMORIAL HOSPITAL,100175,FL,READM-30-CABG-HRRP,191,0.9507,11.1959,11.7771,19,01-07-2019,30-06-2022
DESOTO MEMORIAL HOSPITAL,100175,FL,READM-30-AMI-HRRP,354,0.9483,17.4271,18.3775,58,01-07-2019,30-06-2022
PALM BEACH GARDENS MEDICAL CENTER,100176,FL,READM-30-PN-HRRP,330,0.9716,4.3757,4.5037,14,01-07-2019,30-06-2022
PALM BEACH GARDENS MEDICAL CENTER,100176,FL,READM-30-HIP-KNEE-HRRP,448,1.1183,23.2902,20.8273,112,01-07-2019,30-06-2022
PALM BEACH GARDENS MEDICAL CENTER,100176,FL,READM-30-HF-HRRP,150,0.9163,17.0533,18.6119,20,01-07-2019,30-06-2022
PALM BEACH GARDENS MEDICAL CENTER,100176,FL,READM-30-COPD-HRRP,83,1.1778,12.527,10.6357,15,01-07-2019,30-06-2022
PALM BEACH GARDENS MEDICAL CENTER,100176,FL,READM-30-CABG-HRRP,160,0.9917,14.0075,14.1244,22,01-07-2019,30-06-2022
CAPE CANAVERAL HOSPITAL,100177,FL,READM-30-PN-HRRP,379,0.8396,3.8667,4.6056,12,01-07-2019,30-06-2022
CAPE CANAVERAL HOSPITAL,100177,FL,READM-30-COPD-HRRP,330,0.9544,15.5003,16.2412,48,01-07-2019,30-06-2022
CAPE CANAVERAL HOSPITAL,100177,FL,READM-30-AMI-HRRP,385,0.9139,17.3586,18.9934,61,01-07-2019,30-06-2022
HCA FLORIDA MEMORIAL HOSPITAL,100179,FL,READM-30-PN-HRRP,183,1.0233,18.8574,18.4272,36,01-07-2019,30-06-2022
HCA FLORIDA MEMORIAL HOSPITAL,100179,FL,READM-30-HF-HRRP,182,0.9428,11.9994,12.7268,19,01-07-2019,30-06-2022
HCA FLORIDA MEMORIAL HOSPITAL,100179,FL,READM-30-COPD-HRRP,142,0.9422,14.0412,14.9021,16,01-07-2019,30-06-2022
HCA FLORIDA MEMORIAL HOSPITAL,100179,FL,READM-30-AMI-HRRP,128,0.9918,19.1745,19.334,24,01-07-2019,30-06-2022
HCA FLORIDA ST PETERSBURG HOSPITAL,100180,FL,READM-30-PN-HRRP,71,1.0006,18.2522,18.2406,13,01-07-2019,30-06-2022
LARKIN COMMUNITY HOSPITAL,100181,FL,READM-30-COPD-HRRP,144,1.0444,15.3432,14.6906,25,01-07-2019,30-06-2022
LARKIN COMMUNITY HOSPITAL,100181,FL,READM-30-CABG-HRRP,140,1.0304,18.6042,18.055,28,01-07-2019,30-06-2022
LARKIN COMMUNITY HOSPITAL,100181,FL,READM-30-AMI-HRRP,87,1.0201,16.9388,16.6043,16,01-07-2019,30-06-2022
STEWARD CORAL GABLES HOSPITAL,100183,FL,READM-30-COPD-HRRP,155,1.004,15.9566,15.8936,25,01-07-2019,30-06-2022
STEWARD CORAL GABLES HOSPITAL,100183,FL,READM-30-AMI-HRRP,495,1.0177,20.571,20.2126,103,01-07-2019,30-06-2022
STEWARD PALMETTO GENERAL HOSPITAL,100187,FL,READM-30-PN-HRRP,123,1.0379,19.9731,19.2437,27,01-07-2019,30-06-2022
STEWARD PALMETTO GENERAL HOSPITAL,100187,FL,READM-30-HIP-KNEE-HRRP,135,1.0475,11.6148,11.0882,17,01-07-2019,30-06-2022
STEWARD PALMETTO GENERAL HOSPITAL,100187,FL,READM-30-HF-HRRP,229,0.9666,12.5075,12.9397,27,01-07-2019,30-06-2022
HCA FLORIDA NORTHWEST HOSPITAL,100189,FL,READM-30-HIP-KNEE-HRRP,95,0.916,17.5573,19.1683,11,01-07-2019,30-06-2022
HCA FLORIDA NORTHWEST HOSPITAL,100189,FL,READM-30-HF-HRRP,822,1.0722,18.0286,16.814,153,01-07-2019,30-06-2022
HCA FLORIDA NORTHWEST HOSPITAL,100189,FL,READM-30-COPD-HRRP,341,1.0307,4.8491,4.7048,17,01-07-2019,30-06-2022
HCA FLORIDA NORTHWEST HOSPITAL,100189,FL,READM-30-CABG-HRRP,1303,1.0849,21.5292,19.844,286,01-07-2019,30-06-2022
HCA FLORIDA NORTHWEST HOSPITAL,100189,FL,READM-30-AMI-HRRP,429,0.9828,18.2094,18.5286,77,01-07-2019,30-06-2022
HCA FLORIDA TRINITY HOSPITAL,100191,FL,READM-30-PN-HRRP,144,1.1099,10.5021,9.4618,18,01-07-2019,30-06-2022
HCA FLORIDA TRINITY HOSPITAL,100191,FL,READM-30-HIP-KNEE-HRRP,602,1.0213,12.9543,12.6835,79,01-07-2019,30-06-2022
HCA FLORIDA TRINITY HOSPITAL,100191,FL,READM-30-HF-HRRP,402,0.9543,16.9735,17.7858,65,01-07-2019,30-06-2022
HCA FLORIDA TRINITY HOSPITAL,100191,FL,READM-30-CABG-HRRP,592,1.0098,21.1729,20.968,126,01-07-2019,30-06-2022
HCA FLORIDA TRINITY HOSPITAL,100191,FL,READM-30-AMI-HRRP,133,0.9885,20.88,21.1221,27,01-07-2019,30-06-2022
BROWARD HEALTH IMPERIAL POINT,100200,FL,READM-30-HIP-KNEE-HRRP,156,1.0089,15.1046,14.972,24,01-07-2019,30-06-2022
BROWARD HEALTH IMPERIAL POINT,100200,FL,READM-30-HF-HRRP,161,0.9194,14.6939,15.9813,18,01-07-2019,30-06-2022
BROWARD HEALTH IMPERIAL POINT,100200,FL,READM-30-CABG-HRRP,108,1.0439,20.4897,19.6289,25,01-07-2019,30-06-2022
BROWARD HEALTH IMPERIAL POINT,100200,FL,READM-30-AMI-HRRP,96,1.0641,19.6601,18.4751,23,01-07-2019,30-06-2022
HCA FLORIDA NORTH FLORIDA HOSPITAL,100204,FL,READM-30-PN-HRRP,208,0.999,16.3798,16.3968,34,01-07-2019,30-06-2022
HCA FLORIDA NORTH FLORIDA HOSPITAL,100204,FL,READM-30-HF-HRRP,148,1.0814,22.0863,20.4236,38,01-07-2019,30-06-2022
HCA FLORIDA NORTH FLORIDA HOSPITAL,100204,FL,READM-30-COPD-HRRP,69,1.0048,19.8276,19.732,14,01-07-2019,30-06-2022
HCA FLORIDA NORTH FLORIDA HOSPITAL,100204,FL,READM-30-CABG-HRRP,647,0.9232,16.1469,17.491,99,01-07-2019,30-06-2022
HCA FLORIDA SOUTH TAMPA HOSPITAL,100206,FL,READM-30-PN-HRRP,664,1.0615,21.829,20.5641,149,01-07-2019,30-06-2022
HCA FLORIDA SOUTH TAMPA HOSPITAL,100206,FL,READM-30-HIP-KNEE-HRRP,208,1.0249,20.3663,19.8715,44,01-07-2019,30-06-2022
HCA FLORIDA SOUTH TAMPA HOSPITAL,100206,FL,READM-30-COPD-HRRP,209,1.0375,13.0175,12.5466,29,01-07-2019,30-06-2022
HCA FLORIDA SOUTH TAMPA HOSPITAL,100206,FL,READM-30-CABG-HRRP,172,1.0299,18.571,18.0324,34,01-07-2019,30-06-2022
HCA FLORIDA SOUTH TAMPA HOSPITAL,100206,FL,READM-30-AMI-HRRP,300,1.0453,22.3244,21.3567,70,01-07-2019,30-06-2022
HCA FLORIDA KENDALL HOSPITAL,100209,FL,READM-30-AMI-HRRP,73,0.9763,21.3995,21.9182,14,01-07-2019,30-06-2022
HCA FLORIDA KENDALL HOSPITAL,100209,FL,READM-30-PN-HRRP,80,1.0526,16.7032,15.8688,16,01-07-2019,30-06-2022
HCA FLORIDA KENDALL HOSPITAL,100209,FL,READM-30-COPD-HRRP,130,1.0514,17.373,16.5241,26,01-07-2019,30-06-2022
ADVENTHEALTH DADE CITY,100211,FL,READM-30-PN-HRRP,99,1.0579,22.3785,21.1541,26,01-07-2019,30-06-2022
ADVENTHEALTH DADE CITY,100211,FL,READM-30-HIP-KNEE-HRRP,89,0.9481,19.6993,20.777,14,01-07-2019,30-06-2022
ADVENTHEALTH DADE CITY,100211,FL,READM-30-HF-HRRP,274,1.0616,18.5459,17.469,55,01-07-2019,30-06-2022
ADVENTHEALTH DADE CITY,100211,FL,READM-30-COPD-HRRP,652,0.8201,3.2186,3.9245,18,01-07-2019,30-06-2022
ADVENTHEALTH DADE CITY,100211,FL,READM-30-CABG-HRRP,413,1.0221,21.4329,20.9686,90,01-07-2019,30-06-2022
ADVENTHEALTH DADE CITY,100211,FL,READM-30-AMI-HRRP,79,0.9694,20.3679,21.0106,14,01-07-2019,30-06-2022
MARION COMMUNTIY HOSPITAL,100212,FL,READM-30-HIP-KNEE-HRRP,212,0.9487,13.4852,14.2144,26,01-07-2019,30-06-2022
MARION COMMUNTIY HOSPITAL,100212,FL,READM-30-COPD-HRRP,52,1.0487,19.0194,18.1369,13,01-07-2019,30-06-2022
HCA FLORIDA BLAKE HOSPITAL,100213,FL,READM-30-HIP-KNEE-HRRP,100,0.9909,15.6117,15.7549,15,01-07-2019,30-06-2022
HCA FLORIDA BLAKE HOSPITAL,100213,FL,READM-30-COPD-HRRP,114,0.9764,19.8123,20.291,21,01-07-2019,30-06-2022
SEBASTIAN RIVER MEDICAL CENTER,100217,FL,READM-30-PN-HRRP,291,0.975,17.7895,18.245,50,01-07-2019,30-06-2022
SEBASTIAN RIVER MEDICAL CENTER,100217,FL,READM-30-HIP-KNEE-HRRP,377,1.1431,5.0229,4.394,21,01-07-2019,30-06-2022
SEBASTIAN RIVER MEDICAL CENTER,100217,FL,READM-30-HF-HRRP,414,0.946,20.4708,21.6382,81,01-07-2019,30-06-2022
SEBASTIAN RIVER MEDICAL CENTER,100217,FL,READM-30-COPD-HRRP,100,1.0194,19.7393,19.3644,21,01-07-2019,30-06-2022
SEBASTIAN RIVER MEDICAL CENTER,100217,FL,READM-30-AMI-HRRP,262,0.9818,13.3155,13.5616,34,01-07-2019,30-06-2022
GULF COAST MEDICAL CENTER LEE HEALTH,100220,FL,READM-30-PN-HRRP,391,0.9358,16.5091,17.641,60,01-07-2019,30-06-2022
GULF COAST MEDICAL CENTER LEE HEALTH,100220,FL,READM-30-HF-HRRP,345,0.923,19.2273,20.8303,61,01-07-2019,30-06-2022
GULF COAST MEDICAL CENTER LEE HEALTH,100220,FL,READM-30-COPD-HRRP,133,1.0282,21.1694,20.589,30,01-07-2019,30-06-2022
GULF COAST MEDICAL CENTER LEE HEALTH,100220,FL,READM-30-AMI-HRRP,203,1.0862,13.78,12.6868,32,01-07-2019,30-06-2022
HCA FLORIDA FORT WALTON-DESTIN HOSPITAL,100223,FL,READM-30-PN-HRRP,162,0.9662,15.6261,16.1729,23,01-07-2019,30-06-2022
HCA FLORIDA FORT WALTON-DESTIN HOSPITAL,100223,FL,READM-30-HF-HRRP,209,0.9854,18.6414,18.9169,38,01-07-2019,30-06-2022
HCA FLORIDA FORT WALTON-DESTIN HOSPITAL,100223,FL,READM-30-COPD-HRRP,83,1.043,19.5899,18.7817,19,01-07-2019,30-06-2022
HCA FLORIDA FORT WALTON-DESTIN HOSPITAL,100223,FL,READM-30-CABG-HRRP,205,0.9425,14.1107,14.971,25,01-07-2019,30-06-2022
UNIVERSITY HOSPITAL AND MEDICAL CENTER,100224,FL,READM-30-PN-HRRP,313,0.9768,17.0927,17.4983,52,01-07-2019,30-06-2022
UNIVERSITY HOSPITAL AND MEDICAL CENTER,100224,FL,READM-30-HIP-KNEE-HRRP,71,1.0374,16.5065,15.9121,14,01-07-2019,30-06-2022
UNIVERSITY HOSPITAL AND MEDICAL CENTER,100224,FL,READM-30-HF-HRRP,133,0.9646,11.0528,11.4581,13,01-07-2019,30-06-2022
UNIVERSITY HOSPITAL AND MEDICAL CENTER,100224,FL,READM-30-COPD-HRRP,526,1.0661,19.2971,18.1012,106,01-07-2019,30-06-2022
UNIVERSITY HOSPITAL AND MEDICAL CENTER,100224,FL,READM-30-AMI-HRRP,870,1.1057,23.4568,21.215,211,01-07-2019,30-06-2022
HCA FLORIDA ORANGE PARK HOSPITAL,100226,FL,READM-30-PN-HRRP,280,1.0629,21.0438,19.7987,63,01-07-2019,30-06-2022
HCA FLORIDA ORANGE PARK HOSPITAL,100226,FL,READM-30-HF-HRRP,193,1.0819,17.0762,15.7833,37,01-07-2019,30-06-2022
HCA FLORIDA ORANGE PARK HOSPITAL,100226,FL,READM-30-COPD-HRRP,344,0.915,16.0096,17.4963,49,01-07-2019,30-06-2022
HCA FLORIDA ORANGE PARK HOSPITAL,100226,FL,READM-30-AMI-HRRP,441,0.9647,19.1331,19.8342,82,01-07-2019,30-06-2022
WESTSIDE REGIONAL MEDICAL CENTER,100228,FL,READM-30-PN-HRRP,148,1.0479,21.5185,20.5348,35,01-07-2019,30-06-2022
WESTSIDE REGIONAL MEDICAL CENTER,100228,FL,READM-30-HIP-KNEE-HRRP,95,1.2264,13.8795,11.3174,19,01-07-2019,30-06-2022
WESTSIDE REGIONAL MEDICAL CENTER,100228,FL,READM-30-HF-HRRP,175,1.0712,14.0811,13.1452,28,01-07-2019,30-06-2022
WESTSIDE REGIONAL MEDICAL CENTER,100228,FL,READM-30-COPD-HRRP,194,1.0379,16.7405,16.1298,35,01-07-2019,30-06-2022
WESTSIDE REGIONAL MEDICAL CENTER,100228,FL,READM-30-AMI-HRRP,324,0.9833,20.0984,20.4393,64,01-07-2019,30-06-2022
MEMORIAL HOSPITAL PEMBROKE,100230,FL,READM-30-COPD-HRRP,115,1.0107,21.1185,20.8947,25,01-07-2019,30-06-2022
MEMORIAL HOSPITAL PEMBROKE,100230,FL,READM-30-CABG-HRRP,94,1.0911,13.6239,12.4867,17,01-07-2019,30-06-2022
MEMORIAL HOSPITAL PEMBROKE,100230,FL,READM-30-AMI-HRRP,128,1.0689,16.7751,15.6942,26,01-07-2019,30-06-2022
MEMORIAL HOSPITAL PEMBROKE,100230,FL,READM-30-HIP-KNEE-HRRP,94,0.9903,18.7618,18.946,17,01-07-2019,30-06-2022
HCA FLORIDA WEST HOSPITAL,100231,FL,READM-30-HIP-KNEE-HRRP,62,1.0617,20.9902,19.7713,17,01-07-2019,30-06-2022
HCA FLORIDA PUTNAM HOSPITAL,100232,FL,READM-30-HIP-KNEE-HRRP,307,0.859,15.8577,18.4597,39,01-07-2019,30-06-2022
HCA FLORIDA PUTNAM HOSPITAL,100232,FL,READM-30-HF-HRRP,342,0.8699,9.308,10.7001,28,01-07-2019,30-06-2022
HCA FLORIDA PUTNAM HOSPITAL,100232,FL,READM-30-COPD-HRRP,504,0.8729,11.2056,12.8378,50,01-07-2019,30-06-2022
HCA FLORIDA PUTNAM HOSPITAL,100232,FL,READM-30-CABG-HRRP,96,1.0145,15.6635,15.4397,16,01-07-2019,30-06-2022
HCA FLORIDA PUTNAM HOSPITAL,100232,FL,READM-30-PN-HRRP,78,0.9576,17.689,18.4718,11,01-07-2019,30-06-2022
HCA FLORIDA FAWCETT HOSPITAL,100236,FL,READM-30-PN-HRRP,307,1.0156,17.5697,17.2995,55,01-07-2019,30-06-2022
HCA FLORIDA FAWCETT HOSPITAL,100236,FL,READM-30-HF-HRRP,310,0.9096,19.1224,21.0221,53,01-07-2019,30-06-2022
HCA FLORIDA FAWCETT HOSPITAL,100236,FL,READM-30-COPD-HRRP,81,0.9794,18.9458,19.3436,14,01-07-2019,30-06-2022
HCA FLORIDA FAWCETT HOSPITAL,100236,FL,READM-30-AMI-HRRP,922,0.633,2.2569,3.5656,14,01-07-2019,30-06-2022
HCA FLORIDA NORTHSIDE HOSPITAL,100238,FL,READM-30-HIP-KNEE-HRRP,181,0.8492,13.1528,15.4883,13,01-07-2019,30-06-2022
HCA FLORIDA NORTHSIDE HOSPITAL,100238,FL,READM-30-COPD-HRRP,143,0.9698,18.8873,19.4756,25,01-07-2019,30-06-2022
HCA FLORIDA NORTHSIDE HOSPITAL,100238,FL,READM-30-AMI-HRRP,762,1.0528,18.2999,17.3817,143,01-07-2019,30-06-2022
HCA FLORIDA GULF COAST HOSPITAL,100242,FL,READM-30-HIP-KNEE-HRRP,756,0.9502,20.1611,21.2169,149,01-07-2019,30-06-2022
HCA FLORIDA GULF COAST HOSPITAL,100242,FL,READM-30-HF-HRRP,189,1.043,20.2165,19.383,41,01-07-2019,30-06-2022
HCA FLORIDA GULF COAST HOSPITAL,100242,FL,READM-30-COPD-HRRP,109,1.0337,11.9717,11.5814,14,01-07-2019,30-06-2022
HCA FLORIDA GULF COAST HOSPITAL,100242,FL,READM-30-CABG-HRRP,281,1.075,14.045,13.0655,43,01-07-2019,30-06-2022
HCA FLORIDA GULF COAST HOSPITAL,100242,FL,READM-30-AMI-HRRP,83,1.0143,18.0846,17.8289,16,01-07-2019,30-06-2022
HCA FLORIDA BRANDON HOSPITAL,100243,FL,READM-30-HF-HRRP,173,1.0686,22.7986,21.335,44,01-07-2019,30-06-2022
HCA FLORIDA BRANDON HOSPITAL,100243,FL,READM-30-COPD-HRRP,75,1.0004,19.9676,19.9603,15,01-07-2019,30-06-2022
CAPE CORAL HOSPITAL,100244,FL,READM-30-HIP-KNEE-HRRP,282,0.9841,16.7021,16.9723,46,01-07-2019,30-06-2022
CAPE CORAL HOSPITAL,100244,FL,READM-30-COPD-HRRP,288,1.0533,21.36,20.2797,65,01-07-2019,30-06-2022
CAPE CORAL HOSPITAL,100244,FL,READM-30-CABG-HRRP,124,0.9619,18.9979,19.7501,21,01-07-2019,30-06-2022
HCA FLORIDA LAWNWOOD HOSPITAL,100246,FL,READM-30-HIP-KNEE-HRRP,422,0.969,15.4306,15.9249,63,01-07-2019,30-06-2022
HCA FLORIDA LAWNWOOD HOSPITAL,100246,FL,READM-30-COPD-HRRP,361,1.0055,19.8448,19.7369,72,01-07-2019,30-06-2022
HCA FLORIDA LAWNWOOD HOSPITAL,100246,FL,READM-30-CABG-HRRP,165,0.9669,20.149,20.839,31,01-07-2019,30-06-2022
HCA FLORIDA LAWNWOOD HOSPITAL,100246,FL,READM-30-PN-HRRP,161,1.0484,14.0942,13.443,25,01-07-2019,30-06-2022
HCA FLORIDA LARGO HOSPITAL,100248,FL,READM-30-AMI-HRRP,53,1.0098,19.5288,19.339,11,01-07-2019,30-06-2022
BAYFRONT HEALTH SEVEN RIVERS,100249,FL,READM-30-HF-HRRP,78,0.9596,17.5277,18.2665,11,01-07-2019,30-06-2022
BAYFRONT HEALTH SEVEN RIVERS,100249,FL,READM-30-COPD-HRRP,106,0.9735,12.9693,13.3226,12,01-07-2019,30-06-2022
HCA FLORIDA RAULERSON HOSPITAL,100252,FL,READM-30-PN-HRRP,59,1.0148,18.7226,18.4491,12,01-07-2019,30-06-2022
HCA FLORIDA RAULERSON HOSPITAL,100252,FL,READM-30-HF-HRRP,204,0.8961,13.8399,15.4447,21,01-07-2019,30-06-2022
HCA FLORIDA RAULERSON HOSPITAL,100252,FL,READM-30-COPD-HRRP,211,0.9014,17.4045,19.3075,30,01-07-2019,30-06-2022
JUPITER MEDICAL CENTER,100253,FL,READM-30-HIP-KNEE-HRRP,79,1.0572,17.9344,16.9641,18,01-07-2019,30-06-2022
JUPITER MEDICAL CENTER,100253,FL,READM-30-HF-HRRP,124,1.0448,21.0263,20.1248,29,01-07-2019,30-06-2022
JUPITER MEDICAL CENTER,100253,FL,READM-30-COPD-HRRP,62,1.0881,15.7585,14.4822,14,01-07-2019,30-06-2022
JUPITER MEDICAL CENTER,100253,FL,READM-30-CABG-HRRP,226,0.978,14.367,14.6908,31,01-07-2019,30-06-2022
JUPITER MEDICAL CENTER,100253,FL,READM-30-PN-HRRP,365,0.8498,3.9673,4.6684,12,01-07-2019,30-06-2022
JUPITER MEDICAL CENTER,100253,FL,READM-30-AMI-HRRP,322,0.9862,18.2926,18.5487,58,01-07-2019,30-06-2022
HCA FLORIDA CAPITAL HOSPITAL,100254,FL,READM-30-PN-HRRP,72,1.0899,18.7834,17.2344,19,01-07-2019,30-06-2022
HCA FLORIDA CAPITAL HOSPITAL,100254,FL,READM-30-HIP-KNEE-HRRP,143,1.0153,12.082,11.9004,18,01-07-2019,30-06-2022
HCA FLORIDA CAPITAL HOSPITAL,100254,FL,READM-30-HF-HRRP,285,0.9243,13.394,14.4912,33,01-07-2019,30-06-2022
HCA FLORIDA CAPITAL HOSPITAL,100254,FL,READM-30-CABG-HRRP,416,0.8507,15.9558,18.7561,56,01-07-2019,30-06-2022
HCA FLORIDA CAPITAL HOSPITAL,100254,FL,READM-30-AMI-HRRP,101,0.9477,16.1982,17.0919,13,01-07-2019,30-06-2022
HCA FLORIDA BAYONET POINT HOSPITAL,100256,FL,READM-30-HIP-KNEE-HRRP,134,0.8984,12.0731,13.4386,11,01-07-2019,30-06-2022
HCA FLORIDA BAYONET POINT HOSPITAL,100256,FL,READM-30-CABG-HRRP,563,0.9734,15.5989,16.0257,86,01-07-2019,30-06-2022
HCA FLORIDA BAYONET POINT HOSPITAL,100256,FL,READM-30-AMI-HRRP,538,1.0753,21.0347,19.5621,118,01-07-2019,30-06-2022
DELRAY MEDICAL CENTER,100258,FL,READM-30-PN-HRRP,270,0.9931,17.9398,18.0636,48,01-07-2019,30-06-2022
DELRAY MEDICAL CENTER,100258,FL,READM-30-HF-HRRP,256,0.9032,12.4823,13.8197,27,01-07-2019,30-06-2022
DELRAY MEDICAL CENTER,100258,FL,READM-30-AMI-HRRP,456,1.0472,16.422,15.6819,78,01-07-2019,30-06-2022
HCA FLORIDA SOUTH SHORE HOSPITAL,100259,FL,READM-30-HF-HRRP,553,0.9056,17.4381,19.255,90,01-07-2019,30-06-2022
HCA FLORIDA SOUTH SHORE HOSPITAL,100259,FL,READM-30-COPD-HRRP,113,1.015,17.7466,17.4848,21,01-07-2019,30-06-2022
HCA FLORIDA SOUTH SHORE HOSPITAL,100259,FL,READM-30-AMI-HRRP,250,0.9971,12.8568,12.8944,32,01-07-2019,30-06-2022
HCA FLORIDA SOUTH SHORE HOSPITAL,100259,FL,READM-30-PN-HRRP,201,1.0092,17.1013,16.9453,35,01-07-2019,30-06-2022
ST LUCIE MEDICAL CENTER,100260,FL,READM-30-HIP-KNEE-HRRP,166,1.0262,20.6472,20.1198,36,01-07-2019,30-06-2022
ST LUCIE MEDICAL CENTER,100260,FL,READM-30-HF-HRRP,104,1.0233,19.7163,19.2676,22,01-07-2019,30-06-2022
ST LUCIE MEDICAL CENTER,100260,FL,READM-30-CABG-HRRP,321,0.9142,14.964,16.368,42,01-07-2019,30-06-2022
HCA FLORIDA OAK HILL HOSPITAL,100264,FL,READM-30-HIP-KNEE-HRRP,338,0.9874,18.8855,19.1263,63,01-07-2019,30-06-2022
HCA FLORIDA OAK HILL HOSPITAL,100264,FL,READM-30-HF-HRRP,170,0.9604,17.3967,18.1143,27,01-07-2019,30-06-2022
HCA FLORIDA OAK HILL HOSPITAL,100264,FL,READM-30-COPD-HRRP,139,0.9266,11.2666,12.1588,12,01-07-2019,30-06-2022
HCA FLORIDA OAK HILL HOSPITAL,100264,FL,READM-30-CABG-HRRP,205,0.9072,15.9085,17.5357,26,01-07-2019,30-06-2022
HCA FLORIDA OAK HILL HOSPITAL,100264,FL,READM-30-AMI-HRRP,539,1.0365,21.6285,20.8663,119,01-07-2019,30-06-2022
MEASE COUNTRYSIDE HOSPITAL,100265,FL,READM-30-PN-HRRP,112,0.9896,21.163,21.3858,23,01-07-2019,30-06-2022
MEASE COUNTRYSIDE HOSPITAL,100265,FL,READM-30-HF-HRRP,197,0.9629,14.658,15.2228,27,01-07-2019,30-06-2022
MEASE COUNTRYSIDE HOSPITAL,100265,FL,READM-30-COPD-HRRP,348,0.9477,15.4084,16.2593,50,01-07-2019,30-06-2022
MEASE COUNTRYSIDE HOSPITAL,100265,FL,READM-30-CABG-HRRP,318,0.9286,4.1293,4.447,12,01-07-2019,30-06-2022
MEASE COUNTRYSIDE HOSPITAL,100265,FL,READM-30-AMI-HRRP,447,0.9755,18.9329,19.4086,83,01-07-2019,30-06-2022
GULF BREEZE HOSPITAL,100266,FL,READM-30-HIP-KNEE-HRRP,155,0.9462,18.4321,19.4809,25,01-07-2019,30-06-2022
GULF BREEZE HOSPITAL,100266,FL,READM-30-HF-HRRP,87,1.1647,12.3348,10.5908,15,01-07-2019,30-06-2022
GULF BREEZE HOSPITAL,100266,FL,READM-30-COPD-HRRP,271,1.1334,14.7102,12.9788,46,01-07-2019,30-06-2022
GULF BREEZE HOSPITAL,100266,FL,READM-30-CABG-HRRP,134,0.9513,15.9605,16.7783,18,01-07-2019,30-06-2022
GULF BREEZE HOSPITAL,100266,FL,READM-30-AMI-HRRP,116,0.9019,17.8776,19.8218,14,01-07-2019,30-06-2022
HCA FLORIDA ENGLEWOOD HOSPITAL,100267,FL,READM-30-HF-HRRP,139,0.9061,14.0658,15.5235,13,01-07-2019,30-06-2022
HCA FLORIDA ENGLEWOOD HOSPITAL,100267,FL,READM-30-COPD-HRRP,143,0.9836,17.5302,17.8216,24,01-07-2019,30-06-2022
WEST BOCA MEDICAL CENTER,100268,FL,READM-30-AMI-HRRP,424,0.9363,14.4753,15.4606,57,01-07-2019,30-06-2022
WEST BOCA MEDICAL CENTER,100268,FL,READM-30-HF-HRRP,400,0.9475,17.6266,18.6039,67,01-07-2019,30-06-2022
WEST BOCA MEDICAL CENTER,100268,FL,READM-30-COPD-HRRP,162,0.9493,16.8426,17.7418,24,01-07-2019,30-06-2022
WEST BOCA MEDICAL CENTER,100268,FL,READM-30-PN-HRRP,152,1.0897,13.7121,12.5834,25,01-07-2019,30-06-2022
HCA FLORIDA PALMS WEST HOSPITAL,100269,FL,READM-30-PN-HRRP,211,1.0385,17.7361,17.0793,40,01-07-2019,30-06-2022
HCA FLORIDA PALMS WEST HOSPITAL,100269,FL,READM-30-HIP-KNEE-HRRP,169,0.9556,19.5357,20.4442,30,01-07-2019,30-06-2022
HCA FLORIDA PALMS WEST HOSPITAL,100269,FL,READM-30-HF-HRRP,102,1.0447,20.7071,19.8208,24,01-07-2019,30-06-2022
HCA FLORIDA PALMS WEST HOSPITAL,100269,FL,READM-30-CABG-HRRP,630,0.8684,13.2247,15.2282,74,01-07-2019,30-06-2022
HCA FLORIDA PALMS WEST HOSPITAL,100269,FL,READM-30-AMI-HRRP,1481,0.9583,3.9598,4.1321,58,01-07-2019,30-06-2022
WELLINGTON REGIONAL MEDICAL CENTER,100275,FL,READM-30-HIP-KNEE-HRRP,918,0.9262,16.4389,17.7488,146,01-07-2019,30-06-2022
WELLINGTON REGIONAL MEDICAL CENTER,100275,FL,READM-30-HF-HRRP,211,0.9122,15.5224,17.0161,27,01-07-2019,30-06-2022
WELLINGTON REGIONAL MEDICAL CENTER,100275,FL,READM-30-COPD-HRRP,147,0.9195,9.0351,9.826,11,01-07-2019,30-06-2022
WELLINGTON REGIONAL MEDICAL CENTER,100275,FL,READM-30-CABG-HRRP,616,1.0393,12.8467,12.3607,81,01-07-2019,30-06-2022
WELLINGTON REGIONAL MEDICAL CENTER,100275,FL,READM-30-AMI-HRRP,491,0.8552,13.9349,16.2951,58,01-07-2019,30-06-2022
WELLINGTON REGIONAL MEDICAL CENTER,100275,FL,READM-30-PN-HRRP,254,1.0049,4.6949,4.672,12,01-07-2019,30-06-2022
BROWARD HEALTH CORAL SPRINGS,100276,FL,READM-30-PN-HRRP,796,0.8522,16.4983,19.3588,121,01-07-2019,30-06-2022
BROWARD HEALTH CORAL SPRINGS,100276,FL,READM-30-HIP-KNEE-HRRP,175,0.9704,18.2523,18.8095,30,01-07-2019,30-06-2022
BROWARD HEALTH CORAL SPRINGS,100276,FL,READM-30-HF-HRRP,321,0.9445,10.1503,10.7464,31,01-07-2019,30-06-2022
BROWARD HEALTH CORAL SPRINGS,100276,FL,READM-30-COPD-HRRP,512,0.8918,10.8255,12.1391,50,01-07-2019,30-06-2022
BROWARD HEALTH CORAL SPRINGS,100276,FL,READM-30-CABG-HRRP,102,0.9495,17.2237,18.1397,14,01-07-2019,30-06-2022
BROWARD HEALTH CORAL SPRINGS,100276,FL,READM-30-AMI-HRRP,101,0.9418,21.8951,23.2492,18,01-07-2019,30-06-2022
DOUGLAS GARDENS HOSPITAL,100277,FL,READM-30-COPD-HRRP,108,0.9479,14.4183,15.2101,12,01-07-2019,30-06-2022
DOUGLAS GARDENS HOSPITAL,100277,FL,READM-30-PN-HRRP,91,0.959,18.3828,19.1695,14,01-07-2019,30-06-2022
MEMORIAL HOSPITAL WEST,100281,FL,READM-30-HIP-KNEE-HRRP,276,0.8786,14.3577,16.341,31,01-07-2019,30-06-2022
MEMORIAL HOSPITAL WEST,100281,FL,READM-30-COPD-HRRP,310,0.9706,18.6952,19.2606,56,01-07-2019,30-06-2022
KERALTY HOSPITAL,100284,FL,READM-30-HIP-KNEE-HRRP,162,0.9349,11.8749,12.7019,16,01-07-2019,30-06-2022
KERALTY HOSPITAL,100284,FL,READM-30-HF-HRRP,119,0.9474,13.9207,14.6935,13,01-07-2019,30-06-2022
KERALTY HOSPITAL,100284,FL,READM-30-CABG-HRRP,97,1.0088,17.9732,17.8161,18,01-07-2019,30-06-2022
KERALTY HOSPITAL,100284,FL,READM-30-AMI-HRRP,108,1.0574,15.1007,14.2813,20,01-07-2019,30-06-2022
MEMORIAL HOSPITAL MIRAMAR,100285,FL,READM-30-HIP-KNEE-HRRP,109,0.9536,17.5062,18.3582,16,01-07-2019,30-06-2022
MEMORIAL HOSPITAL MIRAMAR,100285,FL,READM-30-CABG-HRRP,88,1.0777,15.9301,14.7817,19,01-07-2019,30-06-2022
PHYSICIANS REGIONAL MEDICAL CENTER - PINE RIDGE,100286,FL,READM-30-HIP-KNEE-HRRP,48,1.0478,18.6886,17.8365,12,01-07-2019,30-06-2022
PHYSICIANS REGIONAL MEDICAL CENTER - PINE RIDGE,100286,FL,READM-30-COPD-HRRP,264,0.9793,15.3039,15.6269,39,01-07-2019,30-06-2022
PHYSICIANS REGIONAL MEDICAL CENTER - PINE RIDGE,100286,FL,READM-30-PN-HRRP,220,0.9864,18.5884,18.8449,40,01-07-2019,30-06-2022
GOOD SAMARITAN MEDICAL CENTER,100287,FL,READM-30-CABG-HRRP,244,0.9555,16.0213,16.7669,36,01-07-2019,30-06-2022
ST MARY'S MEDICAL CENTER,100288,FL,READM-30-HIP-KNEE-HRRP,210,0.9017,19.4857,21.611,34,01-07-2019,30-06-2022
ST MARY'S MEDICAL CENTER,100288,FL,READM-30-CABG-HRRP,168,0.9654,12.9199,13.3827,20,01-07-2019,30-06-2022
ST MARY'S MEDICAL CENTER,100288,FL,READM-30-AMI-HRRP,130,0.9841,15.4408,15.6906,19,01-07-2019,30-06-2022
CLEVELAND CLINIC HOSPITAL,100289,FL,READM-30-PN-HRRP,100,0.9992,19.0537,19.0694,19,01-07-2019,30-06-2022
CLEVELAND CLINIC HOSPITAL,100289,FL,READM-30-HF-HRRP,61,1.1077,14.6893,13.2609,14,01-07-2019,30-06-2022
CLEVELAND CLINIC HOSPITAL,100289,FL,READM-30-COPD-HRRP,128,0.9259,14.9672,16.1657,14,01-07-2019,30-06-2022
CLEVELAND CLINIC HOSPITAL,100289,FL,READM-30-CABG-HRRP,84,1.0109,19.3911,19.1829,17,01-07-2019,30-06-2022
CLEVELAND CLINIC HOSPITAL,100289,FL,READM-30-AMI-HRRP,241,0.9475,14.7685,15.586,32,01-07-2019,30-06-2022
"VILLAGES REGIONAL HOSPITAL, THE",100290,FL,READM-30-HF-HRRP,176,0.9923,18.4672,18.6109,32,01-07-2019,30-06-2022
"VILLAGES REGIONAL HOSPITAL, THE",100290,FL,READM-30-COPD-HRRP,123,0.9384,17.0797,18.2016,17,01-07-2019,30-06-2022
"VILLAGES REGIONAL HOSPITAL, THE",100290,FL,READM-30-PN-HRRP,144,0.9208,11.0277,11.976,12,01-07-2019,30-06-2022
"VILLAGES REGIONAL HOSPITAL, THE",100290,FL,READM-30-AMI-HRRP,282,0.943,16.6768,17.6851,43,01-07-2019,30-06-2022
MELBOURNE REGIONAL MEDICAL CENTER,100291,FL,READM-30-HIP-KNEE-HRRP,268,0.9043,18.518,20.4766,43,01-07-2019,30-06-2022
MELBOURNE REGIONAL MEDICAL CENTER,100291,FL,READM-30-CABG-HRRP,173,0.8798,11.0205,12.5256,13,01-07-2019,30-06-2022
MELBOURNE REGIONAL MEDICAL CENTER,100291,FL,READM-30-AMI-HRRP,120,1.0446,16.7102,15.9962,23,01-07-2019,30-06-2022
SACRED HEART HOSPITAL ON THE EMERALD COAST,100292,FL,READM-30-HF-HRRP,72,0.9961,18.4048,18.476,13,01-07-2019,30-06-2022
SACRED HEART HOSPITAL ON THE EMERALD COAST,100292,FL,READM-30-CABG-HRRP,225,0.984,15.5952,15.8493,34,01-07-2019,30-06-2022
SACRED HEART HOSPITAL ON THE EMERALD COAST,100292,FL,READM-30-AMI-HRRP,297,0.8844,17.1733,19.4183,43,01-07-2019,30-06-2022
DOCTORS HOSPITAL,100296,FL,READM-30-PN-HRRP,80,1.0352,18.4721,17.844,17,01-07-2019,30-06-2022
DOCTORS HOSPITAL,100296,FL,READM-30-HF-HRRP,149,0.9695,11.7335,12.1029,16,01-07-2019,30-06-2022
FLORIDA STATE HOSPITAL UNIT 31 MED,100298,FL,READM-30-HIP-KNEE-HRRP,271,0.9393,15.5831,16.5908,38,01-07-2019,30-06-2022
FLORIDA STATE HOSPITAL UNIT 31 MED,100298,FL,READM-30-COPD-HRRP,199,0.8949,17.7058,19.7855,28,01-07-2019,30-06-2022
FLORIDA STATE HOSPITAL UNIT 31 MED,100298,FL,READM-30-CABG-HRRP,110,0.9992,20.048,20.0642,22,01-07-2019,30-06-2022
FLORIDA STATE HOSPITAL UNIT 31 MED,100298,FL,READM-30-AMI-HRRP,172,0.9727,12.4042,12.7527,20,01-07-2019,30-06-2022
LAKEWOOD RANCH MEDICAL CENTER,100299,FL,READM-30-HF-HRRP,93,1.0441,19.5359,18.7101,21,01-07-2019,30-06-2022
LAKEWOOD RANCH MEDICAL CENTER,100299,FL,READM-30-COPD-HRRP,57,1.0652,17.6196,16.5418,14,01-07-2019,30-06-2022
ORLANDO HEALTH ST CLOUD HOSPITAL,100302,FL,READM-30-HF-HRRP,395,1.0111,19.8011,19.5834,79,01-07-2019,30-06-2022
ORLANDO HEALTH ST CLOUD HOSPITAL,100302,FL,READM-30-CABG-HRRP,924,1.0055,22.2538,22.1315,206,01-07-2019,30-06-2022
ORLANDO HEALTH ST CLOUD HOSPITAL,100302,FL,READM-30-AMI-HRRP,130,0.9729,19.8583,20.4122,24,01-07-2019,30-06-2022
ORLANDO HEALTH ST CLOUD HOSPITAL,100302,FL,READM-30-PN-HRRP,128,0.8986,10.982,12.2207,11,01-07-2019,30-06-2022
ASCENSION ST VINCENT'S SOUTHSIDE,100307,FL,READM-30-PN-HRRP,161,1.011,14.572,14.4136,24,01-07-2019,30-06-2022
ASCENSION ST VINCENT'S SOUTHSIDE,100307,FL,READM-30-HIP-KNEE-HRRP,274,1.0263,16.8724,16.4397,48,01-07-2019,30-06-2022
ASCENSION ST VINCENT'S SOUTHSIDE,100307,FL,READM-30-COPD-HRRP,314,1.0117,19.5016,19.2769,62,01-07-2019,30-06-2022
ASCENSION ST VINCENT'S SOUTHSIDE,100307,FL,READM-30-CABG-HRRP,102,1.0039,18.3808,18.3086,19,01-07-2019,30-06-2022
ASCENSION SACRED HEART GULF,100313,FL,READM-30-HIP-KNEE-HRRP,177,0.9071,11.0845,12.2196,15,01-07-2019,30-06-2022
ASCENSION SACRED HEART GULF,100313,FL,READM-30-HF-HRRP,114,0.9566,15.8093,16.5258,15,01-07-2019,30-06-2022
ASCENSION SACRED HEART GULF,100313,FL,READM-30-CABG-HRRP,66,1.0143,18.301,18.0432,13,01-07-2019,30-06-2022
ASCENSION SACRED HEART GULF,100313,FL,READM-30-AMI-HRRP,48,1.0878,15.4668,14.2189,13,01-07-2019,30-06-2022
WEST KENDALL BAPTIST HOSPITAL,100314,FL,READM-30-AMI-HRRP,691,0.987,16.1922,16.4063,111,01-07-2019,30-06-2022
VIERA HOSPITAL,100315,FL,READM-30-HIP-KNEE-HRRP,608,1.0562,5.289,5.0075,33,01-07-2019,30-06-2022
VIERA HOSPITAL,100315,FL,READM-30-HF-HRRP,771,0.9286,18.2672,19.6718,136,01-07-2019,30-06-2022
VIERA HOSPITAL,100315,FL,READM-30-COPD-HRRP,232,1.1427,21.2303,18.5783,58,01-07-2019,30-06-2022
VIERA HOSPITAL,100315,FL,READM-30-PN-HRRP,309,0.9343,12.0559,12.9042,34,01-07-2019,30-06-2022
VIERA HOSPITAL,100315,FL,READM-30-AMI-HRRP,90,0.9667,15.8845,16.431,12,01-07-2019,30-06-2022
PALM BAY HOSPITAL,100316,FL,READM-30-HIP-KNEE-HRRP,117,0.9215,18.242,19.796,16,01-07-2019,30-06-2022
PALM BAY HOSPITAL,100316,FL,READM-30-CABG-HRRP,408,0.9731,15.4008,15.8269,61,01-07-2019,30-06-2022
ADVENTHEALTH WESLEY CHAPEL,100319,FL,READM-30-HIP-KNEE-HRRP,465,1.0148,20.0048,19.7128,94,01-07-2019,30-06-2022
ADVENTHEALTH WESLEY CHAPEL,100319,FL,READM-30-HF-HRRP,125,0.9678,18.5004,19.1155,21,01-07-2019,30-06-2022
HCA FLORIDA POINCIANA HOSPITAL,100320,FL,READM-30-HF-HRRP,77,0.9892,16.5366,16.7173,12,01-07-2019,30-06-2022
HCA FLORIDA POINCIANA HOSPITAL,100320,FL,READM-30-CABG-HRRP,60,0.986,19.8852,20.1674,11,01-07-2019,30-06-2022
ASCENSION ST VINCENT'S CLAY COUNTY,100321,FL,READM-30-HIP-KNEE-HRRP,757,0.8775,15.4412,17.5969,108,01-07-2019,30-06-2022
ASCENSION ST VINCENT'S CLAY COUNTY,100321,FL,READM-30-HF-HRRP,183,1.0917,5.81,5.3221,12,01-07-2019,30-06-2022
ASCENSION ST VINCENT'S CLAY COUNTY,100321,FL,READM-30-COPD-HRRP,678,0.9114,19.6507,21.5618,127,01-07-2019,30-06-2022
ASCENSION ST VINCENT'S CLAY COUNTY,100321,FL,READM-30-CABG-HRRP,146,1.0178,19.0782,18.7446,29,01-07-2019,30-06-2022
ASCENSION ST VINCENT'S CLAY COUNTY,100321,FL,READM-30-AMI-HRRP,174,0.935,12.0265,12.8633,19,01-07-2019,30-06-2022
ASCENSION ST VINCENT'S CLAY COUNTY,100321,FL,READM-30-PN-HRRP,376,0.8825,12.5164,14.1824,41,01-07-2019,30-06-2022
OVIEDO MEDICAL CENTER,100329,FL,READM-30-PN-HRRP,559,0.8631,13.7343,15.9126,67,01-07-2019,30-06-2022
OVIEDO MEDICAL CENTER,100329,FL,READM-30-HF-HRRP,573,0.8375,16.8419,20.1089,85,01-07-2019,30-06-2022
OVIEDO MEDICAL CENTER,100329,FL,READM-30-COPD-HRRP,136,0.9285,16.7223,18.0098,18,01-07-2019,30-06-2022
OVIEDO MEDICAL CENTER,100329,FL,READM-30-CABG-HRRP,166,0.8407,10.1584,12.0835,12,01-07-2019,30-06-2022
OVIEDO MEDICAL CENTER,100329,FL,READM-30-AMI-HRRP,378,0.9152,12.5116,13.6703,43,01-07-2019,30-06-2022
HALIFAX HEALTH /UF HEALTH MEDICAL CENTER OF DELTON,100330,FL,READM-30-HIP-KNEE-HRRP,241,0.9677,13.754,14.2125,31,01-07-2019,30-06-2022
HALIFAX HEALTH /UF HEALTH MEDICAL CENTER OF DELTON,100330,FL,READM-30-COPD-HRRP,234,0.9947,16.8106,16.8997,39,01-07-2019,30-06-2022
HALIFAX HEALTH /UF HEALTH MEDICAL CENTER OF DELTON,100330,FL,READM-30-AMI-HRRP,139,0.9156,14.2822,15.5992,14,01-07-2019,30-06-2022
UCF LAKE NONA HOSPITAL,100350,FL,READM-30-HIP-KNEE-HRRP,141,0.9236,17.8474,19.3247,20,01-07-2019,30-06-2022
UCF LAKE NONA HOSPITAL,100350,FL,READM-30-CABG-HRRP,65,1.024,14.505,14.1645,11,01-07-2019,30-06-2022
SARASOTA MEMORIAL HOSPITAL - VENICE,100359,FL,READM-30-HIP-KNEE-HRRP,76,0.9645,17.5661,18.2132,11,01-07-2019,30-06-2022
SARASOTA MEMORIAL HOSPITAL - VENICE,100359,FL,READM-30-COPD-HRRP,240,0.98,18.5072,18.8843,43,01-07-2019,30-06-2022
SARASOTA MEMORIAL HOSPITAL - VENICE,100359,FL,READM-30-PN-HRRP,197,0.99,21.669,21.8877,42,01-07-2019,30-06-2022
SARASOTA MEMORIAL HOSPITAL - VENICE,100359,FL,READM-30-AMI-HRRP,57,1.0012,22.6581,22.6303,13,01-07-2019,30-06-2022
HCA FLORIDA UNIVERSITY HOSPITAL,100360,FL,READM-30-PN-HRRP,75,0.9887,15.4211,15.5967,11,01-07-2019,30-06-2022
ASCENSION ST VINCENT'S ST JOHNS COUNTY,100361,FL,READM-30-HIP-KNEE-HRRP,221,1.1456,20.5264,17.9173,55,01-07-2019,30-06-2022
ASCENSION ST VINCENT'S ST JOHNS COUNTY,100361,FL,READM-30-COPD-HRRP,197,0.9873,20.2326,20.4924,39,01-07-2019,30-06-2022
ASCENSION ST VINCENT'S ST JOHNS COUNTY,100361,FL,READM-30-AMI-HRRP,77,1.0206,15.5668,15.2531,13,01-07-2019,30-06-2022
HAMILTON MEDICAL CENTER,110001,GA,READM-30-PN-HRRP,174,1.0466,18.2968,17.4829,35,01-07-2019,30-06-2022
HAMILTON MEDICAL CENTER,110001,GA,READM-30-HIP-KNEE-HRRP,622,1.1129,4.7196,4.241,31,01-07-2019,30-06-2022
HAMILTON MEDICAL CENTER,110001,GA,READM-30-HF-HRRP,190,1.0911,22.6602,20.7689,49,01-07-2019,30-06-2022
HAMILTON MEDICAL CENTER,110001,GA,READM-30-AMI-HRRP,1210,0.6253,2.0624,3.2981,18,01-07-2019,30-06-2022
UPSON REGIONAL MEDICAL CENTER,110002,GA,READM-30-HIP-KNEE-HRRP,288,0.9693,14.6119,15.074,40,01-07-2019,30-06-2022
UPSON REGIONAL MEDICAL CENTER,110002,GA,READM-30-COPD-HRRP,355,0.9205,17.8575,19.3991,58,01-07-2019,30-06-2022
UPSON REGIONAL MEDICAL CENTER,110002,GA,READM-30-CABG-HRRP,82,1.0034,19.2359,19.1698,16,01-07-2019,30-06-2022
UPSON REGIONAL MEDICAL CENTER,110002,GA,READM-30-PN-HRRP,175,0.9711,18.2346,18.7763,30,01-07-2019,30-06-2022
MEMORIAL SATILLA HEALTH,110003,GA,READM-30-PN-HRRP,268,0.8697,8.9017,10.2357,20,01-07-2019,30-06-2022
MEMORIAL SATILLA HEALTH,110003,GA,READM-30-HIP-KNEE-HRRP,302,0.978,11.6085,11.8692,34,01-07-2019,30-06-2022
MEMORIAL SATILLA HEALTH,110003,GA,READM-30-HF-HRRP,636,0.7015,2.5626,3.6532,11,01-07-2019,30-06-2022
MEMORIAL SATILLA HEALTH,110003,GA,READM-30-COPD-HRRP,919,0.6346,1.9279,3.0381,11,01-07-2019,30-06-2022
MEMORIAL SATILLA HEALTH,110003,GA,READM-30-AMI-HRRP,91,0.9695,14.3298,14.7806,11,01-07-2019,30-06-2022
NORTHSIDE HOSPITAL FORSYTH,110005,GA,READM-30-CABG-HRRP,78,1.0303,14.1671,13.75,13,01-07-2019,30-06-2022
NORTHSIDE HOSPITAL FORSYTH,110005,GA,READM-30-AMI-HRRP,165,0.9465,17.3038,18.2828,25,01-07-2019,30-06-2022
ST MARY'S HOSPITAL,110006,GA,READM-30-PN-HRRP,133,1.0821,11.1182,10.2751,17,01-07-2019,30-06-2022
ST MARY'S HOSPITAL,110006,GA,READM-30-HIP-KNEE-HRRP,177,0.9131,11.49,12.5835,16,01-07-2019,30-06-2022
ST MARY'S HOSPITAL,110006,GA,READM-30-COPD-HRRP,212,0.9986,14.6676,14.6886,31,01-07-2019,30-06-2022
ST MARY'S HOSPITAL,110006,GA,READM-30-AMI-HRRP,142,0.9012,18.1911,20.1848,19,01-07-2019,30-06-2022
PHOEBE PUTNEY MEMORIAL HOSPITAL,110007,GA,READM-30-PN-HRRP,149,0.953,15.6172,16.3879,20,01-07-2019,30-06-2022
PHOEBE PUTNEY MEMORIAL HOSPITAL,110007,GA,READM-30-AMI-HRRP,154,1.0124,20.2464,19.9991,32,01-07-2019,30-06-2022
NORTHSIDE HOSPITAL CHEROKEE,110008,GA,READM-30-PN-HRRP,99,1.0761,21.3663,19.8553,26,01-07-2019,30-06-2022
NORTHSIDE HOSPITAL CHEROKEE,110008,GA,READM-30-HIP-KNEE-HRRP,153,1.1432,21.8268,19.0925,43,01-07-2019,30-06-2022
NORTHSIDE HOSPITAL CHEROKEE,110008,GA,READM-30-HF-HRRP,101,1.0097,23.1045,22.8835,24,01-07-2019,30-06-2022
NORTHSIDE HOSPITAL CHEROKEE,110008,GA,READM-30-COPD-HRRP,95,1.183,23.7437,20.0713,34,01-07-2019,30-06-2022
NORTHSIDE HOSPITAL CHEROKEE,110008,GA,READM-30-CABG-HRRP,85,0.9949,16.8765,16.9624,14,01-07-2019,30-06-2022
NORTHSIDE HOSPITAL CHEROKEE,110008,GA,READM-30-AMI-HRRP,44,1.0685,21.7375,20.3438,14,01-07-2019,30-06-2022
EMORY UNIVERSITY HOSPITAL,110010,GA,READM-30-HF-HRRP,96,1.0492,19.4021,18.4924,22,01-07-2019,30-06-2022
EMORY UNIVERSITY HOSPITAL,110010,GA,READM-30-COPD-HRRP,93,1.0897,23.6615,21.7132,28,01-07-2019,30-06-2022
EMORY UNIVERSITY HOSPITAL,110010,GA,READM-30-CABG-HRRP,89,0.9538,18.0388,18.9118,13,01-07-2019,30-06-2022
EMORY UNIVERSITY HOSPITAL,110010,GA,READM-30-AMI-HRRP,537,1.0883,19.3768,17.805,110,01-07-2019,30-06-2022
TANNER MEDICAL CENTER - CARROLLTON,110011,GA,READM-30-HIP-KNEE-HRRP,764,0.9952,22.0325,22.1385,168,01-07-2019,30-06-2022
TANNER MEDICAL CENTER - CARROLLTON,110011,GA,READM-30-HF-HRRP,304,0.9887,20.9742,21.2144,63,01-07-2019,30-06-2022
TANNER MEDICAL CENTER - CARROLLTON,110011,GA,READM-30-CABG-HRRP,324,0.954,13.6811,14.3406,42,01-07-2019,30-06-2022
TANNER MEDICAL CENTER - CARROLLTON,110011,GA,READM-30-AMI-HRRP,323,1.0078,18.0991,17.9585,59,01-07-2019,30-06-2022
TANNER MEDICAL CENTER VILLA RICA,110015,GA,READM-30-HIP-KNEE-HRRP,351,1.0126,22.2629,21.9848,79,01-07-2019,30-06-2022
TANNER MEDICAL CENTER VILLA RICA,110015,GA,READM-30-HF-HRRP,43,1.0298,21.0374,20.4286,11,01-07-2019,30-06-2022
TANNER MEDICAL CENTER VILLA RICA,110015,GA,READM-30-CABG-HRRP,190,0.9139,13.375,14.6358,21,01-07-2019,30-06-2022
TANNER MEDICAL CENTER VILLA RICA,110015,GA,READM-30-AMI-HRRP,227,0.9567,16.7565,17.5141,35,01-07-2019,30-06-2022
WELLSTAR WEST GEORGIA MEDICAL CENTER,110016,GA,READM-30-HIP-KNEE-HRRP,231,0.9684,21.2882,21.9835,47,01-07-2019,30-06-2022
WELLSTAR WEST GEORGIA MEDICAL CENTER,110016,GA,READM-30-CABG-HRRP,547,1.0247,17.4285,17.0084,97,01-07-2019,30-06-2022
PIEDMONT NEWTON HOSPITAL,110018,GA,READM-30-HIP-KNEE-HRRP,575,0.9248,18.8097,20.3392,103,01-07-2019,30-06-2022
PIEDMONT NEWTON HOSPITAL,110018,GA,READM-30-HF-HRRP,211,1.0503,20.2809,19.3091,46,01-07-2019,30-06-2022
PIEDMONT NEWTON HOSPITAL,110018,GA,READM-30-COPD-HRRP,125,1.0361,13.8192,13.338,19,01-07-2019,30-06-2022
PIEDMONT NEWTON HOSPITAL,110018,GA,READM-30-CABG-HRRP,311,0.9397,16.1533,17.1895,46,01-07-2019,30-06-2022
PIEDMONT NEWTON HOSPITAL,110018,GA,READM-30-AMI-HRRP,481,0.8812,17.7256,20.1161,77,01-07-2019,30-06-2022
ADVENTHEALTH GORDON,110023,GA,READM-30-PN-HRRP,165,1.0043,19.2263,19.1444,32,01-07-2019,30-06-2022
ADVENTHEALTH GORDON,110023,GA,READM-30-HIP-KNEE-HRRP,148,1.0564,10.464,9.9054,17,01-07-2019,30-06-2022
ADVENTHEALTH GORDON,110023,GA,READM-30-HF-HRRP,304,1.0733,13.9938,13.0378,46,01-07-2019,30-06-2022
ADVENTHEALTH GORDON,110023,GA,READM-30-CABG-HRRP,211,0.9859,16.0972,16.3279,33,01-07-2019,30-06-2022
CANDLER HOSPITAL,110024,GA,READM-30-HIP-KNEE-HRRP,237,1.0484,21.858,20.8487,55,01-07-2019,30-06-2022
CANDLER HOSPITAL,110024,GA,READM-30-HF-HRRP,121,0.9948,19.2856,19.3857,23,01-07-2019,30-06-2022
CANDLER HOSPITAL,110024,GA,READM-30-CABG-HRRP,187,1.0349,19.5626,18.9029,39,01-07-2019,30-06-2022
CANDLER HOSPITAL,110024,GA,READM-30-PN-HRRP,171,1.0117,22.3375,22.0782,39,01-07-2019,30-06-2022
CANDLER HOSPITAL,110024,GA,READM-30-AMI-HRRP,52,1.0816,20.7874,19.2189,16,01-07-2019,30-06-2022
SOUTHEAST GEORGIA HEALTH SYSTEM- BRUNSWICK CAMPUS,110025,GA,READM-30-HF-HRRP,109,0.9015,19.195,21.2915,14,01-07-2019,30-06-2022
SOUTHEAST GEORGIA HEALTH SYSTEM- BRUNSWICK CAMPUS,110025,GA,READM-30-CABG-HRRP,62,1.022,16.9601,16.5942,12,01-07-2019,30-06-2022
"TY COBB REGIONAL MEDICAL CENTER, LLC",110027,GA,READM-30-PN-HRRP,91,1.0077,17.0092,16.88,16,01-07-2019,30-06-2022
"TY COBB REGIONAL MEDICAL CENTER, LLC",110027,GA,READM-30-AMI-HRRP,83,0.9901,21.2986,21.5121,17,01-07-2019,30-06-2022
PIEDMONT AUGUSTA HOSPITAL,110028,GA,READM-30-HIP-KNEE-HRRP,168,1.0115,14.4333,14.2688,25,01-07-2019,30-06-2022
PIEDMONT AUGUSTA HOSPITAL,110028,GA,READM-30-COPD-HRRP,105,1.1612,21.8915,18.8517,33,01-07-2019,30-06-2022
PIEDMONT AUGUSTA HOSPITAL,110028,GA,READM-30-CABG-HRRP,87,0.9838,17.2861,17.5716,14,01-07-2019,30-06-2022
"NORTHEAST GEORGIA MEDICAL CENTER, INC",110029,GA,READM-30-HIP-KNEE-HRRP,324,1.0637,21.1615,19.8947,73,01-07-2019,30-06-2022
"NORTHEAST GEORGIA MEDICAL CENTER, INC",110029,GA,READM-30-COPD-HRRP,205,1.0735,25.3474,23.6111,57,01-07-2019,30-06-2022
"NORTHEAST GEORGIA MEDICAL CENTER, INC",110029,GA,READM-30-CABG-HRRP,136,1.155,23.7289,20.5437,42,01-07-2019,30-06-2022
"NORTHEAST GEORGIA MEDICAL CENTER, INC",110029,GA,READM-30-AMI-HRRP,94,1.0783,15.1874,14.0852,18,01-07-2019,30-06-2022
"NORTHEAST GEORGIA MEDICAL CENTER, INC",110029,GA,READM-30-PN-HRRP,481,1.0624,18.2539,17.181,92,01-07-2019,30-06-2022
PIEDMONT CARTERSVILLE MEDICAL CENTER,110030,GA,READM-30-PN-HRRP,299,0.9242,4.7548,5.1445,13,01-07-2019,30-06-2022
PIEDMONT CARTERSVILLE MEDICAL CENTER,110030,GA,READM-30-HIP-KNEE-HRRP,663,0.8738,17.7755,20.3425,109,01-07-2019,30-06-2022
PIEDMONT CARTERSVILLE MEDICAL CENTER,110030,GA,READM-30-HF-HRRP,297,1.0233,22.0325,21.531,67,01-07-2019,30-06-2022
PIEDMONT CARTERSVILLE MEDICAL CENTER,110030,GA,READM-30-CABG-HRRP,355,0.9591,12.9677,13.5206,44,01-07-2019,30-06-2022
PIEDMONT CARTERSVILLE MEDICAL CENTER,110030,GA,READM-30-AMI-HRRP,386,1.062,18.3527,17.2819,75,01-07-2019,30-06-2022
WELLSTAR SPALDING MEDICAL CENTER,110031,GA,READM-30-HF-HRRP,532,1.0521,22.0959,21.0011,121,01-07-2019,30-06-2022
WELLSTAR SPALDING MEDICAL CENTER,110031,GA,READM-30-COPD-HRRP,176,1.0718,20.7096,19.3223,41,01-07-2019,30-06-2022
WELLSTAR SPALDING MEDICAL CENTER,110031,GA,READM-30-PN-HRRP,247,0.8859,12.9098,14.573,26,01-07-2019,30-06-2022
WELLSTAR SPALDING MEDICAL CENTER,110031,GA,READM-30-AMI-HRRP,430,1.0041,18.5379,18.4625,80,01-07-2019,30-06-2022
STEPHENS COUNTY HOSPITAL,110032,GA,READM-30-HIP-KNEE-HRRP,527,1.121,23.7454,21.1816,133,01-07-2019,30-06-2022
STEPHENS COUNTY HOSPITAL,110032,GA,READM-30-HF-HRRP,190,0.9626,19.7561,20.5232,35,01-07-2019,30-06-2022
STEPHENS COUNTY HOSPITAL,110032,GA,READM-30-CABG-HRRP,268,1.0299,14.3839,13.9659,40,01-07-2019,30-06-2022
STEPHENS COUNTY HOSPITAL,110032,GA,READM-30-AMI-HRRP,57,1.0575,19.4445,18.3866,15,01-07-2019,30-06-2022
AU MEDICAL CENTER,110034,GA,READM-30-HIP-KNEE-HRRP,68,1.012,20.8832,20.6362,15,01-07-2019,30-06-2022
AU MEDICAL CENTER,110034,GA,READM-30-HF-HRRP,383,1.0571,19.6024,18.5432,79,01-07-2019,30-06-2022
AU MEDICAL CENTER,110034,GA,READM-30-CABG-HRRP,309,1.0208,22.5201,22.0617,71,01-07-2019,30-06-2022
AU MEDICAL CENTER,110034,GA,READM-30-PN-HRRP,141,1.0223,20.2358,19.7937,30,01-07-2019,30-06-2022
AU MEDICAL CENTER,110034,GA,READM-30-AMI-HRRP,88,1.0593,12.8901,12.168,13,01-07-2019,30-06-2022
WELLSTAR KENNESTONE REGIONAL MEDICAL CENTER,110035,GA,READM-30-PN-HRRP,197,1.2026,16.6341,13.8312,42,01-07-2019,30-06-2022
WELLSTAR KENNESTONE REGIONAL MEDICAL CENTER,110035,GA,READM-30-HIP-KNEE-HRRP,204,1.094,18.9866,17.3546,45,01-07-2019,30-06-2022
WELLSTAR KENNESTONE REGIONAL MEDICAL CENTER,110035,GA,READM-30-HF-HRRP,222,1.0732,21.719,20.2372,53,01-07-2019,30-06-2022
WELLSTAR KENNESTONE REGIONAL MEDICAL CENTER,110035,GA,READM-30-COPD-HRRP,126,1.0021,20.5237,20.4808,26,01-07-2019,30-06-2022
MEMORIAL UNIVERSITY MEDICAL CENTER,110036,GA,READM-30-HF-HRRP,327,0.9809,16.2996,16.6164,52,01-07-2019,30-06-2022
MEMORIAL UNIVERSITY MEDICAL CENTER,110036,GA,READM-30-COPD-HRRP,290,0.9902,18.8423,19.028,54,01-07-2019,30-06-2022
MEMORIAL UNIVERSITY MEDICAL CENTER,110036,GA,READM-30-CABG-HRRP,118,0.9567,19.4193,20.2981,20,01-07-2019,30-06-2022
MEMORIAL UNIVERSITY MEDICAL CENTER,110036,GA,READM-30-PN-HRRP,96,1.0016,11.3796,11.3613,11,01-07-2019,30-06-2022
MEMORIAL UNIVERSITY MEDICAL CENTER,110036,GA,READM-30-AMI-HRRP,162,0.8992,15.5616,17.3064,18,01-07-2019,30-06-2022
JOHN D ARCHBOLD MEMORIAL HOSPITAL,110038,GA,READM-30-PN-HRRP,109,0.9696,20.2401,20.874,20,01-07-2019,30-06-2022
JOHN D ARCHBOLD MEMORIAL HOSPITAL,110038,GA,READM-30-COPD-HRRP,158,1.107,18.9582,17.1264,37,01-07-2019,30-06-2022
JOHN D ARCHBOLD MEMORIAL HOSPITAL,110038,GA,READM-30-CABG-HRRP,72,1.0846,22.8347,21.0543,22,01-07-2019,30-06-2022
JOHN D ARCHBOLD MEMORIAL HOSPITAL,110038,GA,READM-30-AMI-HRRP,126,1.0347,20.4168,19.7322,28,01-07-2019,30-06-2022
HABERSHAM COUNTY MEDICAL CTR,110041,GA,READM-30-HIP-KNEE-HRRP,203,1.0553,16.9174,16.0305,38,01-07-2019,30-06-2022
HABERSHAM COUNTY MEDICAL CTR,110041,GA,READM-30-COPD-HRRP,86,1.0558,22.4647,21.2782,23,01-07-2019,30-06-2022
HABERSHAM COUNTY MEDICAL CTR,110041,GA,READM-30-CABG-HRRP,137,0.9801,17.7211,18.0801,23,01-07-2019,30-06-2022
HABERSHAM COUNTY MEDICAL CTR,110041,GA,READM-30-AMI-HRRP,106,1.0245,16.3782,15.9867,19,01-07-2019,30-06-2022
HABERSHAM COUNTY MEDICAL CTR,110041,GA,READM-30-PN-HRRP,131,0.9976,19.9692,20.0173,26,01-07-2019,30-06-2022
WELLSTAR PAULDING MEDICAL CENTER,110042,GA,READM-30-PN-HRRP,48,1.0626,20.8769,19.6463,14,01-07-2019,30-06-2022
WELLSTAR PAULDING MEDICAL CENTER,110042,GA,READM-30-HIP-KNEE-HRRP,111,0.9775,17.6405,18.0473,18,01-07-2019,30-06-2022
WELLSTAR PAULDING MEDICAL CENTER,110042,GA,READM-30-HF-HRRP,76,0.9611,20.6306,21.4645,13,01-07-2019,30-06-2022
WELLSTAR PAULDING MEDICAL CENTER,110042,GA,READM-30-COPD-HRRP,58,1.0228,16.3634,15.9994,11,01-07-2019,30-06-2022
WELLSTAR PAULDING MEDICAL CENTER,110042,GA,READM-30-AMI-HRRP,150,0.9172,18.0307,19.6581,21,01-07-2019,30-06-2022
ST JOSEPH'S HOSPITAL - SAVANNAH,110043,GA,READM-30-HF-HRRP,193,0.9687,22.3767,23.0992,41,01-07-2019,30-06-2022
ST JOSEPH'S HOSPITAL - SAVANNAH,110043,GA,READM-30-COPD-HRRP,76,0.928,21.1462,22.7861,11,01-07-2019,30-06-2022
ST JOSEPH'S HOSPITAL - SAVANNAH,110043,GA,READM-30-PN-HRRP,104,1.0062,14.1324,14.0459,15,01-07-2019,30-06-2022
ST JOSEPH'S HOSPITAL - SAVANNAH,110043,GA,READM-30-AMI-HRRP,118,1.1431,20.0455,17.5368,33,01-07-2019,30-06-2022
PHOEBE SUMTER MEDICAL CENTER,110044,GA,READM-30-PN-HRRP,140,1.1094,22.8084,20.5589,39,01-07-2019,30-06-2022
PHOEBE SUMTER MEDICAL CENTER,110044,GA,READM-30-HIP-KNEE-HRRP,119,1.1133,20.1948,18.1401,31,01-07-2019,30-06-2022
PHOEBE SUMTER MEDICAL CENTER,110044,GA,READM-30-HF-HRRP,108,0.9658,16.0707,16.64,15,01-07-2019,30-06-2022
PHOEBE SUMTER MEDICAL CENTER,110044,GA,READM-30-COPD-HRRP,71,1.0213,20.5439,20.1148,16,01-07-2019,30-06-2022
PHOEBE SUMTER MEDICAL CENTER,110044,GA,READM-30-CABG-HRRP,61,1.0417,17.0826,16.3993,13,01-07-2019,30-06-2022
PHOEBE SUMTER MEDICAL CENTER,110044,GA,READM-30-AMI-HRRP,130,1.1062,19.23,17.3835,32,01-07-2019,30-06-2022
"NGMC BARROW, LLC",110045,GA,READM-30-HIP-KNEE-HRRP,45,1.0432,22.4852,21.5537,13,01-07-2019,30-06-2022
"NGMC BARROW, LLC",110045,GA,READM-30-HF-HRRP,60,1.0012,19.8676,19.8436,12,01-07-2019,30-06-2022
"NGMC BARROW, LLC",110045,GA,READM-30-AMI-HRRP,305,0.945,18.0138,19.0632,51,01-07-2019,30-06-2022
PIEDMONT WALTON HOSPITAL,110046,GA,READM-30-PN-HRRP,164,0.9398,21.4852,22.8619,31,01-07-2019,30-06-2022
PIEDMONT WALTON HOSPITAL,110046,GA,READM-30-HIP-KNEE-HRRP,90,0.9653,20.3658,21.0981,16,01-07-2019,30-06-2022
PIEDMONT WALTON HOSPITAL,110046,GA,READM-30-HF-HRRP,67,1.0411,14.9028,14.3139,12,01-07-2019,30-06-2022
PIEDMONT WALTON HOSPITAL,110046,GA,READM-30-COPD-HRRP,126,0.9315,17.3923,18.6722,17,01-07-2019,30-06-2022
PIEDMONT WALTON HOSPITAL,110046,GA,READM-30-AMI-HRRP,102,0.9895,21.2864,21.5121,21,01-07-2019,30-06-2022
ADVENTHEALTH MURRAY,110050,GA,READM-30-HIP-KNEE-HRRP,1150,1.0129,17.4884,17.2661,202,01-07-2019,30-06-2022
ADVENTHEALTH MURRAY,110050,GA,READM-30-COPD-HRRP,1208,1.008,21.0649,20.8985,255,01-07-2019,30-06-2022
ADVENTHEALTH MURRAY,110050,GA,READM-30-CABG-HRRP,330,1.0774,21.2323,19.7074,75,01-07-2019,30-06-2022
ADVENTHEALTH MURRAY,110050,GA,READM-30-PN-HRRP,162,1.0311,11.1972,10.86,19,01-07-2019,30-06-2022
UNION GENERAL HOSPITAL,110051,GA,READM-30-PN-HRRP,454,1.0277,14.4582,14.0681,67,01-07-2019,30-06-2022
UNION GENERAL HOSPITAL,110051,GA,READM-30-HIP-KNEE-HRRP,119,1.0063,17.2848,17.1769,21,01-07-2019,30-06-2022
UNION GENERAL HOSPITAL,110051,GA,READM-30-HF-HRRP,104,0.933,19.838,21.2629,16,01-07-2019,30-06-2022
UNION GENERAL HOSPITAL,110051,GA,READM-30-COPD-HRRP,76,1.0151,21.032,20.7197,17,01-07-2019,30-06-2022
UNION GENERAL HOSPITAL,110051,GA,READM-30-AMI-HRRP,230,0.8518,14.661,17.2118,23,01-07-2019,30-06-2022
ATRIUM HEALTH FLOYD MEDICAL CENTER,110054,GA,READM-30-HF-HRRP,165,0.9504,20.2511,21.3072,30,01-07-2019,30-06-2022
ATRIUM HEALTH FLOYD MEDICAL CENTER,110054,GA,READM-30-COPD-HRRP,86,0.9713,19.6411,20.2216,15,01-07-2019,30-06-2022
PIEDMONT COLUMBUS REGIONAL MIDTOWN,110064,GA,READM-30-HIP-KNEE-HRRP,52,1.0136,21.3142,21.0276,12,01-07-2019,30-06-2022
PIEDMONT COLUMBUS REGIONAL MIDTOWN,110064,GA,READM-30-HF-HRRP,332,0.927,15.7156,16.9526,47,01-07-2019,30-06-2022
PIEDMONT COLUMBUS REGIONAL MIDTOWN,110064,GA,READM-30-COPD-HRRP,325,1.1385,5.8379,5.1276,21,01-07-2019,30-06-2022
PIEDMONT COLUMBUS REGIONAL MIDTOWN,110064,GA,READM-30-CABG-HRRP,387,0.9458,19.0424,20.1345,70,01-07-2019,30-06-2022
PIEDMONT COLUMBUS REGIONAL MIDTOWN,110064,GA,READM-30-AMI-HRRP,140,1.0852,19.7945,18.2402,33,01-07-2019,30-06-2022
HOUSTON HEALTHCARE,110069,GA,READM-30-HF-HRRP,187,0.9447,13.263,14.039,22,01-07-2019,30-06-2022
HOUSTON HEALTHCARE,110069,GA,READM-30-COPD-HRRP,570,1.0179,16.8055,16.5102,97,01-07-2019,30-06-2022
HOUSTON HEALTHCARE,110069,GA,READM-30-CABG-HRRP,133,1.2097,6.7902,5.613,12,01-07-2019,30-06-2022
HOUSTON HEALTHCARE,110069,GA,READM-30-PN-HRRP,565,0.9012,18.201,20.1961,96,01-07-2019,30-06-2022
HOUSTON HEALTHCARE,110069,GA,READM-30-AMI-HRRP,158,0.9811,18.5005,18.8577,28,01-07-2019,30-06-2022
APPLING HEALTHCARE,110071,GA,READM-30-PN-HRRP,177,1.1709,12.7378,10.8785,27,01-07-2019,30-06-2022
APPLING HEALTHCARE,110071,GA,READM-30-HIP-KNEE-HRRP,222,1.1186,15.0791,13.4801,39,01-07-2019,30-06-2022
APPLING HEALTHCARE,110071,GA,READM-30-HF-HRRP,353,0.986,16.7036,16.9413,58,01-07-2019,30-06-2022
APPLING HEALTHCARE,110071,GA,READM-30-CABG-HRRP,394,0.9839,20.3262,20.6581,79,01-07-2019,30-06-2022
APPLING HEALTHCARE,110071,GA,READM-30-AMI-HRRP,159,0.9411,18.836,20.0151,26,01-07-2019,30-06-2022
DORMINY MEDICAL CENTER,110073,GA,READM-30-HF-HRRP,183,0.9645,11.8732,12.3104,20,01-07-2019,30-06-2022
DORMINY MEDICAL CENTER,110073,GA,READM-30-COPD-HRRP,113,1.1696,18.0067,15.3952,31,01-07-2019,30-06-2022
DORMINY MEDICAL CENTER,110073,GA,READM-30-CABG-HRRP,74,1.0726,18.2049,16.973,18,01-07-2019,30-06-2022
DORMINY MEDICAL CENTER,110073,GA,READM-30-PN-HRRP,64,1.0896,16.5888,15.224,16,01-07-2019,30-06-2022
PIEDMONT ATHENS REGIONAL MEDICAL CENTER,110074,GA,READM-30-PN-HRRP,44,1.066,17.337,16.2643,12,01-07-2019,30-06-2022
PIEDMONT ATHENS REGIONAL MEDICAL CENTER,110074,GA,READM-30-HF-HRRP,49,1.0208,19.6473,19.2478,11,01-07-2019,30-06-2022
PIEDMONT ATHENS REGIONAL MEDICAL CENTER,110074,GA,READM-30-COPD-HRRP,195,0.9353,16.1935,17.3145,27,01-07-2019,30-06-2022
PIEDMONT ATHENS REGIONAL MEDICAL CENTER,110074,GA,READM-30-AMI-HRRP,145,1.0212,19.7352,19.3263,30,01-07-2019,30-06-2022
EAST GEORGIA REGIONAL MEDICAL CENTER,110075,GA,READM-30-HIP-KNEE-HRRP,88,1.0431,20.6638,19.8108,21,01-07-2019,30-06-2022
EAST GEORGIA REGIONAL MEDICAL CENTER,110075,GA,READM-30-HF-HRRP,201,1.0056,15.7334,15.6458,32,01-07-2019,30-06-2022
EAST GEORGIA REGIONAL MEDICAL CENTER,110075,GA,READM-30-COPD-HRRP,167,1.3801,6.014,4.3578,15,01-07-2019,30-06-2022
EAST GEORGIA REGIONAL MEDICAL CENTER,110075,GA,READM-30-CABG-HRRP,172,1.0025,19.0904,19.0427,33,01-07-2019,30-06-2022
EAST GEORGIA REGIONAL MEDICAL CENTER,110075,GA,READM-30-PN-HRRP,89,1.0526,17.6792,16.7951,19,01-07-2019,30-06-2022
EAST GEORGIA REGIONAL MEDICAL CENTER,110075,GA,READM-30-AMI-HRRP,88,1.0514,14.2746,13.5774,15,01-07-2019,30-06-2022
EMORY DECATUR HOSPITAL,110076,GA,READM-30-PN-HRRP,184,0.9739,15.6509,16.071,27,01-07-2019,30-06-2022
EMORY DECATUR HOSPITAL,110076,GA,READM-30-HF-HRRP,136,1.0953,22.6226,20.6534,37,01-07-2019,30-06-2022
EMORY DECATUR HOSPITAL,110076,GA,READM-30-COPD-HRRP,68,1.1233,19.8403,17.6627,21,01-07-2019,30-06-2022
EMORY DECATUR HOSPITAL,110076,GA,READM-30-AMI-HRRP,61,1.0246,18.5214,18.0771,13,01-07-2019,30-06-2022
EMORY UNIVERSITY HOSPITAL MIDTOWN,110078,GA,READM-30-COPD-HRRP,840,0.9247,15.0315,16.2563,121,01-07-2019,30-06-2022
EMORY UNIVERSITY HOSPITAL MIDTOWN,110078,GA,READM-30-CABG-HRRP,605,1.2388,5.0789,4.0999,34,01-07-2019,30-06-2022
EMORY UNIVERSITY HOSPITAL MIDTOWN,110078,GA,READM-30-AMI-HRRP,1219,0.9352,18.655,19.947,223,01-07-2019,30-06-2022
EMORY UNIVERSITY HOSPITAL MIDTOWN,110078,GA,READM-30-PN-HRRP,257,0.9856,18.6543,18.9264,47,01-07-2019,30-06-2022
GRADY MEMORIAL HOSPITAL,110079,GA,READM-30-HIP-KNEE-HRRP,354,0.9296,12.0137,12.924,39,01-07-2019,30-06-2022
GRADY MEMORIAL HOSPITAL,110079,GA,READM-30-HF-HRRP,319,0.9592,16.5698,17.2753,50,01-07-2019,30-06-2022
GRADY MEMORIAL HOSPITAL,110079,GA,READM-30-COPD-HRRP,201,1.0121,20.99,20.7396,43,01-07-2019,30-06-2022
GRADY MEMORIAL HOSPITAL,110079,GA,READM-30-CABG-HRRP,148,0.9872,20.1729,20.4343,29,01-07-2019,30-06-2022
GRADY MEMORIAL HOSPITAL,110079,GA,READM-30-AMI-HRRP,177,1.024,13.464,13.1485,25,01-07-2019,30-06-2022
"SAINT JOSEPH'S HOSPITAL OF ATLANTA, INC",110082,GA,READM-30-HF-HRRP,57,1.0101,19.8856,19.6862,12,01-07-2019,30-06-2022
"SAINT JOSEPH'S HOSPITAL OF ATLANTA, INC",110082,GA,READM-30-COPD-HRRP,100,1.0758,17.9742,16.707,23,01-07-2019,30-06-2022
"SAINT JOSEPH'S HOSPITAL OF ATLANTA, INC",110082,GA,READM-30-CABG-HRRP,46,1.0609,21.7925,20.5417,14,01-07-2019,30-06-2022
"SAINT JOSEPH'S HOSPITAL OF ATLANTA, INC",110082,GA,READM-30-PN-HRRP,84,1.0468,19.0903,18.2361,19,01-07-2019,30-06-2022
"SAINT JOSEPH'S HOSPITAL OF ATLANTA, INC",110082,GA,READM-30-AMI-HRRP,86,0.9659,19.1428,19.8178,14,01-07-2019,30-06-2022
PIEDMONT HOSPITAL,110083,GA,READM-30-PN-HRRP,62,1.0529,23.2846,22.1151,18,01-07-2019,30-06-2022
PIEDMONT HOSPITAL,110083,GA,READM-30-HIP-KNEE-HRRP,65,1.039,20.6867,19.9095,16,01-07-2019,30-06-2022
PIEDMONT HOSPITAL,110083,GA,READM-30-HF-HRRP,109,1.0473,18.1662,17.3455,23,01-07-2019,30-06-2022
PIEDMONT HOSPITAL,110083,GA,READM-30-COPD-HRRP,124,1.3908,7.1464,5.1382,14,01-07-2019,30-06-2022
PIEDMONT HOSPITAL,110083,GA,READM-30-CABG-HRRP,108,0.9761,20.0077,20.4968,20,01-07-2019,30-06-2022
WASHINGTON COUNTY REGIONAL MEDICAL CENTER,110086,GA,READM-30-COPD-HRRP,364,0.9274,15.4132,16.6201,51,01-07-2019,30-06-2022
WASHINGTON COUNTY REGIONAL MEDICAL CENTER,110086,GA,READM-30-AMI-HRRP,523,0.9514,19.7586,20.7682,100,01-07-2019,30-06-2022
NORTHSIDE HOSPITAL GWINNETT,110087,GA,READM-30-PN-HRRP,153,0.9335,17.253,18.483,22,01-07-2019,30-06-2022
NORTHSIDE HOSPITAL GWINNETT,110087,GA,READM-30-HIP-KNEE-HRRP,176,0.9883,10.4147,10.5385,18,01-07-2019,30-06-2022
NORTHSIDE HOSPITAL GWINNETT,110087,GA,READM-30-HF-HRRP,190,1.086,16.2111,14.927,35,01-07-2019,30-06-2022
NORTHSIDE HOSPITAL GWINNETT,110087,GA,READM-30-COPD-HRRP,162,0.9341,15.1754,16.2467,20,01-07-2019,30-06-2022
NORTHSIDE HOSPITAL GWINNETT,110087,GA,READM-30-CABG-HRRP,215,0.9693,19.563,20.1815,40,01-07-2019,30-06-2022
NORTHSIDE HOSPITAL GWINNETT,110087,GA,READM-30-AMI-HRRP,67,0.9689,19.5806,20.21,11,01-07-2019,30-06-2022
"COFFEE REGIONAL MEDICAL CENTER, INC",110089,GA,READM-30-HIP-KNEE-HRRP,127,1.0363,14.3641,13.8609,20,01-07-2019,30-06-2022
"COFFEE REGIONAL MEDICAL CENTER, INC",110089,GA,READM-30-COPD-HRRP,81,0.9633,20.3709,21.1466,14,01-07-2019,30-06-2022
PIEDMONT ROCKDALE HOSPITAL,110091,GA,READM-30-PN-HRRP,59,1.0022,21.7859,21.7388,13,01-07-2019,30-06-2022
PIEDMONT ROCKDALE HOSPITAL,110091,GA,READM-30-HIP-KNEE-HRRP,75,0.9748,17.0096,17.4491,11,01-07-2019,30-06-2022
PIEDMONT ROCKDALE HOSPITAL,110091,GA,READM-30-CABG-HRRP,234,0.9167,16.6705,18.186,33,01-07-2019,30-06-2022
DODGE COUNTY HOSPITAL,110092,GA,READM-30-PN-HRRP,307,0.9766,20.3872,20.8764,61,01-07-2019,30-06-2022
DODGE COUNTY HOSPITAL,110092,GA,READM-30-HF-HRRP,83,0.9943,13.5955,13.6741,11,01-07-2019,30-06-2022
DODGE COUNTY HOSPITAL,110092,GA,READM-30-CABG-HRRP,54,1.0376,19.5698,18.8611,13,01-07-2019,30-06-2022
TIFT REGIONAL MEDICAL CENTER,110095,GA,READM-30-HIP-KNEE-HRRP,73,1.0407,19.6868,18.9178,17,01-07-2019,30-06-2022
TIFT REGIONAL MEDICAL CENTER,110095,GA,READM-30-CABG-HRRP,51,1.0977,19.5106,17.7737,16,01-07-2019,30-06-2022
JEFFERSON HOSPITAL,110100,GA,READM-30-PN-HRRP,325,0.9892,16.5344,16.7141,53,01-07-2019,30-06-2022
JEFFERSON HOSPITAL,110100,GA,READM-30-HIP-KNEE-HRRP,417,1.0218,21.2331,20.7796,90,01-07-2019,30-06-2022
JEFFERSON HOSPITAL,110100,GA,READM-30-HF-HRRP,117,1.0572,19.9839,18.9035,27,01-07-2019,30-06-2022
JEFFERSON HOSPITAL,110100,GA,READM-30-CABG-HRRP,111,1.0999,15.5386,14.1268,22,01-07-2019,30-06-2022
JEFFERSON HOSPITAL,110100,GA,READM-30-AMI-HRRP,212,1.0362,18.6383,17.9876,42,01-07-2019,30-06-2022
COOK  MEDICAL CENTER  A CAMPUS OF TIFT REG MED CTR,110101,GA,READM-30-HIP-KNEE-HRRP,165,1.0015,20.5447,20.5137,34,01-07-2019,30-06-2022
COOK  MEDICAL CENTER  A CAMPUS OF TIFT REG MED CTR,110101,GA,READM-30-HF-HRRP,84,0.9688,19.1429,19.76,14,01-07-2019,30-06-2022
COOK  MEDICAL CENTER  A CAMPUS OF TIFT REG MED CTR,110101,GA,READM-30-CABG-HRRP,359,1.0027,17.4973,17.4506,63,01-07-2019,30-06-2022
COOK  MEDICAL CENTER  A CAMPUS OF TIFT REG MED CTR,110101,GA,READM-30-AMI-HRRP,385,0.9706,20.2591,20.8726,76,01-07-2019,30-06-2022
CRISP REGIONAL HOSPITAL,110104,GA,READM-30-PN-HRRP,101,1.0344,19.6032,18.952,22,01-07-2019,30-06-2022
CRISP REGIONAL HOSPITAL,110104,GA,READM-30-HF-HRRP,297,1.0208,15.4773,15.1612,47,01-07-2019,30-06-2022
CRISP REGIONAL HOSPITAL,110104,GA,READM-30-COPD-HRRP,61,1.0309,16.318,15.8282,12,01-07-2019,30-06-2022
CRISP REGIONAL HOSPITAL,110104,GA,READM-30-AMI-HRRP,107,1.035,20.3119,19.6248,24,01-07-2019,30-06-2022
COLQUITT REGIONAL MEDICAL CENTER,110105,GA,READM-30-HF-HRRP,53,1.0413,17.4163,16.7258,12,01-07-2019,30-06-2022
COLQUITT REGIONAL MEDICAL CENTER,110105,GA,READM-30-COPD-HRRP,366,1.1647,20.0253,17.1938,84,01-07-2019,30-06-2022
COLQUITT REGIONAL MEDICAL CENTER,110105,GA,READM-30-CABG-HRRP,376,0.9516,18.9565,19.9208,68,01-07-2019,30-06-2022
COLQUITT REGIONAL MEDICAL CENTER,110105,GA,READM-30-AMI-HRRP,85,0.9894,17.2666,17.4508,14,01-07-2019,30-06-2022
ATRIUM HEALTH NAVICENT THE MEDICAL CENTER,110107,GA,READM-30-HIP-KNEE-HRRP,166,1.0581,13.9961,13.2274,26,01-07-2019,30-06-2022
ATRIUM HEALTH NAVICENT THE MEDICAL CENTER,110107,GA,READM-30-HF-HRRP,144,1.0092,18.9958,18.8232,28,01-07-2019,30-06-2022
ATRIUM HEALTH NAVICENT THE MEDICAL CENTER,110107,GA,READM-30-CABG-HRRP,306,0.9235,18.3749,19.8964,51,01-07-2019,30-06-2022
ATRIUM HEALTH NAVICENT THE MEDICAL CENTER,110107,GA,READM-30-AMI-HRRP,56,1.0594,18.4278,17.394,14,01-07-2019,30-06-2022
EMANUEL MEDICAL CENTER,110109,GA,READM-30-HIP-KNEE-HRRP,117,1.0449,14.3758,13.7581,19,01-07-2019,30-06-2022
EMANUEL MEDICAL CENTER,110109,GA,READM-30-COPD-HRRP,68,1.008,21.2613,21.0915,15,01-07-2019,30-06-2022
EMANUEL MEDICAL CENTER,110109,GA,READM-30-AMI-HRRP,286,0.9781,16.6153,16.9877,46,01-07-2019,30-06-2022
UNIVERSITY MCDUFFIE COUNTY REGIONAL MEDICAL CENTER,110111,GA,READM-30-HIP-KNEE-HRRP,614,0.9573,19.6916,20.5699,118,01-07-2019,30-06-2022
UNIVERSITY MCDUFFIE COUNTY REGIONAL MEDICAL CENTER,110111,GA,READM-30-HF-HRRP,90,0.9616,19.5509,20.3325,15,01-07-2019,30-06-2022
UNIVERSITY MCDUFFIE COUNTY REGIONAL MEDICAL CENTER,110111,GA,READM-30-CABG-HRRP,205,0.9643,14.5492,15.0879,28,01-07-2019,30-06-2022
UNIVERSITY MCDUFFIE COUNTY REGIONAL MEDICAL CENTER,110111,GA,READM-30-AMI-HRRP,74,0.99,17.147,17.3194,12,01-07-2019,30-06-2022
BURKE MEDICAL CENTER,110113,GA,READM-30-PN-HRRP,232,1.1153,22.27,19.9676,59,01-07-2019,30-06-2022
BURKE MEDICAL CENTER,110113,GA,READM-30-COPD-HRRP,155,0.9944,17.6723,17.7719,27,01-07-2019,30-06-2022
BURKE MEDICAL CENTER,110113,GA,READM-30-CABG-HRRP,234,0.9398,20.158,21.4482,43,01-07-2019,30-06-2022
GRADY GENERAL HOSPITAL,110121,GA,READM-30-HF-HRRP,251,1.0208,17.3612,17.0072,45,01-07-2019,30-06-2022
GRADY GENERAL HOSPITAL,110121,GA,READM-30-CABG-HRRP,447,0.8854,17.4432,19.702,70,01-07-2019,30-06-2022
GRADY GENERAL HOSPITAL,110121,GA,READM-30-AMI-HRRP,75,1.0401,17.9803,17.2865,16,01-07-2019,30-06-2022
SOUTH GEORGIA MEDICAL CENTER,110122,GA,READM-30-PN-HRRP,133,1.1765,12.3578,10.5041,21,01-07-2019,30-06-2022
SOUTH GEORGIA MEDICAL CENTER,110122,GA,READM-30-HIP-KNEE-HRRP,170,0.9787,13.5683,13.8629,22,01-07-2019,30-06-2022
SOUTH GEORGIA MEDICAL CENTER,110122,GA,READM-30-HF-HRRP,128,0.9359,15.2158,16.2571,15,01-07-2019,30-06-2022
WAYNE MEMORIAL HOSPITAL,110124,GA,READM-30-PN-HRRP,185,0.9972,17.3999,17.4479,32,01-07-2019,30-06-2022
WAYNE MEMORIAL HOSPITAL,110124,GA,READM-30-HIP-KNEE-HRRP,360,0.9777,19.5821,20.0295,69,01-07-2019,30-06-2022
WAYNE MEMORIAL HOSPITAL,110124,GA,READM-30-HF-HRRP,91,1.0397,20.2652,19.4914,21,01-07-2019,30-06-2022
WAYNE MEMORIAL HOSPITAL,110124,GA,READM-30-CABG-HRRP,156,0.9703,13.1289,13.5311,19,01-07-2019,30-06-2022
WAYNE MEMORIAL HOSPITAL,110124,GA,READM-30-AMI-HRRP,111,1.0391,19.1626,18.4423,24,01-07-2019,30-06-2022
FAIRVIEW PARK HOSPITAL,110125,GA,READM-30-HIP-KNEE-HRRP,148,0.9685,19.6859,20.3263,27,01-07-2019,30-06-2022
FAIRVIEW PARK HOSPITAL,110125,GA,READM-30-AMI-HRRP,111,1.0036,16,15.9433,18,01-07-2019,30-06-2022
MEMORIAL HEALTH MEADOWS HOSPITAL,110128,GA,READM-30-PN-HRRP,83,0.9971,20.7211,20.7821,17,01-07-2019,30-06-2022
MEMORIAL HEALTH MEADOWS HOSPITAL,110128,GA,READM-30-HF-HRRP,139,1.0358,16.9798,16.3929,26,01-07-2019,30-06-2022
MEMORIAL HEALTH MEADOWS HOSPITAL,110128,GA,READM-30-COPD-HRRP,110,1.1257,21.0626,18.7111,31,01-07-2019,30-06-2022
MEMORIAL HEALTH MEADOWS HOSPITAL,110128,GA,READM-30-CABG-HRRP,59,1.0231,17.8372,17.4339,12,01-07-2019,30-06-2022
MEMORIAL HEALTH MEADOWS HOSPITAL,110128,GA,READM-30-AMI-HRRP,141,0.9513,15.8985,16.7131,19,01-07-2019,30-06-2022
ST FRANCIS HOSPITAL- EMORY HEALTHCARE,110129,GA,READM-30-HIP-KNEE-HRRP,184,0.9735,19.4496,19.9785,34,01-07-2019,30-06-2022
ST FRANCIS HOSPITAL- EMORY HEALTHCARE,110129,GA,READM-30-CABG-HRRP,239,1.0194,17.0256,16.7013,42,01-07-2019,30-06-2022
MEMORIAL HOSPITAL AND MANOR,110132,GA,READM-30-PN-HRRP,314,0.9506,19.2194,20.2186,57,01-07-2019,30-06-2022
MEMORIAL HOSPITAL AND MANOR,110132,GA,READM-30-CABG-HRRP,466,0.8794,13.1848,14.9932,53,01-07-2019,30-06-2022
TAYLOR REGIONAL HOSPITAL,110135,GA,READM-30-PN-HRRP,636,1.0279,19.3696,18.8437,125,01-07-2019,30-06-2022
TAYLOR REGIONAL HOSPITAL,110135,GA,READM-30-HIP-KNEE-HRRP,124,0.8728,15.7792,18.0791,11,01-07-2019,30-06-2022
TAYLOR REGIONAL HOSPITAL,110135,GA,READM-30-COPD-HRRP,167,0.9154,12.764,13.9431,17,01-07-2019,30-06-2022
TAYLOR REGIONAL HOSPITAL,110135,GA,READM-30-CABG-HRRP,275,0.9809,16.1115,16.4249,43,01-07-2019,30-06-2022
EVANS MEMORIAL HOSPITAL,110142,GA,READM-30-PN-HRRP,373,0.9722,18.4558,18.9829,67,01-07-2019,30-06-2022
EVANS MEMORIAL HOSPITAL,110142,GA,READM-30-COPD-HRRP,98,0.9555,13.4982,14.1265,11,01-07-2019,30-06-2022
WELLSTAR COBB MEDICAL CENTER,110143,GA,READM-30-PN-HRRP,136,0.9637,15.0602,15.6272,18,01-07-2019,30-06-2022
WELLSTAR COBB MEDICAL CENTER,110143,GA,READM-30-HIP-KNEE-HRRP,158,0.9782,17.9976,18.3981,27,01-07-2019,30-06-2022
WELLSTAR COBB MEDICAL CENTER,110143,GA,READM-30-AMI-HRRP,42,1.0781,19.3637,17.9613,13,01-07-2019,30-06-2022
SOUTHEAST GEORGIA HEALTH SYSTEM -- CAMDEN CAMPUS,110146,GA,READM-30-PN-HRRP,81,1.0741,15.1544,14.1085,17,01-07-2019,30-06-2022
SOUTHEAST GEORGIA HEALTH SYSTEM -- CAMDEN CAMPUS,110146,GA,READM-30-HF-HRRP,123,0.9113,19.7243,21.645,18,01-07-2019,30-06-2022
SOUTHEAST GEORGIA HEALTH SYSTEM -- CAMDEN CAMPUS,110146,GA,READM-30-CABG-HRRP,41,1.0691,18.3459,17.16,11,01-07-2019,30-06-2022
NAVICENT HEALTH BALDWIN,110150,GA,READM-30-HF-HRRP,447,0.9844,15.4491,15.6939,68,01-07-2019,30-06-2022
NAVICENT HEALTH BALDWIN,110150,GA,READM-30-CABG-HRRP,505,1.0309,19.7983,19.2054,102,01-07-2019,30-06-2022
NAVICENT HEALTH BALDWIN,110150,GA,READM-30-AMI-HRRP,115,1.0064,17.0403,16.9311,20,01-07-2019,30-06-2022
HOUSTON HEALTHCARE,110153,GA,READM-30-PN-HRRP,118,0.9621,11.0967,11.5344,12,01-07-2019,30-06-2022
HOUSTON HEALTHCARE,110153,GA,READM-30-HIP-KNEE-HRRP,271,0.927,12.4368,13.4166,30,01-07-2019,30-06-2022
HOUSTON HEALTHCARE,110153,GA,READM-30-CABG-HRRP,915,1.0114,16.5276,16.3409,152,01-07-2019,30-06-2022
HOUSTON HEALTHCARE,110153,GA,READM-30-AMI-HRRP,308,0.8634,4.3045,4.9853,11,01-07-2019,30-06-2022
NORTHSIDE HOSPITAL,110161,GA,READM-30-PN-HRRP,1094,1.0357,21.9025,21.1468,242,01-07-2019,30-06-2022
NORTHSIDE HOSPITAL,110161,GA,READM-30-HIP-KNEE-HRRP,513,0.9077,17.9894,19.8186,86,01-07-2019,30-06-2022
NORTHSIDE HOSPITAL,110161,GA,READM-30-HF-HRRP,176,1.0654,11.4867,10.7812,22,01-07-2019,30-06-2022
NORTHSIDE HOSPITAL,110161,GA,READM-30-COPD-HRRP,359,1.0658,14.4479,13.5553,55,01-07-2019,30-06-2022
NORTHSIDE HOSPITAL,110161,GA,READM-30-CABG-HRRP,102,1.0472,15.6162,14.9124,19,01-07-2019,30-06-2022
"COLISEUM MEDICAL CENTERS, LLC, DBA",110164,GA,READM-30-PN-HRRP,73,1.0249,14.2327,13.8869,12,01-07-2019,30-06-2022
"COLISEUM MEDICAL CENTERS, LLC, DBA",110164,GA,READM-30-HIP-KNEE-HRRP,43,1.0589,19.2145,18.1457,12,01-07-2019,30-06-2022
"COLISEUM MEDICAL CENTERS, LLC, DBA",110164,GA,READM-30-COPD-HRRP,341,0.8971,14.1449,15.7677,41,01-07-2019,30-06-2022
"COLISEUM MEDICAL CENTERS, LLC, DBA",110164,GA,READM-30-AMI-HRRP,367,1.0294,19.9143,19.3458,75,01-07-2019,30-06-2022
SOUTHERN REGIONAL MEDICAL CENTER,110165,GA,READM-30-PN-HRRP,81,1.0088,17.8318,17.676,15,01-07-2019,30-06-2022
SOUTHERN REGIONAL MEDICAL CENTER,110165,GA,READM-30-HF-HRRP,280,0.9305,12.3257,13.2466,31,01-07-2019,30-06-2022
SOUTHERN REGIONAL MEDICAL CENTER,110165,GA,READM-30-CABG-HRRP,132,0.9404,15.2827,16.2507,16,01-07-2019,30-06-2022
SOUTHERN REGIONAL MEDICAL CENTER,110165,GA,READM-30-AMI-HRRP,92,1.0381,20.1347,19.3948,21,01-07-2019,30-06-2022
REDMOND REGIONAL MEDICAL CENTER,110168,GA,READM-30-AMI-HRRP,338,1.116,17.8988,16.0383,68,01-07-2019,30-06-2022
DOCTORS HOSPITAL,110177,GA,READM-30-HIP-KNEE-HRRP,471,1.2162,24.1138,19.8264,127,01-07-2019,30-06-2022
DOCTORS HOSPITAL,110177,GA,READM-30-HF-HRRP,131,0.9836,16.8253,17.1055,21,01-07-2019,30-06-2022
DOCTORS HOSPITAL,110177,GA,READM-30-CABG-HRRP,239,1.2504,15.8662,12.6889,49,01-07-2019,30-06-2022
DOCTORS HOSPITAL,110177,GA,READM-30-AMI-HRRP,125,1.0144,17.6121,17.3612,23,01-07-2019,30-06-2022
WELLSTAR DOUGLAS HOSPITAL,110184,GA,READM-30-HIP-KNEE-HRRP,139,1.0519,21.9911,20.9068,34,01-07-2019,30-06-2022
WELLSTAR DOUGLAS HOSPITAL,110184,GA,READM-30-COPD-HRRP,270,1.0004,15.9149,15.9078,43,01-07-2019,30-06-2022
WELLSTAR DOUGLAS HOSPITAL,110184,GA,READM-30-CABG-HRRP,79,0.9803,19.3927,19.7819,14,01-07-2019,30-06-2022
FANNIN REGIONAL HOSPITAL,110189,GA,READM-30-PN-HRRP,205,1.0365,18.2949,17.6512,40,01-07-2019,30-06-2022
FANNIN REGIONAL HOSPITAL,110189,GA,READM-30-HF-HRRP,263,1.1976,25.6344,21.4043,80,01-07-2019,30-06-2022
FANNIN REGIONAL HOSPITAL,110189,GA,READM-30-COPD-HRRP,49,1.0636,22.0013,20.6858,15,01-07-2019,30-06-2022
FANNIN REGIONAL HOSPITAL,110189,GA,READM-30-CABG-HRRP,71,1.0911,11.9775,10.9771,11,01-07-2019,30-06-2022
FANNIN REGIONAL HOSPITAL,110189,GA,READM-30-AMI-HRRP,101,1.1777,18.4312,15.6496,27,01-07-2019,30-06-2022
FLINT RIVER COMMUNITY HOSPITAL,110190,GA,READM-30-HIP-KNEE-HRRP,54,1.0228,21.2796,20.8058,13,01-07-2019,30-06-2022
FLINT RIVER COMMUNITY HOSPITAL,110190,GA,READM-30-AMI-HRRP,90,1.0867,18.1281,16.6823,22,01-07-2019,30-06-2022
PIEDMONT HENRY HOSPITAL,110191,GA,READM-30-PN-HRRP,139,1.0242,20.4371,19.9542,30,01-07-2019,30-06-2022
PIEDMONT HENRY HOSPITAL,110191,GA,READM-30-COPD-HRRP,71,0.9874,16.7095,16.9222,11,01-07-2019,30-06-2022
PIEDMONT HENRY HOSPITAL,110191,GA,READM-30-CABG-HRRP,65,1.067,23.8145,22.3202,20,01-07-2019,30-06-2022
PIEDMONT EASTSIDE MEDICAL CENTER,110192,GA,READM-30-PN-HRRP,58,1.1151,20.6551,18.5232,19,01-07-2019,30-06-2022
DONALSONVILLE HOSPITAL INC,110194,GA,READM-30-HF-HRRP,69,1.0265,16.2705,15.8499,13,01-07-2019,30-06-2022
DONALSONVILLE HOSPITAL INC,110194,GA,READM-30-COPD-HRRP,114,0.979,20.5524,20.9938,22,01-07-2019,30-06-2022
DONALSONVILLE HOSPITAL INC,110194,GA,READM-30-AMI-HRRP,53,1.118,15.8537,14.1799,14,01-07-2019,30-06-2022
WELLSTAR NORTH FULTON HOSPITAL,110198,GA,READM-30-HIP-KNEE-HRRP,333,1.188,5.2117,4.3868,20,01-07-2019,30-06-2022
WELLSTAR NORTH FULTON HOSPITAL,110198,GA,READM-30-AMI-HRRP,38,1.0497,22.8095,21.7288,12,01-07-2019,30-06-2022
PIEDMONT COLUMBUS REGIONAL NORTHSIDE,110200,GA,READM-30-COPD-HRRP,186,1.0914,16.2035,14.8469,36,01-07-2019,30-06-2022
PIEDMONT COLUMBUS REGIONAL NORTHSIDE,110200,GA,READM-30-AMI-HRRP,132,0.9417,18.9216,20.0941,21,01-07-2019,30-06-2022
PIEDMONT MACON NORTH HOSPITAL,110201,GA,READM-30-HF-HRRP,99,0.9854,16.1594,16.3993,15,01-07-2019,30-06-2022
PIEDMONT MACON NORTH HOSPITAL,110201,GA,READM-30-CABG-HRRP,98,1.023,18.8913,18.4657,20,01-07-2019,30-06-2022
TURNING POINT HOSPITAL,110209,GA,READM-30-PN-HRRP,355,0.8892,14.3347,16.1202,43,01-07-2019,30-06-2022
TURNING POINT HOSPITAL,110209,GA,READM-30-HF-HRRP,733,0.8634,16.8517,19.5187,114,01-07-2019,30-06-2022
TURNING POINT HOSPITAL,110209,GA,READM-30-COPD-HRRP,111,0.9389,17.1733,18.2918,15,01-07-2019,30-06-2022
TURNING POINT HOSPITAL,110209,GA,READM-30-CABG-HRRP,210,0.8713,8.4564,9.7053,14,01-07-2019,30-06-2022
TURNING POINT HOSPITAL,110209,GA,READM-30-AMI-HRRP,593,0.8568,10.334,12.0611,54,01-07-2019,30-06-2022
PIEDMONT FAYETTE HOSPITAL,110215,GA,READM-30-PN-HRRP,73,0.9922,15.7917,15.9165,11,01-07-2019,30-06-2022
PIEDMONT FAYETTE HOSPITAL,110215,GA,READM-30-HIP-KNEE-HRRP,83,1.0156,20.4432,20.1288,18,01-07-2019,30-06-2022
PIEDMONT FAYETTE HOSPITAL,110215,GA,READM-30-COPD-HRRP,313,0.9769,15.5192,15.8865,47,01-07-2019,30-06-2022
PIEDMONT FAYETTE HOSPITAL,110215,GA,READM-30-AMI-HRRP,333,0.8469,15.8186,18.6786,42,01-07-2019,30-06-2022
PIEDMONT MOUNTAINSIDE HOSPITAL INC,110225,GA,READM-30-HF-HRRP,141,0.9657,13.6711,14.1573,17,01-07-2019,30-06-2022
PIEDMONT MOUNTAINSIDE HOSPITAL INC,110225,GA,READM-30-CABG-HRRP,195,1.0152,16.9424,16.6882,34,01-07-2019,30-06-2022
EMORY HILLANDALE HOSPITAL,110226,GA,READM-30-HIP-KNEE-HRRP,159,0.96,14.2699,14.8645,20,01-07-2019,30-06-2022
EMORY HILLANDALE HOSPITAL,110226,GA,READM-30-COPD-HRRP,177,1.0132,19.2878,19.0369,35,01-07-2019,30-06-2022
EMORY HILLANDALE HOSPITAL,110226,GA,READM-30-CABG-HRRP,60,1.049,18.2693,17.4163,14,01-07-2019,30-06-2022
EMORY HILLANDALE HOSPITAL,110226,GA,READM-30-AMI-HRRP,143,0.9091,14.9569,16.4521,15,01-07-2019,30-06-2022
"PIEDMONT NEWNAN HOSPITAL, INC",110229,GA,READM-30-HIP-KNEE-HRRP,237,0.9509,19.1246,20.1124,42,01-07-2019,30-06-2022
EMORY JOHNS CREEK HOSPITAL,110230,GA,READM-30-PN-HRRP,69,1.0233,19.5397,19.0946,15,01-07-2019,30-06-2022
EMORY JOHNS CREEK HOSPITAL,110230,GA,READM-30-HIP-KNEE-HRRP,73,0.9725,17.4877,17.9831,11,01-07-2019,30-06-2022
EMORY JOHNS CREEK HOSPITAL,110230,GA,READM-30-HF-HRRP,265,0.8554,16.5483,19.3456,33,01-07-2019,30-06-2022
EMORY JOHNS CREEK HOSPITAL,110230,GA,READM-30-CABG-HRRP,607,0.8029,18.2231,22.6962,96,01-07-2019,30-06-2022
EMORY JOHNS CREEK HOSPITAL,110230,GA,READM-30-AMI-HRRP,84,0.9828,22.8309,23.2304,18,01-07-2019,30-06-2022
"SOUTHEASTERN REGIONAL MEDICAL CENTER, INC",110233,GA,READM-30-HIP-KNEE-HRRP,595,0.7983,11.5712,14.4952,58,01-07-2019,30-06-2022
"SOUTHEASTERN REGIONAL MEDICAL CENTER, INC",110233,GA,READM-30-HF-HRRP,95,0.9482,15.3279,16.1655,11,01-07-2019,30-06-2022
"SOUTHEASTERN REGIONAL MEDICAL CENTER, INC",110233,GA,READM-30-CABG-HRRP,54,1.0297,18.7107,18.1711,12,01-07-2019,30-06-2022
SGMC BERRIEN CAMPUS,110234,GA,READM-30-PN-HRRP,59,1.0233,17.819,17.4132,12,01-07-2019,30-06-2022
SGMC BERRIEN CAMPUS,110234,GA,READM-30-HIP-KNEE-HRRP,232,0.8384,13.2137,15.7611,19,01-07-2019,30-06-2022
SGMC BERRIEN CAMPUS,110234,GA,READM-30-COPD-HRRP,241,0.9184,18.9428,20.6266,40,01-07-2019,30-06-2022
SGMC BERRIEN CAMPUS,110234,GA,READM-30-CABG-HRRP,83,1.0535,19.9959,18.981,20,01-07-2019,30-06-2022
CHI MEMORIAL HOSPITAL- GEORGIA,110236,GA,READM-30-HF-HRRP,103,1.029,16.567,16.1001,19,01-07-2019,30-06-2022
CHI MEMORIAL HOSPITAL- GEORGIA,110236,GA,READM-30-CABG-HRRP,67,1.0054,15.887,15.8024,11,01-07-2019,30-06-2022
NORTHEAST GEORGIA MEDICAL CENTER LUMPKIN,110237,GA,READM-30-PN-HRRP,93,1.0731,15.3931,14.3443,19,01-07-2019,30-06-2022
NORTHEAST GEORGIA MEDICAL CENTER LUMPKIN,110237,GA,READM-30-HF-HRRP,109,0.9925,17.8728,18.0073,19,01-07-2019,30-06-2022
NORTHEAST GEORGIA MEDICAL CENTER LUMPKIN,110237,GA,READM-30-CABG-HRRP,628,1.1025,18.8229,17.0727,125,01-07-2019,30-06-2022
NORTHSIDE HOSPITAL DULUTH,110252,GA,READM-30-PN-HRRP,511,0.9211,19.2734,20.925,93,01-07-2019,30-06-2022
NORTHSIDE HOSPITAL DULUTH,110252,GA,READM-30-HIP-KNEE-HRRP,524,1.0483,20.5881,19.6395,111,01-07-2019,30-06-2022
NORTHSIDE HOSPITAL DULUTH,110252,GA,READM-30-HF-HRRP,242,1.0129,14.6127,14.4265,36,01-07-2019,30-06-2022
NORTHSIDE HOSPITAL DULUTH,110252,GA,READM-30-COPD-HRRP,101,0.9799,19.2372,19.631,18,01-07-2019,30-06-2022
NORTHSIDE HOSPITAL DULUTH,110252,GA,READM-30-CABG-HRRP,269,0.9704,21.5808,22.2379,56,01-07-2019,30-06-2022
NORTHSIDE HOSPITAL DULUTH,110252,GA,READM-30-AMI-HRRP,76,1.0441,23.6714,22.6712,21,01-07-2019,30-06-2022
THE QUEENS MEDICAL CENTER,120001,HI,READM-30-PN-HRRP,247,0.997,11.3701,11.4039,28,01-07-2019,30-06-2022
THE QUEENS MEDICAL CENTER,120001,HI,READM-30-HIP-KNEE-HRRP,218,1.0947,17.1697,15.6849,42,01-07-2019,30-06-2022
THE QUEENS MEDICAL CENTER,120001,HI,READM-30-HF-HRRP,162,0.9173,17.3019,18.8618,22,01-07-2019,30-06-2022
THE QUEENS MEDICAL CENTER,120001,HI,READM-30-COPD-HRRP,211,1.0444,23.2176,22.2305,52,01-07-2019,30-06-2022
THE QUEENS MEDICAL CENTER,120001,HI,READM-30-CABG-HRRP,105,1.0875,24.0981,22.1591,31,01-07-2019,30-06-2022
THE QUEENS MEDICAL CENTER,120001,HI,READM-30-AMI-HRRP,87,0.9658,15.8028,16.3617,12,01-07-2019,30-06-2022
MAUI MEMORIAL MEDICAL CENTER,120002,HI,READM-30-PN-HRRP,300,0.9487,16.5353,17.429,46,01-07-2019,30-06-2022
MAUI MEMORIAL MEDICAL CENTER,120002,HI,READM-30-HF-HRRP,257,0.9151,17.8278,19.481,40,01-07-2019,30-06-2022
MAUI MEMORIAL MEDICAL CENTER,120002,HI,READM-30-COPD-HRRP,83,0.9578,17.7541,18.5358,12,01-07-2019,30-06-2022
MAUI MEMORIAL MEDICAL CENTER,120002,HI,READM-30-CABG-HRRP,78,1.1101,15.2376,13.7267,17,01-07-2019,30-06-2022
MAUI MEMORIAL MEDICAL CENTER,120002,HI,READM-30-AMI-HRRP,535,0.9394,14.9886,15.956,76,01-07-2019,30-06-2022
WAHIAWA GENERAL HOSPITAL,120004,HI,READM-30-HIP-KNEE-HRRP,609,0.9193,18.8157,20.4672,109,01-07-2019,30-06-2022
WAHIAWA GENERAL HOSPITAL,120004,HI,READM-30-HF-HRRP,326,1.0181,21.4114,21.0318,71,01-07-2019,30-06-2022
WAHIAWA GENERAL HOSPITAL,120004,HI,READM-30-COPD-HRRP,158,0.9609,13.2587,13.7978,19,01-07-2019,30-06-2022
WAHIAWA GENERAL HOSPITAL,120004,HI,READM-30-CABG-HRRP,180,1.0122,16.2131,16.0183,30,01-07-2019,30-06-2022
WAHIAWA GENERAL HOSPITAL,120004,HI,READM-30-AMI-HRRP,197,1.0057,19.6071,19.4967,39,01-07-2019,30-06-2022
HILO MEDICAL CENTER,120005,HI,READM-30-PN-HRRP,139,0.9243,17.3027,18.7205,19,01-07-2019,30-06-2022
HILO MEDICAL CENTER,120005,HI,READM-30-COPD-HRRP,140,1.0066,21.8248,21.6822,31,01-07-2019,30-06-2022
HILO MEDICAL CENTER,120005,HI,READM-30-CABG-HRRP,35,1.0479,22.2825,21.2633,11,01-07-2019,30-06-2022
HILO MEDICAL CENTER,120005,HI,READM-30-AMI-HRRP,223,1.0009,19.2544,19.2373,43,01-07-2019,30-06-2022
ADVENTIST HEALTH CASTLE,120006,HI,READM-30-PN-HRRP,573,0.8866,19.7336,22.2572,105,01-07-2019,30-06-2022
ADVENTIST HEALTH CASTLE,120006,HI,READM-30-HIP-KNEE-HRRP,105,0.9895,24.5175,24.7774,25,01-07-2019,30-06-2022
ADVENTIST HEALTH CASTLE,120006,HI,READM-30-HF-HRRP,214,1.0151,11.4833,11.3126,25,01-07-2019,30-06-2022
ADVENTIST HEALTH CASTLE,120006,HI,READM-30-COPD-HRRP,158,0.9986,16.4996,16.5221,26,01-07-2019,30-06-2022
ADVENTIST HEALTH CASTLE,120006,HI,READM-30-CABG-HRRP,308,0.9935,15.4006,15.5006,47,01-07-2019,30-06-2022
KUAKINI MEDICAL CENTER,120007,HI,READM-30-PN-HRRP,416,0.955,19.003,19.8994,76,01-07-2019,30-06-2022
KUAKINI MEDICAL CENTER,120007,HI,READM-30-HIP-KNEE-HRRP,263,0.966,19.5046,20.1919,49,01-07-2019,30-06-2022
KUAKINI MEDICAL CENTER,120007,HI,READM-30-HF-HRRP,120,0.9582,14.2606,14.8834,15,01-07-2019,30-06-2022
KUAKINI MEDICAL CENTER,120007,HI,READM-30-COPD-HRRP,353,0.9378,16.5509,17.6485,54,01-07-2019,30-06-2022
KUAKINI MEDICAL CENTER,120007,HI,READM-30-AMI-HRRP,444,0.9793,20.1336,20.5582,88,01-07-2019,30-06-2022
KAISER FOUNDATION HOSPITAL,120011,HI,READM-30-PN-HRRP,148,0.9614,19.3255,20.1023,26,01-07-2019,30-06-2022
KAISER FOUNDATION HOSPITAL,120011,HI,READM-30-HIP-KNEE-HRRP,153,1.1696,12.1376,10.3777,23,01-07-2019,30-06-2022
KAISER FOUNDATION HOSPITAL,120011,HI,READM-30-HF-HRRP,225,0.9654,14.561,15.0833,31,01-07-2019,30-06-2022
KAISER FOUNDATION HOSPITAL,120011,HI,READM-30-COPD-HRRP,653,1.0135,18.0815,17.8406,119,01-07-2019,30-06-2022
KAISER FOUNDATION HOSPITAL,120011,HI,READM-30-AMI-HRRP,828,0.9828,21.2772,21.6494,175,01-07-2019,30-06-2022
WILCOX MEMORIAL HOSPITAL,120014,HI,READM-30-PN-HRRP,475,0.8707,18.3324,21.0546,78,01-07-2019,30-06-2022
WILCOX MEMORIAL HOSPITAL,120014,HI,READM-30-HIP-KNEE-HRRP,141,1.0257,16.8164,16.3946,25,01-07-2019,30-06-2022
WILCOX MEMORIAL HOSPITAL,120014,HI,READM-30-HF-HRRP,306,1.0382,17.7742,17.1203,57,01-07-2019,30-06-2022
WILCOX MEMORIAL HOSPITAL,120014,HI,READM-30-CABG-HRRP,392,1.011,19.9666,19.7487,79,01-07-2019,30-06-2022
WILCOX MEMORIAL HOSPITAL,120014,HI,READM-30-AMI-HRRP,110,1.0818,21.5574,19.9265,29,01-07-2019,30-06-2022
KONA COMMUNITY HOSPITAL,120019,HI,READM-30-PN-HRRP,229,1.048,11.6466,11.1128,28,01-07-2019,30-06-2022
KONA COMMUNITY HOSPITAL,120019,HI,READM-30-HIP-KNEE-HRRP,221,1.0619,14.4983,13.6527,35,01-07-2019,30-06-2022
KONA COMMUNITY HOSPITAL,120019,HI,READM-30-CABG-HRRP,79,0.9898,19.8495,20.0545,15,01-07-2019,30-06-2022
STRAUB CLINIC AND HOSPITAL,120022,HI,READM-30-PN-HRRP,371,0.9858,15.8938,16.1225,58,01-07-2019,30-06-2022
STRAUB CLINIC AND HOSPITAL,120022,HI,READM-30-HF-HRRP,229,0.9346,18.5301,19.8262,38,01-07-2019,30-06-2022
STRAUB CLINIC AND HOSPITAL,120022,HI,READM-30-AMI-HRRP,606,0.9912,16.9315,17.0819,102,01-07-2019,30-06-2022
PALI MOMI MEDICAL CENTER,120026,HI,READM-30-HIP-KNEE-HRRP,413,0.8811,17.9899,20.417,66,01-07-2019,30-06-2022
PALI MOMI MEDICAL CENTER,120026,HI,READM-30-HF-HRRP,416,0.9754,19.1404,19.6226,78,01-07-2019,30-06-2022
PALI MOMI MEDICAL CENTER,120026,HI,READM-30-COPD-HRRP,226,0.9807,11.3054,11.5277,25,01-07-2019,30-06-2022
PALI MOMI MEDICAL CENTER,120026,HI,READM-30-CABG-HRRP,395,0.9901,14.3015,14.4445,56,01-07-2019,30-06-2022
PALI MOMI MEDICAL CENTER,120026,HI,READM-30-AMI-HRRP,461,1.0097,15.478,15.3294,72,01-07-2019,30-06-2022
"NORTH HAWAII COMMUNITY HOSPITAL, INC",120028,HI,READM-30-HIP-KNEE-HRRP,594,1.0706,19.4492,18.1673,120,01-07-2019,30-06-2022
"NORTH HAWAII COMMUNITY HOSPITAL, INC",120028,HI,READM-30-HF-HRRP,94,1.0256,20.5529,20.0394,21,01-07-2019,30-06-2022
"NORTH HAWAII COMMUNITY HOSPITAL, INC",120028,HI,READM-30-CABG-HRRP,240,1.0277,12.7877,12.4435,32,01-07-2019,30-06-2022
"NORTH HAWAII COMMUNITY HOSPITAL, INC",120028,HI,READM-30-AMI-HRRP,842,0.9767,15.3904,15.757,128,01-07-2019,30-06-2022
ST LUKES MAGIC VALLEY MEDICAL CENTER,130002,ID,READM-30-PN-HRRP,383,1.1748,5.3589,4.5615,23,01-07-2019,30-06-2022
ST LUKES MAGIC VALLEY MEDICAL CENTER,130002,ID,READM-30-HIP-KNEE-HRRP,1332,0.9726,18.3794,18.897,243,01-07-2019,30-06-2022
ST LUKES MAGIC VALLEY MEDICAL CENTER,130002,ID,READM-30-HF-HRRP,459,1.0902,20.7638,19.0455,101,01-07-2019,30-06-2022
ST LUKES MAGIC VALLEY MEDICAL CENTER,130002,ID,READM-30-CABG-HRRP,301,1.1313,14.6038,12.9092,50,01-07-2019,30-06-2022
ST LUKES MAGIC VALLEY MEDICAL CENTER,130002,ID,READM-30-AMI-HRRP,146,0.9553,17.9661,18.8059,23,01-07-2019,30-06-2022
ST JOSEPH REGIONAL MEDICAL CENTER,130003,ID,READM-30-HIP-KNEE-HRRP,551,0.9047,20.1026,22.2195,104,01-07-2019,30-06-2022
ST JOSEPH REGIONAL MEDICAL CENTER,130003,ID,READM-30-HF-HRRP,161,0.9726,21.6808,22.2921,33,01-07-2019,30-06-2022
ST JOSEPH REGIONAL MEDICAL CENTER,130003,ID,READM-30-COPD-HRRP,162,0.9199,10.0817,10.9596,14,01-07-2019,30-06-2022
ST JOSEPH REGIONAL MEDICAL CENTER,130003,ID,READM-30-CABG-HRRP,350,0.8795,14.7192,16.7366,45,01-07-2019,30-06-2022
ST JOSEPH REGIONAL MEDICAL CENTER,130003,ID,READM-30-AMI-HRRP,427,0.9495,16.7553,17.6472,68,01-07-2019,30-06-2022
ST LUKE'S REGIONAL MEDICAL CENTER,130006,ID,READM-30-HIP-KNEE-HRRP,445,0.9214,19.1996,20.8381,80,01-07-2019,30-06-2022
ST LUKE'S REGIONAL MEDICAL CENTER,130006,ID,READM-30-HF-HRRP,262,1.0383,20.4347,19.6808,56,01-07-2019,30-06-2022
ST LUKE'S REGIONAL MEDICAL CENTER,130006,ID,READM-30-CABG-HRRP,213,0.9751,14.1965,14.5588,29,01-07-2019,30-06-2022
ST LUKE'S REGIONAL MEDICAL CENTER,130006,ID,READM-30-AMI-HRRP,305,0.9981,15.7793,15.8092,48,01-07-2019,30-06-2022
SAINT ALPHONSUS REGIONAL MEDICAL CENTER,130007,ID,READM-30-HIP-KNEE-HRRP,363,1.0251,20.7559,20.2482,77,01-07-2019,30-06-2022
SAINT ALPHONSUS REGIONAL MEDICAL CENTER,130007,ID,READM-30-HF-HRRP,207,0.8916,17.6153,19.7567,29,01-07-2019,30-06-2022
SAINT ALPHONSUS REGIONAL MEDICAL CENTER,130007,ID,READM-30-CABG-HRRP,249,0.9263,17.824,19.2426,39,01-07-2019,30-06-2022
SAINT ALPHONSUS MEDICAL CENTER - NAMPA,130013,ID,READM-30-PN-HRRP,534,0.912,19.8889,21.8075,100,01-07-2019,30-06-2022
SAINT ALPHONSUS MEDICAL CENTER - NAMPA,130013,ID,READM-30-HIP-KNEE-HRRP,242,1.0933,25.8595,23.6527,69,01-07-2019,30-06-2022
SAINT ALPHONSUS MEDICAL CENTER - NAMPA,130013,ID,READM-30-HF-HRRP,114,1.0179,16.7499,16.4546,20,01-07-2019,30-06-2022
SAINT ALPHONSUS MEDICAL CENTER - NAMPA,130013,ID,READM-30-AMI-HRRP,176,1.036,17.3694,16.766,33,01-07-2019,30-06-2022
WEST VALLEY MEDICAL CENTER,130014,ID,READM-30-HIP-KNEE-HRRP,201,0.939,19.5047,20.7722,35,01-07-2019,30-06-2022
WEST VALLEY MEDICAL CENTER,130014,ID,READM-30-HF-HRRP,197,1.0993,24.0767,21.9026,54,01-07-2019,30-06-2022
WEST VALLEY MEDICAL CENTER,130014,ID,READM-30-CABG-HRRP,721,0.9828,15.6957,15.9699,112,01-07-2019,30-06-2022
EASTERN IDAHO REGIONAL MEDICAL CENTER,130018,ID,READM-30-PN-HRRP,553,0.9179,18.1969,19.8248,95,01-07-2019,30-06-2022
EASTERN IDAHO REGIONAL MEDICAL CENTER,130018,ID,READM-30-HIP-KNEE-HRRP,285,0.9163,17.0306,18.5859,43,01-07-2019,30-06-2022
EASTERN IDAHO REGIONAL MEDICAL CENTER,130018,ID,READM-30-HF-HRRP,130,0.9512,12.6406,13.2896,14,01-07-2019,30-06-2022
EASTERN IDAHO REGIONAL MEDICAL CENTER,130018,ID,READM-30-COPD-HRRP,154,0.9207,15.9969,17.3743,19,01-07-2019,30-06-2022
EASTERN IDAHO REGIONAL MEDICAL CENTER,130018,ID,READM-30-CABG-HRRP,182,0.9502,20.0173,21.0673,33,01-07-2019,30-06-2022
EASTERN IDAHO REGIONAL MEDICAL CENTER,130018,ID,READM-30-AMI-HRRP,180,0.9243,19.5687,21.1721,30,01-07-2019,30-06-2022
MADISON MEMORIAL HOSPITAL,130025,ID,READM-30-PN-HRRP,320,0.9292,16.8934,18.1799,49,01-07-2019,30-06-2022
MADISON MEMORIAL HOSPITAL,130025,ID,READM-30-HF-HRRP,266,1.1132,22.4518,20.1693,67,01-07-2019,30-06-2022
MADISON MEMORIAL HOSPITAL,130025,ID,READM-30-COPD-HRRP,158,0.8964,17.1048,19.082,20,01-07-2019,30-06-2022
MADISON MEMORIAL HOSPITAL,130025,ID,READM-30-CABG-HRRP,327,0.8587,14.1185,16.4414,36,01-07-2019,30-06-2022
PORTNEUF MEDICAL CENTER,130028,ID,READM-30-PN-HRRP,277,0.9281,18.0016,19.396,45,01-07-2019,30-06-2022
PORTNEUF MEDICAL CENTER,130028,ID,READM-30-HIP-KNEE-HRRP,118,0.9574,18.4776,19.2993,19,01-07-2019,30-06-2022
PORTNEUF MEDICAL CENTER,130028,ID,READM-30-HF-HRRP,154,0.9696,12.6517,13.0488,18,01-07-2019,30-06-2022
PORTNEUF MEDICAL CENTER,130028,ID,READM-30-COPD-HRRP,53,1.0429,20.7433,19.8897,14,01-07-2019,30-06-2022
PORTNEUF MEDICAL CENTER,130028,ID,READM-30-CABG-HRRP,64,0.9793,24.1815,24.6925,14,01-07-2019,30-06-2022
PORTNEUF MEDICAL CENTER,130028,ID,READM-30-AMI-HRRP,55,1.001,19.8734,19.8526,11,01-07-2019,30-06-2022
KOOTENAI HEALTH,130049,ID,READM-30-PN-HRRP,344,0.9937,17.2778,17.3873,59,01-07-2019,30-06-2022
KOOTENAI HEALTH,130049,ID,READM-30-HF-HRRP,329,1.0223,21.4326,20.966,72,01-07-2019,30-06-2022
KOOTENAI HEALTH,130049,ID,READM-30-COPD-HRRP,90,0.9986,20.1024,20.1308,18,01-07-2019,30-06-2022
KOOTENAI HEALTH,130049,ID,READM-30-CABG-HRRP,357,0.9405,16.0174,17.0316,53,01-07-2019,30-06-2022
TREASURE VALLEY HOSPITAL,130063,ID,READM-30-PN-HRRP,420,1.0615,22.1287,20.8457,97,01-07-2019,30-06-2022
TREASURE VALLEY HOSPITAL,130063,ID,READM-30-HIP-KNEE-HRRP,138,0.995,19.0787,19.1752,26,01-07-2019,30-06-2022
TREASURE VALLEY HOSPITAL,130063,ID,READM-30-HF-HRRP,55,1.024,17.809,17.3908,11,01-07-2019,30-06-2022
TREASURE VALLEY HOSPITAL,130063,ID,READM-30-COPD-HRRP,490,1.012,17.1802,16.9762,85,01-07-2019,30-06-2022
TREASURE VALLEY HOSPITAL,130063,ID,READM-30-AMI-HRRP,666,0.863,17.8211,20.6492,109,01-07-2019,30-06-2022
MOUNTAIN VIEW HOSPITAL,130065,ID,READM-30-PN-HRRP,237,0.8921,18.7923,21.0664,37,01-07-2019,30-06-2022
MOUNTAIN VIEW HOSPITAL,130065,ID,READM-30-HIP-KNEE-HRRP,120,0.945,11.4051,12.0694,11,01-07-2019,30-06-2022
MOUNTAIN VIEW HOSPITAL,130065,ID,READM-30-HF-HRRP,390,0.9251,14.4086,15.5745,51,01-07-2019,30-06-2022
MOUNTAIN VIEW HOSPITAL,130065,ID,READM-30-CABG-HRRP,473,0.9115,17.1273,18.7894,75,01-07-2019,30-06-2022
MOUNTAIN VIEW HOSPITAL,130065,ID,READM-30-AMI-HRRP,113,1.0015,18.4978,18.4701,21,01-07-2019,30-06-2022
NORTHWEST SPECIALTY HOSPITAL,130066,ID,READM-30-PN-HRRP,556,1.0587,16.5702,15.6508,96,01-07-2019,30-06-2022
NORTHWEST SPECIALTY HOSPITAL,130066,ID,READM-30-HF-HRRP,618,1.1131,20.6944,18.5919,135,01-07-2019,30-06-2022
NORTHWEST SPECIALTY HOSPITAL,130066,ID,READM-30-COPD-HRRP,163,0.9448,18.8433,19.9447,27,01-07-2019,30-06-2022
NORTHWEST SPECIALTY HOSPITAL,130066,ID,READM-30-CABG-HRRP,152,0.9321,11.4167,12.2485,14,01-07-2019,30-06-2022
NORTHWEST SPECIALTY HOSPITAL,130066,ID,READM-30-AMI-HRRP,469,0.9837,17.0859,17.3688,79,01-07-2019,30-06-2022
ST LUKE'S NAMPA MEDICAL CENTER,130071,ID,READM-30-HIP-KNEE-HRRP,617,0.9837,19.7884,20.1164,121,01-07-2019,30-06-2022
ST LUKE'S NAMPA MEDICAL CENTER,130071,ID,READM-30-HF-HRRP,236,0.9478,18.4214,19.4363,40,01-07-2019,30-06-2022
ST LUKE'S NAMPA MEDICAL CENTER,130071,ID,READM-30-COPD-HRRP,259,0.9212,12.7428,13.8326,29,01-07-2019,30-06-2022
ST LUKE'S NAMPA MEDICAL CENTER,130071,ID,READM-30-CABG-HRRP,299,1.0008,16.703,16.6888,50,01-07-2019,30-06-2022
ST LUKE'S NAMPA MEDICAL CENTER,130071,ID,READM-30-AMI-HRRP,146,1.2891,4.8974,3.799,11,01-07-2019,30-06-2022
GROVE CREEK MEDICAL CENTER,130073,ID,READM-30-PN-HRRP,539,0.9334,18.6547,19.9856,96,01-07-2019,30-06-2022
GROVE CREEK MEDICAL CENTER,130073,ID,READM-30-HIP-KNEE-HRRP,148,0.8956,18.4059,20.5517,20,01-07-2019,30-06-2022
GROVE CREEK MEDICAL CENTER,130073,ID,READM-30-COPD-HRRP,219,0.9728,17.7743,18.2719,37,01-07-2019,30-06-2022
GROVE CREEK MEDICAL CENTER,130073,ID,READM-30-CABG-HRRP,395,0.9319,21.2182,22.7687,79,01-07-2019,30-06-2022
GROVE CREEK MEDICAL CENTER,130073,ID,READM-30-AMI-HRRP,161,1.0647,24.0139,22.5537,43,01-07-2019,30-06-2022
"IDAHO FALLS COMMUNITY HOSPITAL, LLC",130074,ID,READM-30-HIP-KNEE-HRRP,570,0.9247,15.4957,16.7568,83,01-07-2019,30-06-2022
"IDAHO FALLS COMMUNITY HOSPITAL, LLC",130074,ID,READM-30-HF-HRRP,286,1.1708,5.0948,4.3516,17,01-07-2019,30-06-2022
"IDAHO FALLS COMMUNITY HOSPITAL, LLC",130074,ID,READM-30-COPD-HRRP,382,0.9044,17.9605,19.8582,62,01-07-2019,30-06-2022
"IDAHO FALLS COMMUNITY HOSPITAL, LLC",130074,ID,READM-30-CABG-HRRP,113,0.9274,18.4744,19.9205,16,01-07-2019,30-06-2022
"IDAHO FALLS COMMUNITY HOSPITAL, LLC",130074,ID,READM-30-AMI-HRRP,177,1.0086,13.326,13.2122,24,01-07-2019,30-06-2022
GRAHAM HOSPITAL ASSOCIATION,140001,IL,READM-30-HIP-KNEE-HRRP,130,1.0573,15.5835,14.7389,24,01-07-2019,30-06-2022
GRAHAM HOSPITAL ASSOCIATION,140001,IL,READM-30-COPD-HRRP,83,1.111,20.4872,18.4409,24,01-07-2019,30-06-2022
GRAHAM HOSPITAL ASSOCIATION,140001,IL,READM-30-AMI-HRRP,249,1.0441,15.3067,14.6603,41,01-07-2019,30-06-2022
ALTON MEMORIAL HOSPITAL,140002,IL,READM-30-PN-HRRP,226,0.988,18.0463,18.2655,40,01-07-2019,30-06-2022
ALTON MEMORIAL HOSPITAL,140002,IL,READM-30-HIP-KNEE-HRRP,128,0.9637,16.6655,17.2928,19,01-07-2019,30-06-2022
ALTON MEMORIAL HOSPITAL,140002,IL,READM-30-HF-HRRP,296,0.9699,17.6149,18.1624,50,01-07-2019,30-06-2022
ALTON MEMORIAL HOSPITAL,140002,IL,READM-30-CABG-HRRP,485,1.0316,20.1924,19.5737,100,01-07-2019,30-06-2022
ALTON MEMORIAL HOSPITAL,140002,IL,READM-30-AMI-HRRP,137,0.9603,20.9674,21.8346,26,01-07-2019,30-06-2022
PRESENCE SAINT JOSEPH MEDICAL CENTER,140007,IL,READM-30-PN-HRRP,211,0.9145,12.4763,13.643,22,01-07-2019,30-06-2022
PRESENCE SAINT JOSEPH MEDICAL CENTER,140007,IL,READM-30-HIP-KNEE-HRRP,353,0.9472,15.4839,16.3471,51,01-07-2019,30-06-2022
PRESENCE SAINT JOSEPH MEDICAL CENTER,140007,IL,READM-30-HF-HRRP,429,1.084,5.0724,4.6792,23,01-07-2019,30-06-2022
PRESENCE SAINT JOSEPH MEDICAL CENTER,140007,IL,READM-30-COPD-HRRP,607,0.8659,17.1958,19.86,95,01-07-2019,30-06-2022
PRESENCE SAINT JOSEPH MEDICAL CENTER,140007,IL,READM-30-CABG-HRRP,153,0.9886,18.1306,18.3393,27,01-07-2019,30-06-2022
PRESENCE SAINT JOSEPH MEDICAL CENTER,140007,IL,READM-30-AMI-HRRP,317,1.0763,11.3383,10.5345,38,01-07-2019,30-06-2022
LOYOLA GOTTLIEB MEMORIAL HOSPITAL,140008,IL,READM-30-PN-HRRP,396,1.0981,15,13.6595,64,01-07-2019,30-06-2022
LOYOLA GOTTLIEB MEMORIAL HOSPITAL,140008,IL,READM-30-HIP-KNEE-HRRP,105,0.9932,16.6343,16.7475,17,01-07-2019,30-06-2022
LOYOLA GOTTLIEB MEMORIAL HOSPITAL,140008,IL,READM-30-COPD-HRRP,113,1.0137,20.4311,20.1541,24,01-07-2019,30-06-2022
LOYOLA GOTTLIEB MEMORIAL HOSPITAL,140008,IL,READM-30-CABG-HRRP,51,1.0389,22.3582,21.521,14,01-07-2019,30-06-2022
LOYOLA GOTTLIEB MEMORIAL HOSPITAL,140008,IL,READM-30-AMI-HRRP,244,1.0129,16.4468,16.2373,41,01-07-2019,30-06-2022
NORTHSHORE UNIVERSITY HEALTHSYSTEM - EVANSTON HOSPITAL,140010,IL,READM-30-PN-HRRP,282,1.0746,21.685,20.1794,66,01-07-2019,30-06-2022
NORTHSHORE UNIVERSITY HEALTHSYSTEM - EVANSTON HOSPITAL,140010,IL,READM-30-HIP-KNEE-HRRP,147,1.0476,21.6663,20.6809,35,01-07-2019,30-06-2022
NORTHSHORE UNIVERSITY HEALTHSYSTEM - EVANSTON HOSPITAL,140010,IL,READM-30-COPD-HRRP,333,1.1486,16.7303,14.5656,65,01-07-2019,30-06-2022
NORTHSHORE UNIVERSITY HEALTHSYSTEM - EVANSTON HOSPITAL,140010,IL,READM-30-AMI-HRRP,437,1.0363,19.5997,18.9135,88,01-07-2019,30-06-2022
HERRIN HOSPITAL,140011,IL,READM-30-PN-HRRP,95,0.9741,18.6691,19.1663,16,01-07-2019,30-06-2022
HERRIN HOSPITAL,140011,IL,READM-30-HF-HRRP,159,0.9939,11.5014,11.5718,18,01-07-2019,30-06-2022
HERRIN HOSPITAL,140011,IL,READM-30-COPD-HRRP,526,1.0695,16.6275,15.5475,92,01-07-2019,30-06-2022
HERRIN HOSPITAL,140011,IL,READM-30-CABG-HRRP,233,1.2645,4.9064,3.8801,15,01-07-2019,30-06-2022
HERRIN HOSPITAL,140011,IL,READM-30-AMI-HRRP,318,1.0557,20.5629,19.4776,69,01-07-2019,30-06-2022
KATHERINE SHAW BETHEA HOSPITAL,140012,IL,READM-30-PN-HRRP,211,1.1263,20.4747,18.1784,51,01-07-2019,30-06-2022
KATHERINE SHAW BETHEA HOSPITAL,140012,IL,READM-30-HIP-KNEE-HRRP,223,0.9899,16.454,16.6214,36,01-07-2019,30-06-2022
KATHERINE SHAW BETHEA HOSPITAL,140012,IL,READM-30-COPD-HRRP,408,0.998,19.395,19.4337,79,01-07-2019,30-06-2022
KATHERINE SHAW BETHEA HOSPITAL,140012,IL,READM-30-CABG-HRRP,139,1.1514,22.0833,19.1799,40,01-07-2019,30-06-2022
KATHERINE SHAW BETHEA HOSPITAL,140012,IL,READM-30-AMI-HRRP,95,1.0069,14.3832,14.2852,14,01-07-2019,30-06-2022
PROCTOR HOSPITAL,140013,IL,READM-30-PN-HRRP,103,0.9686,15.6848,16.193,14,01-07-2019,30-06-2022
PROCTOR HOSPITAL,140013,IL,READM-30-HIP-KNEE-HRRP,190,0.8695,17.4485,20.0669,24,01-07-2019,30-06-2022
PROCTOR HOSPITAL,140013,IL,READM-30-HF-HRRP,94,1.0434,20.4159,19.5659,22,01-07-2019,30-06-2022
PROCTOR HOSPITAL,140013,IL,READM-30-COPD-HRRP,1104,1.0498,16.0087,15.2498,180,01-07-2019,30-06-2022
PROCTOR HOSPITAL,140013,IL,READM-30-CABG-HRRP,339,1.063,4.1521,3.9062,15,01-07-2019,30-06-2022
PROCTOR HOSPITAL,140013,IL,READM-30-AMI-HRRP,839,1.0585,18.9866,17.9376,163,01-07-2019,30-06-2022
BLESSING HOSPITAL,140015,IL,READM-30-PN-HRRP,221,1.0122,17.7485,17.5345,40,01-07-2019,30-06-2022
BLESSING HOSPITAL,140015,IL,READM-30-HF-HRRP,575,1.0626,11.8456,11.1478,71,01-07-2019,30-06-2022
BLESSING HOSPITAL,140015,IL,READM-30-COPD-HRRP,219,1.0113,14.2734,14.114,32,01-07-2019,30-06-2022
BLESSING HOSPITAL,140015,IL,READM-30-AMI-HRRP,324,1.0975,18.5185,16.8731,66,01-07-2019,30-06-2022
MT SINAI HOSPITAL MEDICAL CENTER,140018,IL,READM-30-PN-HRRP,100,1.038,16.6683,16.0584,19,01-07-2019,30-06-2022
MT SINAI HOSPITAL MEDICAL CENTER,140018,IL,READM-30-HIP-KNEE-HRRP,174,0.9707,14.9355,15.3856,24,01-07-2019,30-06-2022
MT SINAI HOSPITAL MEDICAL CENTER,140018,IL,READM-30-HF-HRRP,241,1.0455,18.7234,17.9092,48,01-07-2019,30-06-2022
MT SINAI HOSPITAL MEDICAL CENTER,140018,IL,READM-30-COPD-HRRP,86,1.1428,19.2161,16.8152,25,01-07-2019,30-06-2022
MT SINAI HOSPITAL MEDICAL CENTER,140018,IL,READM-30-AMI-HRRP,94,1.0452,20.263,19.3864,22,01-07-2019,30-06-2022
HSHS GOOD SHEPHERD HOSPITAL,140019,IL,READM-30-HIP-KNEE-HRRP,169,1.0879,16.7637,15.4086,34,01-07-2019,30-06-2022
HSHS GOOD SHEPHERD HOSPITAL,140019,IL,READM-30-HF-HRRP,219,1.1474,21.8218,19.0186,57,01-07-2019,30-06-2022
HSHS GOOD SHEPHERD HOSPITAL,140019,IL,READM-30-COPD-HRRP,113,1.0503,18.4551,17.5707,24,01-07-2019,30-06-2022
HSHS GOOD SHEPHERD HOSPITAL,140019,IL,READM-30-CABG-HRRP,385,1.1382,18.7285,16.4541,81,01-07-2019,30-06-2022
HSHS GOOD SHEPHERD HOSPITAL,140019,IL,READM-30-AMI-HRRP,406,1.1815,5.035,4.2616,23,01-07-2019,30-06-2022
COPLEY MEMORIAL HOSPITAL,140029,IL,READM-30-PN-HRRP,285,1.0269,20.7802,20.235,61,01-07-2019,30-06-2022
COPLEY MEMORIAL HOSPITAL,140029,IL,READM-30-HIP-KNEE-HRRP,119,1.0691,19.0643,17.8314,27,01-07-2019,30-06-2022
COPLEY MEMORIAL HOSPITAL,140029,IL,READM-30-COPD-HRRP,207,1.0689,15.7335,14.7197,37,01-07-2019,30-06-2022
COPLEY MEMORIAL HOSPITAL,140029,IL,READM-30-CABG-HRRP,217,0.9562,16.529,17.2861,33,01-07-2019,30-06-2022
COPLEY MEMORIAL HOSPITAL,140029,IL,READM-30-AMI-HRRP,98,1.0786,18.582,17.2283,23,01-07-2019,30-06-2022
ADVOCATE SHERMAN HOSPITAL,140030,IL,READM-30-PN-HRRP,286,1.0853,17.2843,15.9256,55,01-07-2019,30-06-2022
ADVOCATE SHERMAN HOSPITAL,140030,IL,READM-30-HIP-KNEE-HRRP,291,1.1607,4.0352,3.4765,14,01-07-2019,30-06-2022
ADVOCATE SHERMAN HOSPITAL,140030,IL,READM-30-HF-HRRP,241,1.1411,22.4491,19.6726,63,01-07-2019,30-06-2022
ADVOCATE SHERMAN HOSPITAL,140030,IL,READM-30-COPD-HRRP,149,1.0531,17.2756,16.4047,29,01-07-2019,30-06-2022
ADVOCATE SHERMAN HOSPITAL,140030,IL,READM-30-CABG-HRRP,174,0.9467,14.7413,15.5706,22,01-07-2019,30-06-2022
ST ANTHONYS MEMORIAL HOSPITAL,140032,IL,READM-30-PN-HRRP,338,0.9549,18.3479,19.2145,59,01-07-2019,30-06-2022
ST ANTHONYS MEMORIAL HOSPITAL,140032,IL,READM-30-HIP-KNEE-HRRP,98,0.9753,19.0186,19.5007,17,01-07-2019,30-06-2022
ST ANTHONYS MEMORIAL HOSPITAL,140032,IL,READM-30-HF-HRRP,139,1.0277,20.1766,19.6319,30,01-07-2019,30-06-2022
ST ANTHONYS MEMORIAL HOSPITAL,140032,IL,READM-30-CABG-HRRP,452,1.0783,23.1968,21.512,110,01-07-2019,30-06-2022
ST ANTHONYS MEMORIAL HOSPITAL,140032,IL,READM-30-AMI-HRRP,95,1.0055,20.6732,20.5611,20,01-07-2019,30-06-2022
SSM HEALTH ST MARY'S HOSPITAL -CENTRALIA,140034,IL,READM-30-PN-HRRP,82,0.984,16.8673,17.1412,13,01-07-2019,30-06-2022
SSM HEALTH ST MARY'S HOSPITAL -CENTRALIA,140034,IL,READM-30-HIP-KNEE-HRRP,616,1.0857,17.2701,15.9072,112,01-07-2019,30-06-2022
SSM HEALTH ST MARY'S HOSPITAL -CENTRALIA,140034,IL,READM-30-HF-HRRP,380,1.1387,5.2632,4.622,22,01-07-2019,30-06-2022
SSM HEALTH ST MARY'S HOSPITAL -CENTRALIA,140034,IL,READM-30-COPD-HRRP,733,1.133,21.6435,19.1035,167,01-07-2019,30-06-2022
SSM HEALTH ST MARY'S HOSPITAL -CENTRALIA,140034,IL,READM-30-CABG-HRRP,192,1.0361,18.582,17.9354,38,01-07-2019,30-06-2022
SSM HEALTH ST MARY'S HOSPITAL -CENTRALIA,140034,IL,READM-30-AMI-HRRP,208,1.0617,14.4532,13.6128,33,01-07-2019,30-06-2022
CGH MEDICAL CENTER,140043,IL,READM-30-PN-HRRP,123,1.017,13.9667,13.7334,18,01-07-2019,30-06-2022
CGH MEDICAL CENTER,140043,IL,READM-30-HIP-KNEE-HRRP,653,1.1511,19.1823,16.664,135,01-07-2019,30-06-2022
CGH MEDICAL CENTER,140043,IL,READM-30-HF-HRRP,254,1.0132,4.6457,4.5853,12,01-07-2019,30-06-2022
CGH MEDICAL CENTER,140043,IL,READM-30-COPD-HRRP,970,1.0063,20.4721,20.3439,199,01-07-2019,30-06-2022
CGH MEDICAL CENTER,140043,IL,READM-30-CABG-HRRP,204,1.0401,20.7654,19.9651,45,01-07-2019,30-06-2022
CGH MEDICAL CENTER,140043,IL,READM-30-AMI-HRRP,134,0.9262,15.8467,17.1102,16,01-07-2019,30-06-2022
GOOD SAMARITAN REGIONAL HLTH CENTER,140046,IL,READM-30-HIP-KNEE-HRRP,248,1.1723,23.4501,20.0032,69,01-07-2019,30-06-2022
GOOD SAMARITAN REGIONAL HLTH CENTER,140046,IL,READM-30-COPD-HRRP,250,1.1201,13.8855,12.397,38,01-07-2019,30-06-2022
GOOD SAMARITAN REGIONAL HLTH CENTER,140046,IL,READM-30-CABG-HRRP,312,1.1761,18.4867,15.7184,66,01-07-2019,30-06-2022
GOOD SAMARITAN REGIONAL HLTH CENTER,140046,IL,READM-30-AMI-HRRP,552,0.9069,16.0701,17.7199,82,01-07-2019,30-06-2022
ADVOCATE TRINITY HOSPITAL,140048,IL,READM-30-HIP-KNEE-HRRP,769,1.061,21.4582,20.2248,169,01-07-2019,30-06-2022
ADVOCATE TRINITY HOSPITAL,140048,IL,READM-30-HF-HRRP,154,0.9655,19.0152,19.6943,27,01-07-2019,30-06-2022
ADVOCATE TRINITY HOSPITAL,140048,IL,READM-30-CABG-HRRP,167,0.9938,15.2218,15.317,25,01-07-2019,30-06-2022
WEST SUBURBAN MEDICAL CENTER,140049,IL,READM-30-PN-HRRP,162,1.0811,20.2706,18.7508,38,01-07-2019,30-06-2022
WEST SUBURBAN MEDICAL CENTER,140049,IL,READM-30-HIP-KNEE-HRRP,73,1.0375,18.6701,17.9954,16,01-07-2019,30-06-2022
WEST SUBURBAN MEDICAL CENTER,140049,IL,READM-30-HF-HRRP,172,0.9834,16.3636,16.6401,27,01-07-2019,30-06-2022
WEST SUBURBAN MEDICAL CENTER,140049,IL,READM-30-CABG-HRRP,269,1.0509,21.0712,20.0512,60,01-07-2019,30-06-2022
WEST SUBURBAN MEDICAL CENTER,140049,IL,READM-30-AMI-HRRP,196,1.1453,21.479,18.7534,51,01-07-2019,30-06-2022
OSF SAINT ANTHONY'S HEALTH CENTER,140052,IL,READM-30-HIP-KNEE-HRRP,577,1.1317,18.966,16.7588,118,01-07-2019,30-06-2022
OSF SAINT ANTHONY'S HEALTH CENTER,140052,IL,READM-30-HF-HRRP,417,1.1412,4.7919,4.1991,22,01-07-2019,30-06-2022
OSF SAINT ANTHONY'S HEALTH CENTER,140052,IL,READM-30-COPD-HRRP,563,0.9244,18.1429,19.6272,97,01-07-2019,30-06-2022
OSF SAINT ANTHONY'S HEALTH CENTER,140052,IL,READM-30-CABG-HRRP,246,0.9254,17.4868,18.8971,38,01-07-2019,30-06-2022
OSF SAINT ANTHONY'S HEALTH CENTER,140052,IL,READM-30-AMI-HRRP,167,1.0232,12.5172,12.2334,22,01-07-2019,30-06-2022
ST JOHNS HOSPITAL,140053,IL,READM-30-PN-HRRP,528,1.0748,18.5576,17.2664,103,01-07-2019,30-06-2022
ST JOHNS HOSPITAL,140053,IL,READM-30-HF-HRRP,816,1.1011,21.7548,19.7573,184,01-07-2019,30-06-2022
ST JOHNS HOSPITAL,140053,IL,READM-30-COPD-HRRP,305,1.0653,19.6385,18.4353,64,01-07-2019,30-06-2022
ST JOHNS HOSPITAL,140053,IL,READM-30-CABG-HRRP,222,1.2583,17.7708,14.1233,51,01-07-2019,30-06-2022
ST JOHNS HOSPITAL,140053,IL,READM-30-AMI-HRRP,122,1.0761,16.4623,15.2985,25,01-07-2019,30-06-2022
MACNEAL  HOSPITAL,140054,IL,READM-30-PN-HRRP,209,1.0012,17.1885,17.168,36,01-07-2019,30-06-2022
MACNEAL  HOSPITAL,140054,IL,READM-30-HF-HRRP,200,1.1613,19.3214,16.6372,49,01-07-2019,30-06-2022
MACNEAL  HOSPITAL,140054,IL,READM-30-CABG-HRRP,344,0.9365,18.4013,19.6487,59,01-07-2019,30-06-2022
MACNEAL  HOSPITAL,140054,IL,READM-30-AMI-HRRP,123,1.068,20.0956,18.8156,29,01-07-2019,30-06-2022
JERSEY COMMUNITY HOSPITAL,140059,IL,READM-30-HIP-KNEE-HRRP,411,1.0439,17.5293,16.7914,75,01-07-2019,30-06-2022
JERSEY COMMUNITY HOSPITAL,140059,IL,READM-30-COPD-HRRP,556,1.1056,21.4551,19.4058,126,01-07-2019,30-06-2022
JERSEY COMMUNITY HOSPITAL,140059,IL,READM-30-CABG-HRRP,177,1.1061,21.0792,19.0567,44,01-07-2019,30-06-2022
JERSEY COMMUNITY HOSPITAL,140059,IL,READM-30-AMI-HRRP,114,1.027,14.6285,14.2442,18,01-07-2019,30-06-2022
PALOS COMMUNITY HOSPITAL,140062,IL,READM-30-PN-HRRP,859,0.9491,17.5379,18.4792,147,01-07-2019,30-06-2022
PALOS COMMUNITY HOSPITAL,140062,IL,READM-30-HIP-KNEE-HRRP,284,0.9424,5.2563,5.5779,14,01-07-2019,30-06-2022
PALOS COMMUNITY HOSPITAL,140062,IL,READM-30-HF-HRRP,1579,1.0175,21.7115,21.3385,344,01-07-2019,30-06-2022
PALOS COMMUNITY HOSPITAL,140062,IL,READM-30-COPD-HRRP,304,1.0336,21.9564,21.2431,69,01-07-2019,30-06-2022
PALOS COMMUNITY HOSPITAL,140062,IL,READM-30-CABG-HRRP,296,0.9821,10.9842,11.1848,32,01-07-2019,30-06-2022
PALOS COMMUNITY HOSPITAL,140062,IL,READM-30-AMI-HRRP,547,1.1698,16.1168,13.7775,96,01-07-2019,30-06-2022
RUSH OAK PARK HOSPITAL,140063,IL,READM-30-PN-HRRP,279,1.049,17.4563,16.6408,52,01-07-2019,30-06-2022
RUSH OAK PARK HOSPITAL,140063,IL,READM-30-HIP-KNEE-HRRP,162,1.3523,5.1802,3.8306,13,01-07-2019,30-06-2022
RUSH OAK PARK HOSPITAL,140063,IL,READM-30-HF-HRRP,382,1.1069,21.0077,18.9793,87,01-07-2019,30-06-2022
RUSH OAK PARK HOSPITAL,140063,IL,READM-30-COPD-HRRP,211,0.9885,19.3152,19.5392,40,01-07-2019,30-06-2022
RUSH OAK PARK HOSPITAL,140063,IL,READM-30-CABG-HRRP,1172,0.9971,16.7406,16.7894,196,01-07-2019,30-06-2022
RUSH OAK PARK HOSPITAL,140063,IL,READM-30-AMI-HRRP,256,1.0413,5.6144,5.392,15,01-07-2019,30-06-2022
ST MARY MEDICAL CENTER,140064,IL,READM-30-PN-HRRP,1464,1.0075,20.5257,20.3721,301,01-07-2019,30-06-2022
ST MARY MEDICAL CENTER,140064,IL,READM-30-HIP-KNEE-HRRP,630,1.1129,21.8893,19.6693,145,01-07-2019,30-06-2022
ST MARY MEDICAL CENTER,140064,IL,READM-30-HF-HRRP,194,0.8629,9.8817,11.4511,15,01-07-2019,30-06-2022
ST MARY MEDICAL CENTER,140064,IL,READM-30-COPD-HRRP,538,0.9362,12.3031,13.1419,63,01-07-2019,30-06-2022
ST MARY MEDICAL CENTER,140064,IL,READM-30-CABG-HRRP,667,1.0468,17.6697,16.8792,121,01-07-2019,30-06-2022
ST MARY MEDICAL CENTER,140064,IL,READM-30-AMI-HRRP,719,1.0816,5.1173,4.7311,38,01-07-2019,30-06-2022
ADVENTIST LA GRANGE MEMORIAL HOSPITAL,140065,IL,READM-30-PN-HRRP,1520,1.0007,20.1283,20.1134,306,01-07-2019,30-06-2022
ADVENTIST LA GRANGE MEMORIAL HOSPITAL,140065,IL,READM-30-HIP-KNEE-HRRP,324,1.1574,24.9511,21.5587,91,01-07-2019,30-06-2022
ADVENTIST LA GRANGE MEMORIAL HOSPITAL,140065,IL,READM-30-HF-HRRP,245,1.204,13.7441,11.4152,39,01-07-2019,30-06-2022
ADVENTIST LA GRANGE MEMORIAL HOSPITAL,140065,IL,READM-30-COPD-HRRP,905,1.1285,15.3602,13.6114,145,01-07-2019,30-06-2022
ADVENTIST LA GRANGE MEMORIAL HOSPITAL,140065,IL,READM-30-CABG-HRRP,552,1.0847,17.1139,15.7769,100,01-07-2019,30-06-2022
ADVENTIST LA GRANGE MEMORIAL HOSPITAL,140065,IL,READM-30-AMI-HRRP,210,1.1701,4.5799,3.9141,12,01-07-2019,30-06-2022
SAINT FRANCIS MEDICAL CENTER,140067,IL,READM-30-PN-HRRP,563,1.0977,20.7456,18.8986,123,01-07-2019,30-06-2022
SAINT FRANCIS MEDICAL CENTER,140067,IL,READM-30-HIP-KNEE-HRRP,178,1.0161,17.9669,17.6824,33,01-07-2019,30-06-2022
SAINT FRANCIS MEDICAL CENTER,140067,IL,READM-30-COPD-HRRP,413,0.9581,14.2437,14.8669,56,01-07-2019,30-06-2022
SAINT FRANCIS MEDICAL CENTER,140067,IL,READM-30-AMI-HRRP,416,0.9778,18.3804,18.7984,75,01-07-2019,30-06-2022
ROSELAND COMMUNITY HOSPITAL,140068,IL,READM-30-HIP-KNEE-HRRP,200,1.0039,16.3661,16.3018,33,01-07-2019,30-06-2022
ROSELAND COMMUNITY HOSPITAL,140068,IL,READM-30-HF-HRRP,291,1.0177,4.0326,3.9626,12,01-07-2019,30-06-2022
ROSELAND COMMUNITY HOSPITAL,140068,IL,READM-30-COPD-HRRP,250,1.0281,18.878,18.3619,49,01-07-2019,30-06-2022
ROSELAND COMMUNITY HOSPITAL,140068,IL,READM-30-CABG-HRRP,54,1.0432,19.0277,18.2394,13,01-07-2019,30-06-2022
ROSELAND COMMUNITY HOSPITAL,140068,IL,READM-30-AMI-HRRP,406,1.0461,18.1904,17.389,77,01-07-2019,30-06-2022
TOUCHETTE REGIONAL HOSPITAL INC,140077,IL,READM-30-PN-HRRP,240,1.075,5.3624,4.9883,14,01-07-2019,30-06-2022
TOUCHETTE REGIONAL HOSPITAL INC,140077,IL,READM-30-HIP-KNEE-HRRP,1031,1.1267,23.0716,20.4763,246,01-07-2019,30-06-2022
TOUCHETTE REGIONAL HOSPITAL INC,140077,IL,READM-30-HF-HRRP,159,0.94,18.2437,19.4088,25,01-07-2019,30-06-2022
TOUCHETTE REGIONAL HOSPITAL INC,140077,IL,READM-30-COPD-HRRP,271,0.9514,9.7344,10.2321,25,01-07-2019,30-06-2022
TOUCHETTE REGIONAL HOSPITAL INC,140077,IL,READM-30-CABG-HRRP,447,1.0168,14.1332,13.8996,64,01-07-2019,30-06-2022
TOUCHETTE REGIONAL HOSPITAL INC,140077,IL,READM-30-AMI-HRRP,3383,0.6478,2.4088,3.7183,75,01-07-2019,30-06-2022
PRESENCE SAINT FRANCIS HOSPITAL,140080,IL,READM-30-PN-HRRP,516,1.1223,18.232,16.2454,102,01-07-2019,30-06-2022
PRESENCE SAINT FRANCIS HOSPITAL,140080,IL,READM-30-HF-HRRP,566,1.2138,22.0967,18.205,138,01-07-2019,30-06-2022
PRESENCE SAINT FRANCIS HOSPITAL,140080,IL,READM-30-COPD-HRRP,281,1.0787,20.2889,18.8087,62,01-07-2019,30-06-2022
PRESENCE SAINT FRANCIS HOSPITAL,140080,IL,READM-30-AMI-HRRP,151,0.983,15.3291,15.5944,22,01-07-2019,30-06-2022
LOUIS A WEISS MEMORIAL HOSPITAL,140082,IL,READM-30-HIP-KNEE-HRRP,181,1.007,19.6337,19.4968,36,01-07-2019,30-06-2022
LOUIS A WEISS MEMORIAL HOSPITAL,140082,IL,READM-30-HF-HRRP,93,1.1013,21.1076,19.1657,26,01-07-2019,30-06-2022
LOUIS A WEISS MEMORIAL HOSPITAL,140082,IL,READM-30-COPD-HRRP,91,1.0594,17.6388,16.6496,20,01-07-2019,30-06-2022
LOUIS A WEISS MEMORIAL HOSPITAL,140082,IL,READM-30-AMI-HRRP,104,1.0512,21.771,20.7103,26,01-07-2019,30-06-2022
LORETTO HOSPITAL,140083,IL,READM-30-HIP-KNEE-HRRP,1472,1.1395,18.8828,16.571,287,01-07-2019,30-06-2022
LORETTO HOSPITAL,140083,IL,READM-30-HF-HRRP,273,0.9744,4.5412,4.6603,12,01-07-2019,30-06-2022
LORETTO HOSPITAL,140083,IL,READM-30-COPD-HRRP,1401,1.0459,20.6282,19.7233,292,01-07-2019,30-06-2022
LORETTO HOSPITAL,140083,IL,READM-30-CABG-HRRP,485,1.0149,18.7717,18.497,92,01-07-2019,30-06-2022
LORETTO HOSPITAL,140083,IL,READM-30-AMI-HRRP,283,1.0527,14.3007,13.5843,43,01-07-2019,30-06-2022
VISTA MEDICAL CENTER EAST,140084,IL,READM-30-PN-HRRP,425,1.0579,15.5831,14.7298,70,01-07-2019,30-06-2022
VISTA MEDICAL CENTER EAST,140084,IL,READM-30-HIP-KNEE-HRRP,487,1.2459,5.8693,4.711,32,01-07-2019,30-06-2022
VISTA MEDICAL CENTER EAST,140084,IL,READM-30-HF-HRRP,727,1.0138,18.7221,18.4677,137,01-07-2019,30-06-2022
VISTA MEDICAL CENTER EAST,140084,IL,READM-30-COPD-HRRP,150,1.0006,19.3066,19.2948,29,01-07-2019,30-06-2022
VISTA MEDICAL CENTER EAST,140084,IL,READM-30-CABG-HRRP,485,1.0987,16.2251,14.7671,85,01-07-2019,30-06-2022
THE UNIVERSITY OF CHICAGO MEDICAL CENTER,140088,IL,READM-30-PN-HRRP,533,1.1894,21.6609,18.2112,127,01-07-2019,30-06-2022
THE UNIVERSITY OF CHICAGO MEDICAL CENTER,140088,IL,READM-30-HIP-KNEE-HRRP,178,1.0003,16.2815,16.2766,29,01-07-2019,30-06-2022
THE UNIVERSITY OF CHICAGO MEDICAL CENTER,140088,IL,READM-30-HF-HRRP,284,1.096,15.8059,14.422,51,01-07-2019,30-06-2022
THE UNIVERSITY OF CHICAGO MEDICAL CENTER,140088,IL,READM-30-COPD-HRRP,846,1.0256,4.0918,3.9895,35,01-07-2019,30-06-2022
THE UNIVERSITY OF CHICAGO MEDICAL CENTER,140088,IL,READM-30-CABG-HRRP,444,1.0693,19.504,18.2406,91,01-07-2019,30-06-2022
THE UNIVERSITY OF CHICAGO MEDICAL CENTER,140088,IL,READM-30-AMI-HRRP,112,1.0217,17.533,17.1614,21,01-07-2019,30-06-2022
MC DONOUGH DISTRICT HOSPITAL,140089,IL,READM-30-PN-HRRP,401,1.1418,22.3046,19.5353,99,01-07-2019,30-06-2022
MC DONOUGH DISTRICT HOSPITAL,140089,IL,READM-30-HIP-KNEE-HRRP,420,0.9446,5.2123,5.5178,21,01-07-2019,30-06-2022
MC DONOUGH DISTRICT HOSPITAL,140089,IL,READM-30-HF-HRRP,1044,1.0117,21.5718,21.3214,226,01-07-2019,30-06-2022
MC DONOUGH DISTRICT HOSPITAL,140089,IL,READM-30-COPD-HRRP,159,0.9684,19.5814,20.2196,29,01-07-2019,30-06-2022
MC DONOUGH DISTRICT HOSPITAL,140089,IL,READM-30-CABG-HRRP,300,1.0993,12.1009,11.0076,39,01-07-2019,30-06-2022
MC DONOUGH DISTRICT HOSPITAL,140089,IL,READM-30-AMI-HRRP,534,1.1762,16.4498,13.9851,96,01-07-2019,30-06-2022
CARLE FOUNDATION HOSPITAL,140091,IL,READM-30-PN-HRRP,495,1.0599,17.3717,16.3892,90,01-07-2019,30-06-2022
CARLE FOUNDATION HOSPITAL,140091,IL,READM-30-HIP-KNEE-HRRP,362,1.2737,4.7878,3.759,21,01-07-2019,30-06-2022
CARLE FOUNDATION HOSPITAL,140091,IL,READM-30-HF-HRRP,628,1.0836,21.1179,19.4885,138,01-07-2019,30-06-2022
CARLE FOUNDATION HOSPITAL,140091,IL,READM-30-COPD-HRRP,196,1.0013,17.3036,17.2804,34,01-07-2019,30-06-2022
CARLE FOUNDATION HOSPITAL,140091,IL,READM-30-CABG-HRRP,169,1.0039,12.9052,12.8549,22,01-07-2019,30-06-2022
CARLE FOUNDATION HOSPITAL,140091,IL,READM-30-AMI-HRRP,164,1.1046,20.6857,18.7263,41,01-07-2019,30-06-2022
OSF SACRED HEART MEDICAL CENTER,140093,IL,READM-30-HIP-KNEE-HRRP,357,1.1399,24.3527,21.3637,96,01-07-2019,30-06-2022
OSF SACRED HEART MEDICAL CENTER,140093,IL,READM-30-HF-HRRP,88,1.0611,22.7169,21.4094,24,01-07-2019,30-06-2022
OSF SACRED HEART MEDICAL CENTER,140093,IL,READM-30-COPD-HRRP,137,1.0917,12.7622,11.6903,20,01-07-2019,30-06-2022
OSF SACRED HEART MEDICAL CENTER,140093,IL,READM-30-CABG-HRRP,156,1.0713,16.3657,15.277,29,01-07-2019,30-06-2022
OSF SACRED HEART MEDICAL CENTER,140093,IL,READM-30-AMI-HRRP,248,1.038,17.1167,16.4905,45,01-07-2019,30-06-2022
SAINT ANTHONY HOSPITAL,140095,IL,READM-30-HIP-KNEE-HRRP,413,1.0051,20.499,20.3955,85,01-07-2019,30-06-2022
SAINT ANTHONY HOSPITAL,140095,IL,READM-30-HF-HRRP,90,0.9994,20.0423,20.0539,18,01-07-2019,30-06-2022
SAINT ANTHONY HOSPITAL,140095,IL,READM-30-COPD-HRRP,76,1.0835,16.5602,15.2843,18,01-07-2019,30-06-2022
SAINT ANTHONY HOSPITAL,140095,IL,READM-30-AMI-HRRP,78,1.0297,21.7953,21.1663,19,01-07-2019,30-06-2022
"MIDWESTERN REGION MED CENTER, INC",140100,IL,READM-30-PN-HRRP,41,1.0782,17.7117,16.4277,12,01-07-2019,30-06-2022
"MIDWESTERN REGION MED CENTER, INC",140100,IL,READM-30-HIP-KNEE-HRRP,505,1.1134,17.1688,15.4195,94,01-07-2019,30-06-2022
"MIDWESTERN REGION MED CENTER, INC",140100,IL,READM-30-COPD-HRRP,403,1.0047,18.2875,18.2028,74,01-07-2019,30-06-2022
"MIDWESTERN REGION MED CENTER, INC",140100,IL,READM-30-CABG-HRRP,174,0.9619,16.3671,17.0151,26,01-07-2019,30-06-2022
MORRIS HOSPITAL & HEALTHCARE CENTERS,140101,IL,READM-30-PN-HRRP,710,1.0298,18.3035,17.7731,132,01-07-2019,30-06-2022
MORRIS HOSPITAL & HEALTHCARE CENTERS,140101,IL,READM-30-HIP-KNEE-HRRP,205,1.3099,6.2589,4.778,17,01-07-2019,30-06-2022
MORRIS HOSPITAL & HEALTHCARE CENTERS,140101,IL,READM-30-HF-HRRP,840,0.9836,20.7277,21.0723,173,01-07-2019,30-06-2022
MORRIS HOSPITAL & HEALTHCARE CENTERS,140101,IL,READM-30-COPD-HRRP,311,1.0521,21.7308,20.6545,71,01-07-2019,30-06-2022
MORRIS HOSPITAL & HEALTHCARE CENTERS,140101,IL,READM-30-CABG-HRRP,154,0.9516,11.3045,11.8801,16,01-07-2019,30-06-2022
MORRIS HOSPITAL & HEALTHCARE CENTERS,140101,IL,READM-30-AMI-HRRP,533,1.0461,14.5928,13.9498,80,01-07-2019,30-06-2022
ST BERNARD HOSPITAL,140103,IL,READM-30-PN-HRRP,526,1.0587,17.1311,16.182,94,01-07-2019,30-06-2022
ST BERNARD HOSPITAL,140103,IL,READM-30-HIP-KNEE-HRRP,322,1.0467,5.0602,4.8343,17,01-07-2019,30-06-2022
ST BERNARD HOSPITAL,140103,IL,READM-30-HF-HRRP,1026,1.0644,20.3571,19.1259,213,01-07-2019,30-06-2022
ST BERNARD HOSPITAL,140103,IL,READM-30-COPD-HRRP,161,1.1037,19.0601,17.2692,37,01-07-2019,30-06-2022
ST BERNARD HOSPITAL,140103,IL,READM-30-CABG-HRRP,207,1.1105,12.0973,10.8933,28,01-07-2019,30-06-2022
ST BERNARD HOSPITAL,140103,IL,READM-30-AMI-HRRP,449,0.9721,12.5527,12.9125,55,01-07-2019,30-06-2022
OSF SAINT ELIZABETH MDL CTR,140110,IL,READM-30-PN-HRRP,242,0.9744,16.4323,16.8645,38,01-07-2019,30-06-2022
OSF SAINT ELIZABETH MDL CTR,140110,IL,READM-30-HF-HRRP,330,1.1146,22.3105,20.0168,81,01-07-2019,30-06-2022
OSF SAINT ELIZABETH MDL CTR,140110,IL,READM-30-COPD-HRRP,118,1.0279,21.318,20.739,27,01-07-2019,30-06-2022
OSF SAINT ELIZABETH MDL CTR,140110,IL,READM-30-CABG-HRRP,77,1.0522,13.6821,13.0032,13,01-07-2019,30-06-2022
OSF SAINT ELIZABETH MDL CTR,140110,IL,READM-30-AMI-HRRP,295,0.9679,16.3461,16.8881,46,01-07-2019,30-06-2022
OSF HEART OF MARY MEDICAL CENTER,140113,IL,READM-30-HIP-KNEE-HRRP,429,1.0319,21.4174,20.7546,94,01-07-2019,30-06-2022
OSF HEART OF MARY MEDICAL CENTER,140113,IL,READM-30-HF-HRRP,108,1.0465,20.3641,19.4592,25,01-07-2019,30-06-2022
OSF HEART OF MARY MEDICAL CENTER,140113,IL,READM-30-CABG-HRRP,102,1.1236,14.9679,13.3215,21,01-07-2019,30-06-2022
SWEDISH HOSPITAL,140114,IL,READM-30-HIP-KNEE-HRRP,349,0.9972,17.2465,17.2942,60,01-07-2019,30-06-2022
SWEDISH HOSPITAL,140114,IL,READM-30-COPD-HRRP,571,1.1057,23.1388,20.9275,139,01-07-2019,30-06-2022
SWEDISH HOSPITAL,140114,IL,READM-30-CABG-HRRP,202,0.9577,20.233,21.126,38,01-07-2019,30-06-2022
SWEDISH HOSPITAL,140114,IL,READM-30-AMI-HRRP,127,1.1272,17.9931,15.962,29,01-07-2019,30-06-2022
THOREK MEMORIAL HOSPITAL,140115,IL,READM-30-HF-HRRP,169,0.9665,15.5504,16.089,24,01-07-2019,30-06-2022
THOREK MEMORIAL HOSPITAL,140115,IL,READM-30-CABG-HRRP,180,0.9638,19.6959,20.4347,33,01-07-2019,30-06-2022
NORTHWESTERN MEDICINE MCHENRY,140116,IL,READM-30-AMI-HRRP,378,0.9268,15.1022,16.295,52,01-07-2019,30-06-2022
AMITA HEALTH RESURRECTION MEDICAL CENTER,140117,IL,READM-30-HIP-KNEE-HRRP,413,0.9447,18.576,19.6626,73,01-07-2019,30-06-2022
AMITA HEALTH RESURRECTION MEDICAL CENTER,140117,IL,READM-30-HF-HRRP,148,1.0184,18.8035,18.4632,29,01-07-2019,30-06-2022
AMITA HEALTH RESURRECTION MEDICAL CENTER,140117,IL,READM-30-CABG-HRRP,239,0.9073,10.7055,11.7999,21,01-07-2019,30-06-2022
AMITA HEALTH RESURRECTION MEDICAL CENTER,140117,IL,READM-30-AMI-HRRP,489,0.9942,18.0791,18.1847,88,01-07-2019,30-06-2022
RUSH UNIVERSITY MEDICAL CENTER,140119,IL,READM-30-PN-HRRP,289,0.9105,4.3077,4.7313,11,01-07-2019,30-06-2022
RUSH UNIVERSITY MEDICAL CENTER,140119,IL,READM-30-HIP-KNEE-HRRP,1020,1.0189,21.9338,21.5261,225,01-07-2019,30-06-2022
RUSH UNIVERSITY MEDICAL CENTER,140119,IL,READM-30-HF-HRRP,282,1.0456,21.6321,20.6882,64,01-07-2019,30-06-2022
RUSH UNIVERSITY MEDICAL CENTER,140119,IL,READM-30-CABG-HRRP,197,1.0776,17.8402,16.5551,39,01-07-2019,30-06-2022
RUSH UNIVERSITY MEDICAL CENTER,140119,IL,READM-30-AMI-HRRP,450,1.1094,20.1472,18.1601,98,01-07-2019,30-06-2022
PEKIN MEMORIAL HOSPITAL,140120,IL,READM-30-PN-HRRP,108,1.2639,6.8115,5.3895,11,01-07-2019,30-06-2022
PEKIN MEMORIAL HOSPITAL,140120,IL,READM-30-HIP-KNEE-HRRP,638,1.1947,26.5584,22.2304,182,01-07-2019,30-06-2022
PEKIN MEMORIAL HOSPITAL,140120,IL,READM-30-HF-HRRP,272,0.993,21.8671,22.0222,59,01-07-2019,30-06-2022
PEKIN MEMORIAL HOSPITAL,140120,IL,READM-30-COPD-HRRP,109,1.0579,13.2036,12.4806,16,01-07-2019,30-06-2022
PEKIN MEMORIAL HOSPITAL,140120,IL,READM-30-CABG-HRRP,217,1.1654,19.3877,16.6366,50,01-07-2019,30-06-2022
PEKIN MEMORIAL HOSPITAL,140120,IL,READM-30-AMI-HRRP,300,0.9259,14.7152,15.8937,39,01-07-2019,30-06-2022
ADVENTIST HINSDALE HOSPITAL,140122,IL,READM-30-HIP-KNEE-HRRP,480,0.936,18.4013,19.6596,84,01-07-2019,30-06-2022
ADVENTIST HINSDALE HOSPITAL,140122,IL,READM-30-HF-HRRP,115,0.9461,17.8885,18.9081,17,01-07-2019,30-06-2022
ADVENTIST HINSDALE HOSPITAL,140122,IL,READM-30-CABG-HRRP,164,1.0101,13.12,12.9893,22,01-07-2019,30-06-2022
ADVENTIST HINSDALE HOSPITAL,140122,IL,READM-30-AMI-HRRP,111,1.029,16.2653,15.8066,20,01-07-2019,30-06-2022
JOHN H STROGER JR HOSPITAL,140124,IL,READM-30-HIP-KNEE-HRRP,122,1.0191,17.8524,17.5179,23,01-07-2019,30-06-2022
JOHN H STROGER JR HOSPITAL,140124,IL,READM-30-HF-HRRP,78,1.0267,17.0828,16.6386,15,01-07-2019,30-06-2022
JOHN H STROGER JR HOSPITAL,140124,IL,READM-30-COPD-HRRP,114,1.0364,22.2483,21.4672,28,01-07-2019,30-06-2022
JOHN H STROGER JR HOSPITAL,140124,IL,READM-30-AMI-HRRP,257,1.0733,26.0449,24.266,72,01-07-2019,30-06-2022
GATEWAY REGIONAL MEDICAL CENTER,140125,IL,READM-30-PN-HRRP,122,1.0711,25.5477,23.8523,36,01-07-2019,30-06-2022
GATEWAY REGIONAL MEDICAL CENTER,140125,IL,READM-30-HIP-KNEE-HRRP,84,0.9415,18.0606,19.1822,12,01-07-2019,30-06-2022
GATEWAY REGIONAL MEDICAL CENTER,140125,IL,READM-30-HF-HRRP,415,1.1087,19.7022,17.7712,89,01-07-2019,30-06-2022
GATEWAY REGIONAL MEDICAL CENTER,140125,IL,READM-30-COPD-HRRP,155,1.1834,5.4237,4.5831,11,01-07-2019,30-06-2022
GATEWAY REGIONAL MEDICAL CENTER,140125,IL,READM-30-CABG-HRRP,540,0.9762,21.0425,21.5549,112,01-07-2019,30-06-2022
GATEWAY REGIONAL MEDICAL CENTER,140125,IL,READM-30-AMI-HRRP,183,1.0123,21.4052,21.1451,40,01-07-2019,30-06-2022
CARLE BROMENN MEDICAL CENTER,140127,IL,READM-30-HIP-KNEE-HRRP,264,1.0561,16.749,15.86,47,01-07-2019,30-06-2022
CARLE BROMENN MEDICAL CENTER,140127,IL,READM-30-HF-HRRP,126,1.01,19.2749,19.0837,25,01-07-2019,30-06-2022
CARLE BROMENN MEDICAL CENTER,140127,IL,READM-30-COPD-HRRP,127,1.0579,22.1712,20.9581,32,01-07-2019,30-06-2022
CARLE BROMENN MEDICAL CENTER,140127,IL,READM-30-CABG-HRRP,62,1.0607,21.0544,19.8498,17,01-07-2019,30-06-2022
CARLE BROMENN MEDICAL CENTER,140127,IL,READM-30-AMI-HRRP,166,0.9413,17.595,18.6932,25,01-07-2019,30-06-2022
NORTHWESTERN LAKE FOREST HOSPITAL,140130,IL,READM-30-HIP-KNEE-HRRP,112,1.0185,22.0981,21.6971,26,01-07-2019,30-06-2022
NORTHWESTERN LAKE FOREST HOSPITAL,140130,IL,READM-30-HF-HRRP,43,1.0291,21.0125,20.4185,11,01-07-2019,30-06-2022
NORTHWESTERN LAKE FOREST HOSPITAL,140130,IL,READM-30-CABG-HRRP,112,0.9995,15.2099,15.2178,17,01-07-2019,30-06-2022
NORTHWESTERN LAKE FOREST HOSPITAL,140130,IL,READM-30-AMI-HRRP,106,1.0185,19.6183,19.2615,22,01-07-2019,30-06-2022
HOLY CROSS HOSPITAL,140133,IL,READM-30-PN-HRRP,67,1.0234,17.2375,16.8432,13,01-07-2019,30-06-2022
HOLY CROSS HOSPITAL,140133,IL,READM-30-HIP-KNEE-HRRP,169,0.876,14.1092,16.1067,15,01-07-2019,30-06-2022
HOLY CROSS HOSPITAL,140133,IL,READM-30-COPD-HRRP,204,0.9577,18.5487,19.3677,35,01-07-2019,30-06-2022
DECATUR MEMORIAL HOSPITAL,140135,IL,READM-30-PN-HRRP,55,1.018,17.9081,17.5919,11,01-07-2019,30-06-2022
DECATUR MEMORIAL HOSPITAL,140135,IL,READM-30-HF-HRRP,429,0.8885,15.1558,17.0581,57,01-07-2019,30-06-2022
DECATUR MEMORIAL HOSPITAL,140135,IL,READM-30-CABG-HRRP,927,0.8341,16.8107,20.1548,144,01-07-2019,30-06-2022
DECATUR MEMORIAL HOSPITAL,140135,IL,READM-30-AMI-HRRP,233,0.9261,18.9036,20.4114,39,01-07-2019,30-06-2022
HSHS HOLY FAMILY HOSPITAL INC,140137,IL,READM-30-PN-HRRP,228,0.8582,9.3077,10.8456,17,01-07-2019,30-06-2022
HSHS HOLY FAMILY HOSPITAL INC,140137,IL,READM-30-HIP-KNEE-HRRP,371,0.904,12.1003,13.3851,40,01-07-2019,30-06-2022
HSHS HOLY FAMILY HOSPITAL INC,140137,IL,READM-30-HF-HRRP,319,1.0413,19.1702,18.4101,64,01-07-2019,30-06-2022
HSHS HOLY FAMILY HOSPITAL INC,140137,IL,READM-30-CABG-HRRP,544,1.001,21.679,21.658,118,01-07-2019,30-06-2022
HSHS HOLY FAMILY HOSPITAL INC,140137,IL,READM-30-AMI-HRRP,228,1.0823,23.9285,22.1098,60,01-07-2019,30-06-2022
ST MARGARETS HOSPITAL,140143,IL,READM-30-PN-HRRP,122,1.0235,11.7557,11.4863,15,01-07-2019,30-06-2022
ST MARGARETS HOSPITAL,140143,IL,READM-30-HIP-KNEE-HRRP,333,1.1284,17.6591,15.6496,65,01-07-2019,30-06-2022
ST MARGARETS HOSPITAL,140143,IL,READM-30-HF-HRRP,341,1.0051,18.3717,18.2793,63,01-07-2019,30-06-2022
ST MARGARETS HOSPITAL,140143,IL,READM-30-CABG-HRRP,847,1,21.9595,21.9587,186,01-07-2019,30-06-2022
ST MARGARETS HOSPITAL,140143,IL,READM-30-AMI-HRRP,122,0.9216,19.1469,20.7748,18,01-07-2019,30-06-2022
ST JOSEPHS HOSPITAL,140145,IL,READM-30-PN-HRRP,108,0.9784,10.7536,10.9914,11,01-07-2019,30-06-2022
ST JOSEPHS HOSPITAL,140145,IL,READM-30-HIP-KNEE-HRRP,203,1.0288,15.0672,14.6461,32,01-07-2019,30-06-2022
ST JOSEPHS HOSPITAL,140145,IL,READM-30-HF-HRRP,515,0.9511,16.1981,17.0308,80,01-07-2019,30-06-2022
ST JOSEPHS HOSPITAL,140145,IL,READM-30-CABG-HRRP,778,1.0543,21.777,20.6552,173,01-07-2019,30-06-2022
ST JOSEPHS HOSPITAL,140145,IL,READM-30-AMI-HRRP,279,0.9769,19.5466,20.008,53,01-07-2019,30-06-2022
CARLE RICHLAND MEMORIAL HOSPITAL,140147,IL,READM-30-HIP-KNEE-HRRP,286,0.9716,13.7788,14.181,38,01-07-2019,30-06-2022
CARLE RICHLAND MEMORIAL HOSPITAL,140147,IL,READM-30-HF-HRRP,165,1.0639,18.5934,17.4765,35,01-07-2019,30-06-2022
CARLE RICHLAND MEMORIAL HOSPITAL,140147,IL,READM-30-CABG-HRRP,503,1.0158,20.8644,20.5405,106,01-07-2019,30-06-2022
CARLE RICHLAND MEMORIAL HOSPITAL,140147,IL,READM-30-AMI-HRRP,225,0.9523,19.2242,20.1882,40,01-07-2019,30-06-2022
MEMORIAL MEDICAL CENTER,140148,IL,READM-30-HIP-KNEE-HRRP,195,1.2694,18.8734,14.8674,49,01-07-2019,30-06-2022
MEMORIAL MEDICAL CENTER,140148,IL,READM-30-HF-HRRP,144,0.901,15.3255,17.0102,15,01-07-2019,30-06-2022
MEMORIAL MEDICAL CENTER,140148,IL,READM-30-CABG-HRRP,250,0.9064,18.607,20.5278,40,01-07-2019,30-06-2022
MEMORIAL MEDICAL CENTER,140148,IL,READM-30-AMI-HRRP,107,0.9844,20.6013,20.9272,21,01-07-2019,30-06-2022
UNIVERSITY OF ILLINOIS HOSPITAL AND CLINICS,140150,IL,READM-30-PN-HRRP,83,1.0821,11.7322,10.8423,12,01-07-2019,30-06-2022
UNIVERSITY OF ILLINOIS HOSPITAL AND CLINICS,140150,IL,READM-30-HIP-KNEE-HRRP,306,0.9001,11.4547,12.726,30,01-07-2019,30-06-2022
UNIVERSITY OF ILLINOIS HOSPITAL AND CLINICS,140150,IL,READM-30-CABG-HRRP,101,0.9172,17.458,19.0341,12,01-07-2019,30-06-2022
UNIVERSITY OF ILLINOIS HOSPITAL AND CLINICS,140150,IL,READM-30-AMI-HRRP,72,0.9902,17.5454,17.7191,12,01-07-2019,30-06-2022
PRESENCE ST MARYS HOSPITAL,140155,IL,READM-30-PN-HRRP,84,1.0097,15.8922,15.739,14,01-07-2019,30-06-2022
PRESENCE ST MARYS HOSPITAL,140155,IL,READM-30-HF-HRRP,119,0.9709,20.1445,20.748,22,01-07-2019,30-06-2022
PRESENCE ST MARYS HOSPITAL,140155,IL,READM-30-CABG-HRRP,143,1.035,17.918,17.3128,28,01-07-2019,30-06-2022
INSIGHT HOSPITAL AND MEDICAL CENTER CHICAGO,140158,IL,READM-30-PN-HRRP,242,0.9267,19.0254,20.5304,41,01-07-2019,30-06-2022
INSIGHT HOSPITAL AND MEDICAL CENTER CHICAGO,140158,IL,READM-30-HIP-KNEE-HRRP,74,1.025,19.4518,18.9769,16,01-07-2019,30-06-2022
INSIGHT HOSPITAL AND MEDICAL CENTER CHICAGO,140158,IL,READM-30-COPD-HRRP,328,0.9275,16.1955,17.4616,48,01-07-2019,30-06-2022
INSIGHT HOSPITAL AND MEDICAL CENTER CHICAGO,140158,IL,READM-30-AMI-HRRP,495,0.8537,17.8607,20.921,78,01-07-2019,30-06-2022
FHN MEMORIAL HOSPITAL,140160,IL,READM-30-PN-HRRP,120,0.9388,18.3865,19.5848,18,01-07-2019,30-06-2022
FHN MEMORIAL HOSPITAL,140160,IL,READM-30-HF-HRRP,197,0.8741,11.918,13.6341,17,01-07-2019,30-06-2022
FHN MEMORIAL HOSPITAL,140160,IL,READM-30-COPD-HRRP,148,0.9068,15.2905,16.8616,16,01-07-2019,30-06-2022
FHN MEMORIAL HOSPITAL,140160,IL,READM-30-AMI-HRRP,129,0.9846,19.3986,19.7028,24,01-07-2019,30-06-2022
SAINT JAMES HOSPITAL,140161,IL,READM-30-HIP-KNEE-HRRP,546,1.0689,18.9264,17.7061,108,01-07-2019,30-06-2022
SAINT JAMES HOSPITAL,140161,IL,READM-30-COPD-HRRP,536,1.0098,21.1464,20.9415,114,01-07-2019,30-06-2022
SAINT JAMES HOSPITAL,140161,IL,READM-30-CABG-HRRP,218,1.0276,19.3674,18.8472,44,01-07-2019,30-06-2022
ST JOSEPH MEDICAL CENTER,140162,IL,READM-30-PN-HRRP,234,1.0697,15.2401,14.2469,39,01-07-2019,30-06-2022
ST JOSEPH MEDICAL CENTER,140162,IL,READM-30-COPD-HRRP,155,0.9712,17.3391,17.853,25,01-07-2019,30-06-2022
MEMORIAL HOSPITAL OF CARBONDALE,140164,IL,READM-30-PN-HRRP,240,0.9711,16.245,16.7276,37,01-07-2019,30-06-2022
MEMORIAL HOSPITAL OF CARBONDALE,140164,IL,READM-30-HF-HRRP,217,0.9672,19.448,20.1071,40,01-07-2019,30-06-2022
MEMORIAL HOSPITAL OF CARBONDALE,140164,IL,READM-30-COPD-HRRP,104,0.9586,19.0185,19.8409,17,01-07-2019,30-06-2022
MEMORIAL HOSPITAL OF CARBONDALE,140164,IL,READM-30-CABG-HRRP,164,0.9996,18.3095,18.3167,30,01-07-2019,30-06-2022
ST MARYS HOSPITAL,140166,IL,READM-30-PN-HRRP,216,1.0063,19.2516,19.1303,42,01-07-2019,30-06-2022
ST MARYS HOSPITAL,140166,IL,READM-30-HIP-KNEE-HRRP,81,0.9475,17.8758,18.8664,11,01-07-2019,30-06-2022
ST MARYS HOSPITAL,140166,IL,READM-30-COPD-HRRP,136,0.9968,12.615,12.656,17,01-07-2019,30-06-2022
ST MARYS HOSPITAL,140166,IL,READM-30-CABG-HRRP,81,1.0337,18.1603,17.569,17,01-07-2019,30-06-2022
IROQUOIS MEMORIAL HOSPITAL,140167,IL,READM-30-PN-HRRP,96,0.993,19.2328,19.3687,18,01-07-2019,30-06-2022
IROQUOIS MEMORIAL HOSPITAL,140167,IL,READM-30-HIP-KNEE-HRRP,123,0.9264,14.7391,15.9094,13,01-07-2019,30-06-2022
IROQUOIS MEMORIAL HOSPITAL,140167,IL,READM-30-COPD-HRRP,133,0.9242,18.9754,20.5319,20,01-07-2019,30-06-2022
FRANCISCAN HEALTH OLYMPIA & CHICAGO HEIGHTS,140172,IL,READM-30-PN-HRRP,185,1.0787,19.2978,17.8904,41,01-07-2019,30-06-2022
FRANCISCAN HEALTH OLYMPIA & CHICAGO HEIGHTS,140172,IL,READM-30-HF-HRRP,417,1.1497,24.3066,21.1415,111,01-07-2019,30-06-2022
FRANCISCAN HEALTH OLYMPIA & CHICAGO HEIGHTS,140172,IL,READM-30-COPD-HRRP,220,1.1093,22.7191,20.4809,57,01-07-2019,30-06-2022
FRANCISCAN HEALTH OLYMPIA & CHICAGO HEIGHTS,140172,IL,READM-30-AMI-HRRP,433,1.0336,17.4898,16.9214,78,01-07-2019,30-06-2022
PRESENCE MERCY MEDICAL CENTER,140174,IL,READM-30-HIP-KNEE-HRRP,583,1.0133,20.7739,20.5013,122,01-07-2019,30-06-2022
PRESENCE MERCY MEDICAL CENTER,140174,IL,READM-30-HF-HRRP,231,0.9555,18.6114,19.4777,40,01-07-2019,30-06-2022
PRESENCE MERCY MEDICAL CENTER,140174,IL,READM-30-CABG-HRRP,325,0.9014,12.6332,14.0158,36,01-07-2019,30-06-2022
PRESENCE MERCY MEDICAL CENTER,140174,IL,READM-30-AMI-HRRP,100,0.9359,15.4805,16.5401,11,01-07-2019,30-06-2022
JACKSON PARK HOSPITAL,140177,IL,READM-30-PN-HRRP,96,0.9981,18.8826,18.9192,18,01-07-2019,30-06-2022
JACKSON PARK HOSPITAL,140177,IL,READM-30-HF-HRRP,82,1.0265,17.3027,16.8557,16,01-07-2019,30-06-2022
OSF LITTLE COMPANY OF MARY MEDICAL CENTER,140179,IL,READM-30-COPD-HRRP,260,0.9906,16.4005,16.5566,42,01-07-2019,30-06-2022
OSF LITTLE COMPANY OF MARY MEDICAL CENTER,140179,IL,READM-30-CABG-HRRP,207,1.0351,5.0567,4.8853,11,01-07-2019,30-06-2022
OSF LITTLE COMPANY OF MARY MEDICAL CENTER,140179,IL,READM-30-AMI-HRRP,667,0.8772,17.6285,20.0952,109,01-07-2019,30-06-2022
PRESENCE SAINTS MARY AND ELIZABETH MEDICAL CENTER,140180,IL,READM-30-PN-HRRP,177,0.9499,18.2669,19.2297,29,01-07-2019,30-06-2022
PRESENCE SAINTS MARY AND ELIZABETH MEDICAL CENTER,140180,IL,READM-30-HIP-KNEE-HRRP,161,0.8907,9.4473,10.606,12,01-07-2019,30-06-2022
PRESENCE SAINTS MARY AND ELIZABETH MEDICAL CENTER,140180,IL,READM-30-HF-HRRP,501,0.8828,11.7794,13.3435,53,01-07-2019,30-06-2022
PRESENCE SAINTS MARY AND ELIZABETH MEDICAL CENTER,140180,IL,READM-30-COPD-HRRP,167,1.0691,18.7566,17.545,36,01-07-2019,30-06-2022
PRESENCE SAINTS MARY AND ELIZABETH MEDICAL CENTER,140180,IL,READM-30-CABG-HRRP,156,1.0101,20.7212,20.5144,33,01-07-2019,30-06-2022
PRESENCE SAINTS MARY AND ELIZABETH MEDICAL CENTER,140180,IL,READM-30-AMI-HRRP,116,1.0264,20.0745,19.5587,25,01-07-2019,30-06-2022
SOUTH SHORE HOSPITAL,140181,IL,READM-30-PN-HRRP,88,0.9702,14.206,14.6417,11,01-07-2019,30-06-2022
SOUTH SHORE HOSPITAL,140181,IL,READM-30-HIP-KNEE-HRRP,92,1.0146,15.248,15.0281,15,01-07-2019,30-06-2022
SOUTH SHORE HOSPITAL,140181,IL,READM-30-CABG-HRRP,80,1.0445,22.2083,21.2614,21,01-07-2019,30-06-2022
ADVOCATE ILLINOIS MASONIC MEDICAL CENTER,140182,IL,READM-30-PN-HRRP,284,1.0664,25.1636,23.5969,76,01-07-2019,30-06-2022
ADVOCATE ILLINOIS MASONIC MEDICAL CENTER,140182,IL,READM-30-HIP-KNEE-HRRP,100,1.0287,23.0932,22.4496,25,01-07-2019,30-06-2022
ADVOCATE ILLINOIS MASONIC MEDICAL CENTER,140182,IL,READM-30-COPD-HRRP,134,1.0512,18.9599,18.0363,28,01-07-2019,30-06-2022
ADVOCATE ILLINOIS MASONIC MEDICAL CENTER,140182,IL,READM-30-CABG-HRRP,202,0.9006,16.436,18.2501,26,01-07-2019,30-06-2022
HEARTLAND REGIONAL MEDICAL CENTER,140184,IL,READM-30-PN-HRRP,386,0.9685,19.7203,20.361,74,01-07-2019,30-06-2022
HEARTLAND REGIONAL MEDICAL CENTER,140184,IL,READM-30-HIP-KNEE-HRRP,119,0.9422,18.3355,19.4607,18,01-07-2019,30-06-2022
HEARTLAND REGIONAL MEDICAL CENTER,140184,IL,READM-30-HF-HRRP,90,1.0673,12.3712,11.5909,13,01-07-2019,30-06-2022
HEARTLAND REGIONAL MEDICAL CENTER,140184,IL,READM-30-COPD-HRRP,293,0.9448,12.8837,13.6359,35,01-07-2019,30-06-2022
MEMORIAL HOSPITAL,140185,IL,READM-30-PN-HRRP,110,0.9679,16.5783,17.1288,16,01-07-2019,30-06-2022
MEMORIAL HOSPITAL,140185,IL,READM-30-HIP-KNEE-HRRP,103,0.9957,20.668,20.757,21,01-07-2019,30-06-2022
MEMORIAL HOSPITAL,140185,IL,READM-30-HF-HRRP,55,1.0325,19.8328,19.2087,13,01-07-2019,30-06-2022
MEMORIAL HOSPITAL,140185,IL,READM-30-COPD-HRRP,247,0.9686,17.4929,18.0604,41,01-07-2019,30-06-2022
MEMORIAL HOSPITAL,140185,IL,READM-30-AMI-HRRP,445,0.8193,17.3147,21.1329,64,01-07-2019,30-06-2022
RIVERSIDE MEDICAL CENTER,140186,IL,READM-30-PN-HRRP,91,0.9359,20.249,21.6355,14,01-07-2019,30-06-2022
RIVERSIDE MEDICAL CENTER,140186,IL,READM-30-HF-HRRP,363,0.9471,14.5137,15.3239,50,01-07-2019,30-06-2022
RIVERSIDE MEDICAL CENTER,140186,IL,READM-30-COPD-HRRP,148,1.0326,17.4292,16.879,28,01-07-2019,30-06-2022
RIVERSIDE MEDICAL CENTER,140186,IL,READM-30-AMI-HRRP,121,0.9224,17.5894,19.0682,16,01-07-2019,30-06-2022
HSHS ST ELIZABETH'S HOSPITAL,140187,IL,READM-30-HIP-KNEE-HRRP,734,1.0547,19.1113,18.1202,144,01-07-2019,30-06-2022
HSHS ST ELIZABETH'S HOSPITAL,140187,IL,READM-30-HF-HRRP,358,1.1333,6.153,5.4291,24,01-07-2019,30-06-2022
HSHS ST ELIZABETH'S HOSPITAL,140187,IL,READM-30-COPD-HRRP,1439,1.0339,21.7335,21.0207,315,01-07-2019,30-06-2022
HSHS ST ELIZABETH'S HOSPITAL,140187,IL,READM-30-CABG-HRRP,344,0.9286,20.0452,21.5861,64,01-07-2019,30-06-2022
HSHS ST ELIZABETH'S HOSPITAL,140187,IL,READM-30-AMI-HRRP,141,1.2097,13.8198,11.4242,25,01-07-2019,30-06-2022
SARAH BUSH LINCOLN HEALTH CENTER,140189,IL,READM-30-PN-HRRP,398,1.2604,20.8218,16.5206,95,01-07-2019,30-06-2022
SARAH BUSH LINCOLN HEALTH CENTER,140189,IL,READM-30-HIP-KNEE-HRRP,88,0.9873,15.7451,15.948,13,01-07-2019,30-06-2022
SARAH BUSH LINCOLN HEALTH CENTER,140189,IL,READM-30-COPD-HRRP,169,1.0539,20.9846,19.9116,39,01-07-2019,30-06-2022
SARAH BUSH LINCOLN HEALTH CENTER,140189,IL,READM-30-CABG-HRRP,84,1.0442,20.4144,19.5502,20,01-07-2019,30-06-2022
INGALLS MEMORIAL HOSPITAL,140191,IL,READM-30-PN-HRRP,121,0.9755,14.5865,14.9533,16,01-07-2019,30-06-2022
INGALLS MEMORIAL HOSPITAL,140191,IL,READM-30-HIP-KNEE-HRRP,79,1.0047,17.344,17.2635,14,01-07-2019,30-06-2022
INGALLS MEMORIAL HOSPITAL,140191,IL,READM-30-COPD-HRRP,294,1.0413,18.4299,17.6989,57,01-07-2019,30-06-2022
INGALLS MEMORIAL HOSPITAL,140191,IL,READM-30-CABG-HRRP,200,1.0944,4.8112,4.3961,11,01-07-2019,30-06-2022
INGALLS MEMORIAL HOSPITAL,140191,IL,READM-30-AMI-HRRP,490,1.0276,21.4611,20.8854,107,01-07-2019,30-06-2022
METHODIST HOSPITAL OF CHICAGO,140197,IL,READM-30-PN-HRRP,184,0.9888,19.4259,19.6466,35,01-07-2019,30-06-2022
METHODIST HOSPITAL OF CHICAGO,140197,IL,READM-30-HIP-KNEE-HRRP,94,1.005,12.6152,12.553,12,01-07-2019,30-06-2022
METHODIST HOSPITAL OF CHICAGO,140197,IL,READM-30-HF-HRRP,280,1.2288,19.7779,16.0957,66,01-07-2019,30-06-2022
METHODIST HOSPITAL OF CHICAGO,140197,IL,READM-30-COPD-HRRP,137,0.9979,18.3535,18.3917,25,01-07-2019,30-06-2022
METHODIST HOSPITAL OF CHICAGO,140197,IL,READM-30-AMI-HRRP,137,1.0144,21.1904,20.8886,30,01-07-2019,30-06-2022
ELMHURST MEMORIAL HOSPITAL,140200,IL,READM-30-PN-HRRP,79,1.004,21.1818,21.0984,17,01-07-2019,30-06-2022
ELMHURST MEMORIAL HOSPITAL,140200,IL,READM-30-HF-HRRP,313,1.0831,18.671,17.2378,64,01-07-2019,30-06-2022
ELMHURST MEMORIAL HOSPITAL,140200,IL,READM-30-COPD-HRRP,510,1.0077,21.4662,21.3013,110,01-07-2019,30-06-2022
ELMHURST MEMORIAL HOSPITAL,140200,IL,READM-30-CABG-HRRP,240,1.1693,23.4892,20.0882,67,01-07-2019,30-06-2022
ELMHURST MEMORIAL HOSPITAL,140200,IL,READM-30-AMI-HRRP,188,1.0013,15.9226,15.9018,30,01-07-2019,30-06-2022
ADVOCATE CONDELL MEDICAL CENTER,140202,IL,READM-30-PN-HRRP,275,1.0196,19.4937,19.1185,55,01-07-2019,30-06-2022
ADVOCATE CONDELL MEDICAL CENTER,140202,IL,READM-30-HF-HRRP,426,1.0419,22.3462,21.4476,98,01-07-2019,30-06-2022
ADVOCATE CONDELL MEDICAL CENTER,140202,IL,READM-30-COPD-HRRP,205,1.0892,22.5543,20.7072,52,01-07-2019,30-06-2022
ADVOCATE CONDELL MEDICAL CENTER,140202,IL,READM-30-CABG-HRRP,98,0.9841,16.1335,16.3941,15,01-07-2019,30-06-2022
ADVOCATE CONDELL MEDICAL CENTER,140202,IL,READM-30-AMI-HRRP,616,0.981,16.7723,17.0968,102,01-07-2019,30-06-2022
HUMBOLDT PARK HEALTH,140206,IL,READM-30-PN-HRRP,536,0.8916,4.059,4.5526,20,01-07-2019,30-06-2022
HUMBOLDT PARK HEALTH,140206,IL,READM-30-HIP-KNEE-HRRP,931,0.9111,18.2726,20.0549,164,01-07-2019,30-06-2022
HUMBOLDT PARK HEALTH,140206,IL,READM-30-HF-HRRP,255,0.9649,20.5502,21.2978,50,01-07-2019,30-06-2022
HUMBOLDT PARK HEALTH,140206,IL,READM-30-COPD-HRRP,154,0.9073,10.2226,11.2668,13,01-07-2019,30-06-2022
HUMBOLDT PARK HEALTH,140206,IL,READM-30-CABG-HRRP,468,1.0452,14.4922,13.8651,70,01-07-2019,30-06-2022
HUMBOLDT PARK HEALTH,140206,IL,READM-30-AMI-HRRP,250,1.0807,21.7461,20.1214,60,01-07-2019,30-06-2022
ADVOCATE CHRIST HOSPITAL & MEDICAL CENTER,140208,IL,READM-30-HIP-KNEE-HRRP,588,1.0757,24.135,22.4371,147,01-07-2019,30-06-2022
ADVOCATE CHRIST HOSPITAL & MEDICAL CENTER,140208,IL,READM-30-HF-HRRP,180,1.0207,22.0029,21.5566,41,01-07-2019,30-06-2022
ADVOCATE CHRIST HOSPITAL & MEDICAL CENTER,140208,IL,READM-30-CABG-HRRP,119,1.0197,19.3193,18.9467,24,01-07-2019,30-06-2022
ADVOCATE CHRIST HOSPITAL & MEDICAL CENTER,140208,IL,READM-30-AMI-HRRP,228,1.0158,17.5093,17.2376,41,01-07-2019,30-06-2022
METHODIST MEDICAL CENTER OF ILLINOIS,140209,IL,READM-30-HIP-KNEE-HRRP,229,1.0742,21.9019,20.3886,55,01-07-2019,30-06-2022
METHODIST MEDICAL CENTER OF ILLINOIS,140209,IL,READM-30-HF-HRRP,102,0.9378,18.7994,20.0461,15,01-07-2019,30-06-2022
METHODIST MEDICAL CENTER OF ILLINOIS,140209,IL,READM-30-CABG-HRRP,124,0.9869,13.4221,13.6002,16,01-07-2019,30-06-2022
HARRISBURG MEDICAL CENTER,140210,IL,READM-30-PN-HRRP,296,1.0563,18.9766,17.9658,60,01-07-2019,30-06-2022
HARRISBURG MEDICAL CENTER,140210,IL,READM-30-HIP-KNEE-HRRP,349,1.0431,21.818,20.9162,79,01-07-2019,30-06-2022
HARRISBURG MEDICAL CENTER,140210,IL,READM-30-HF-HRRP,193,0.9419,18.0676,19.1814,31,01-07-2019,30-06-2022
HARRISBURG MEDICAL CENTER,140210,IL,READM-30-COPD-HRRP,121,1.0647,16.389,15.3928,23,01-07-2019,30-06-2022
HARRISBURG MEDICAL CENTER,140210,IL,READM-30-AMI-HRRP,38,1.0372,22.4152,21.6103,11,01-07-2019,30-06-2022
NORTHWESTERN MEDICINE DELNOR COMMUNITY HOSPITAL,140211,IL,READM-30-HIP-KNEE-HRRP,150,1.0091,17.584,17.4261,27,01-07-2019,30-06-2022
NORTHWESTERN MEDICINE DELNOR COMMUNITY HOSPITAL,140211,IL,READM-30-COPD-HRRP,214,0.9244,20.238,21.892,38,01-07-2019,30-06-2022
SILVER CROSS HOSPITAL  AND MEDICAL CENTERS,140213,IL,READM-30-PN-HRRP,688,1.1282,21.6984,19.2329,158,01-07-2019,30-06-2022
SILVER CROSS HOSPITAL  AND MEDICAL CENTERS,140213,IL,READM-30-HIP-KNEE-HRRP,125,1.1581,6.9408,5.9931,11,01-07-2019,30-06-2022
SILVER CROSS HOSPITAL  AND MEDICAL CENTERS,140213,IL,READM-30-HF-HRRP,769,1.1909,26.7361,22.4504,218,01-07-2019,30-06-2022
SILVER CROSS HOSPITAL  AND MEDICAL CENTERS,140213,IL,READM-30-COPD-HRRP,371,1.1362,25.8625,22.7632,105,01-07-2019,30-06-2022
SILVER CROSS HOSPITAL  AND MEDICAL CENTERS,140213,IL,READM-30-CABG-HRRP,133,0.9273,15.6625,16.891,17,01-07-2019,30-06-2022
SILVER CROSS HOSPITAL  AND MEDICAL CENTERS,140213,IL,READM-30-AMI-HRRP,475,0.9946,17.7635,17.8603,84,01-07-2019,30-06-2022
PRESENCE SAINT JOSEPH HOSPITAL - ELGIN,140217,IL,READM-30-HIP-KNEE-HRRP,448,0.9536,19.4561,20.4034,84,01-07-2019,30-06-2022
PRESENCE SAINT JOSEPH HOSPITAL - ELGIN,140217,IL,READM-30-HF-HRRP,158,0.9972,19.7368,19.7922,31,01-07-2019,30-06-2022
PRESENCE SAINT JOSEPH HOSPITAL - ELGIN,140217,IL,READM-30-CABG-HRRP,155,1.0237,13.4542,13.1431,22,01-07-2019,30-06-2022
PRESENCE SAINT JOSEPH HOSPITAL - ELGIN,140217,IL,READM-30-AMI-HRRP,85,1.0602,18.7772,17.7115,20,01-07-2019,30-06-2022
ADVOCATE LUTHERAN GENERAL HOSPITAL,140223,IL,READM-30-PN-HRRP,65,0.9747,22.7326,23.3223,13,01-07-2019,30-06-2022
ADVOCATE LUTHERAN GENERAL HOSPITAL,140223,IL,READM-30-AMI-HRRP,368,0.9461,17.6278,18.6311,61,01-07-2019,30-06-2022
PRESENCE SAINT JOSEPH HOSPITAL - CHICAGO,140224,IL,READM-30-HIP-KNEE-HRRP,421,1.0496,23.4318,22.3238,102,01-07-2019,30-06-2022
PRESENCE SAINT JOSEPH HOSPITAL - CHICAGO,140224,IL,READM-30-HF-HRRP,198,1.0922,22.2584,20.3798,50,01-07-2019,30-06-2022
PRESENCE SAINT JOSEPH HOSPITAL - CHICAGO,140224,IL,READM-30-CABG-HRRP,211,1.0444,16.0276,15.3466,36,01-07-2019,30-06-2022
PRESENCE SAINT JOSEPH HOSPITAL - CHICAGO,140224,IL,READM-30-AMI-HRRP,87,1.0005,18.3545,18.3462,16,01-07-2019,30-06-2022
SWEDISH AMERICAN HOSPITAL,140228,IL,READM-30-HF-HRRP,353,0.9847,16.731,16.9914,58,01-07-2019,30-06-2022
SWEDISH AMERICAN HOSPITAL,140228,IL,READM-30-CABG-HRRP,461,0.9559,19.9595,20.8794,89,01-07-2019,30-06-2022
SWEDISH AMERICAN HOSPITAL,140228,IL,READM-30-AMI-HRRP,124,0.9959,19.5772,19.6588,24,01-07-2019,30-06-2022
EDWARD HOSPITAL,140231,IL,READM-30-HIP-KNEE-HRRP,416,0.9962,13.0252,13.0748,54,01-07-2019,30-06-2022
EDWARD HOSPITAL,140231,IL,READM-30-HF-HRRP,285,0.9488,17.4235,18.3635,46,01-07-2019,30-06-2022
EDWARD HOSPITAL,140231,IL,READM-30-CABG-HRRP,445,1.0003,21.3433,21.3363,95,01-07-2019,30-06-2022
EDWARD HOSPITAL,140231,IL,READM-30-AMI-HRRP,152,0.9729,20.9472,21.53,30,01-07-2019,30-06-2022
SAINT ANTHONY MEDICAL CENTER,140233,IL,READM-30-HIP-KNEE-HRRP,137,1.0622,15.349,14.4498,24,01-07-2019,30-06-2022
SAINT ANTHONY MEDICAL CENTER,140233,IL,READM-30-HF-HRRP,528,1.0016,17.5926,17.5645,93,01-07-2019,30-06-2022
SAINT ANTHONY MEDICAL CENTER,140233,IL,READM-30-CABG-HRRP,607,1.0071,21.5029,21.3522,131,01-07-2019,30-06-2022
SAINT ANTHONY MEDICAL CENTER,140233,IL,READM-30-AMI-HRRP,221,0.9811,19.5735,19.9514,42,01-07-2019,30-06-2022
ST MARGARET'S HEALTH - PERU,140234,IL,READM-30-HIP-KNEE-HRRP,295,0.8634,11.9002,13.7824,28,01-07-2019,30-06-2022
ST MARGARET'S HEALTH - PERU,140234,IL,READM-30-CABG-HRRP,109,0.9358,18.6705,19.9511,16,01-07-2019,30-06-2022
JAVON BEA HOSPITAL,140239,IL,READM-30-HIP-KNEE-HRRP,108,1.081,16.451,15.2185,23,01-07-2019,30-06-2022
JAVON BEA HOSPITAL,140239,IL,READM-30-COPD-HRRP,80,0.9944,19.2161,19.3237,15,01-07-2019,30-06-2022
NORTHWESTERN MEDICINE CENTRAL DUPAGE HOSPITAL,140242,IL,READM-30-HF-HRRP,219,1.0852,20.1682,18.5843,50,01-07-2019,30-06-2022
NORTHWESTERN MEDICINE CENTRAL DUPAGE HOSPITAL,140242,IL,READM-30-CABG-HRRP,192,1.0421,21.9733,21.0847,45,01-07-2019,30-06-2022
COMMUNITY FIRST MEDICAL CENTER,140251,IL,READM-30-HIP-KNEE-HRRP,261,1.1767,20.4974,17.4188,65,01-07-2019,30-06-2022
COMMUNITY FIRST MEDICAL CENTER,140251,IL,READM-30-COPD-HRRP,303,0.9548,20.1632,21.1174,58,01-07-2019,30-06-2022
COMMUNITY FIRST MEDICAL CENTER,140251,IL,READM-30-CABG-HRRP,106,0.9645,18.3054,18.9797,17,01-07-2019,30-06-2022
NORTHWEST COMMUNITY HOSPITAL 1,140252,IL,READM-30-PN-HRRP,104,1.0047,16.117,16.0422,17,01-07-2019,30-06-2022
NORTHWEST COMMUNITY HOSPITAL 1,140252,IL,READM-30-HIP-KNEE-HRRP,110,0.9633,14.9897,15.5612,14,01-07-2019,30-06-2022
NORTHWEST COMMUNITY HOSPITAL 1,140252,IL,READM-30-COPD-HRRP,201,0.932,18.2177,19.5476,32,01-07-2019,30-06-2022
NORTHWEST COMMUNITY HOSPITAL 1,140252,IL,READM-30-AMI-HRRP,762,1.1509,19.9662,17.349,162,01-07-2019,30-06-2022
ALEXIAN BROTHERS MEDICAL CENTER 1,140258,IL,READM-30-PN-HRRP,225,1.1538,5.6777,4.9211,15,01-07-2019,30-06-2022
ALEXIAN BROTHERS MEDICAL CENTER 1,140258,IL,READM-30-HIP-KNEE-HRRP,1401,1.0763,22.1296,20.5611,315,01-07-2019,30-06-2022
ALEXIAN BROTHERS MEDICAL CENTER 1,140258,IL,READM-30-HF-HRRP,389,1.0215,20.4609,20.0307,81,01-07-2019,30-06-2022
ALEXIAN BROTHERS MEDICAL CENTER 1,140258,IL,READM-30-CABG-HRRP,398,1.0724,16.1993,15.1053,68,01-07-2019,30-06-2022
ALEXIAN BROTHERS MEDICAL CENTER 1,140258,IL,READM-30-AMI-HRRP,154,1.052,20.3828,19.3757,35,01-07-2019,30-06-2022
GENESIS HLTH SYSTEM DBA GENESIS MDL CTR-ILLINI,140275,IL,READM-30-HIP-KNEE-HRRP,129,1.0754,23.9918,22.3089,36,01-07-2019,30-06-2022
GENESIS HLTH SYSTEM DBA GENESIS MDL CTR-ILLINI,140275,IL,READM-30-HF-HRRP,97,1.0256,18.9436,18.471,20,01-07-2019,30-06-2022
GENESIS HLTH SYSTEM DBA GENESIS MDL CTR-ILLINI,140275,IL,READM-30-CABG-HRRP,124,1.0586,21.6641,20.4643,31,01-07-2019,30-06-2022
GENESIS HLTH SYSTEM DBA GENESIS MDL CTR-ILLINI,140275,IL,READM-30-AMI-HRRP,126,1.1304,26.3937,23.3484,42,01-07-2019,30-06-2022
LOYOLA UNIVERSITY MEDICAL CENTER,140276,IL,READM-30-PN-HRRP,76,1.1095,27.0392,24.3699,28,01-07-2019,30-06-2022
LOYOLA UNIVERSITY MEDICAL CENTER,140276,IL,READM-30-HIP-KNEE-HRRP,32,1.0721,22.5242,21.0086,11,01-07-2019,30-06-2022
LOYOLA UNIVERSITY MEDICAL CENTER,140276,IL,READM-30-HF-HRRP,111,0.9628,17.6899,18.374,17,01-07-2019,30-06-2022
LOYOLA UNIVERSITY MEDICAL CENTER,140276,IL,READM-30-COPD-HRRP,146,1.279,5.62,4.3942,12,01-07-2019,30-06-2022
LOYOLA UNIVERSITY MEDICAL CENTER,140276,IL,READM-30-CABG-HRRP,221,1.0504,22.9004,21.8019,54,01-07-2019,30-06-2022
LOYOLA UNIVERSITY MEDICAL CENTER,140276,IL,READM-30-AMI-HRRP,87,1.0605,20.8148,19.6266,22,01-07-2019,30-06-2022
TRINITY ROCK ISLAND,140280,IL,READM-30-PN-HRRP,125,0.9739,16.2776,16.714,19,01-07-2019,30-06-2022
TRINITY ROCK ISLAND,140280,IL,READM-30-HF-HRRP,304,1.1569,19.3623,16.7366,69,01-07-2019,30-06-2022
TRINITY ROCK ISLAND,140280,IL,READM-30-CABG-HRRP,557,1.1213,22.1383,19.7436,131,01-07-2019,30-06-2022
TRINITY ROCK ISLAND,140280,IL,READM-30-AMI-HRRP,84,0.9817,16.8513,17.1652,13,01-07-2019,30-06-2022
NORTHWESTERN MEMORIAL HOSPITAL,140281,IL,READM-30-PN-HRRP,132,1.1061,16.5866,14.9961,27,01-07-2019,30-06-2022
NORTHWESTERN MEMORIAL HOSPITAL,140281,IL,READM-30-HF-HRRP,61,0.9876,19.3803,19.6236,11,01-07-2019,30-06-2022
NORTHWESTERN MEMORIAL HOSPITAL,140281,IL,READM-30-CABG-HRRP,196,1.1278,19.6689,17.44,47,01-07-2019,30-06-2022
NORTHWESTERN MEDICINE KISHWAUKEE HOSPITAL,140286,IL,READM-30-PN-HRRP,364,1.0592,22.0058,20.7755,84,01-07-2019,30-06-2022
NORTHWESTERN MEDICINE KISHWAUKEE HOSPITAL,140286,IL,READM-30-HIP-KNEE-HRRP,60,1.009,17.3811,17.2253,11,01-07-2019,30-06-2022
NORTHWESTERN MEDICINE KISHWAUKEE HOSPITAL,140286,IL,READM-30-COPD-HRRP,162,1.0292,12.7316,12.3706,22,01-07-2019,30-06-2022
NORTHWESTERN MEDICINE KISHWAUKEE HOSPITAL,140286,IL,READM-30-CABG-HRRP,129,0.9604,16.1011,16.7655,18,01-07-2019,30-06-2022
ADVOCATE GOOD SAMARITAN HOSPITAL,140288,IL,READM-30-PN-HRRP,366,0.9156,18.5314,20.2392,62,01-07-2019,30-06-2022
ADVOCATE GOOD SAMARITAN HOSPITAL,140288,IL,READM-30-HF-HRRP,83,1.1884,13.331,11.2179,16,01-07-2019,30-06-2022
ADVOCATE GOOD SAMARITAN HOSPITAL,140288,IL,READM-30-COPD-HRRP,309,0.9633,12.559,13.0375,37,01-07-2019,30-06-2022
ADVOCATE GOOD SAMARITAN HOSPITAL,140288,IL,READM-30-AMI-HRRP,65,0.9835,21.7385,22.1025,13,01-07-2019,30-06-2022
ANDERSON HOSPITAL,140289,IL,READM-30-PN-HRRP,51,1.0742,27.1976,25.3183,19,01-07-2019,30-06-2022
ANDERSON HOSPITAL,140289,IL,READM-30-AMI-HRRP,645,0.908,16.3743,18.0331,99,01-07-2019,30-06-2022
ST ALEXIUS MEDICAL CENTER,140290,IL,READM-30-PN-HRRP,611,1.0344,5.4784,5.2963,34,01-07-2019,30-06-2022
ST ALEXIUS MEDICAL CENTER,140290,IL,READM-30-HIP-KNEE-HRRP,1278,0.84,17.9571,21.377,218,01-07-2019,30-06-2022
ST ALEXIUS MEDICAL CENTER,140290,IL,READM-30-HF-HRRP,217,0.9663,19.9405,20.6367,41,01-07-2019,30-06-2022
ST ALEXIUS MEDICAL CENTER,140290,IL,READM-30-COPD-HRRP,305,0.8173,9.0398,11.0602,22,01-07-2019,30-06-2022
ST ALEXIUS MEDICAL CENTER,140290,IL,READM-30-CABG-HRRP,707,0.808,11.7891,14.5896,73,01-07-2019,30-06-2022
ADVOCATE GOOD SHEPHERD HOSPITAL,140291,IL,READM-30-COPD-HRRP,65,0.9888,19.6048,19.8273,12,01-07-2019,30-06-2022
ADVENTIST GLENOAKS,140292,IL,READM-30-COPD-HRRP,47,1.0274,21.6587,21.0801,12,01-07-2019,30-06-2022
CROSSROADS COMMUNITY HOSPITAL,140294,IL,READM-30-HIP-KNEE-HRRP,92,1.0436,18.7309,17.9487,20,01-07-2019,30-06-2022
CROSSROADS COMMUNITY HOSPITAL,140294,IL,READM-30-HF-HRRP,287,0.9701,17.1047,17.6311,47,01-07-2019,30-06-2022
CROSSROADS COMMUNITY HOSPITAL,140294,IL,READM-30-CABG-HRRP,493,0.8624,16.7514,19.4241,73,01-07-2019,30-06-2022
CROSSROADS COMMUNITY HOSPITAL,140294,IL,READM-30-AMI-HRRP,103,1.0746,21.5342,20.0391,27,01-07-2019,30-06-2022
PROVIDENT HOSPITAL OF CHICAGO,140300,IL,READM-30-HIP-KNEE-HRRP,390,0.8589,10.8369,12.6177,35,01-07-2019,30-06-2022
PROVIDENT HOSPITAL OF CHICAGO,140300,IL,READM-30-HF-HRRP,185,0.8705,14.2116,16.3262,17,01-07-2019,30-06-2022
PROVIDENT HOSPITAL OF CHICAGO,140300,IL,READM-30-COPD-HRRP,284,1.0511,4.6612,4.4345,14,01-07-2019,30-06-2022
PROVIDENT HOSPITAL OF CHICAGO,140300,IL,READM-30-CABG-HRRP,440,0.9351,18.0434,19.2962,75,01-07-2019,30-06-2022
PROVIDENT HOSPITAL OF CHICAGO,140300,IL,READM-30-AMI-HRRP,51,1.0232,18.7194,18.2951,11,01-07-2019,30-06-2022
UCHICAGO MEDICINE ADVENTHEALTH BOLINGBROOK,140304,IL,READM-30-PN-HRRP,193,0.9582,12.4727,13.0165,22,01-07-2019,30-06-2022
UCHICAGO MEDICINE ADVENTHEALTH BOLINGBROOK,140304,IL,READM-30-COPD-HRRP,198,0.9364,15.3574,16.401,26,01-07-2019,30-06-2022
UCHICAGO MEDICINE ADVENTHEALTH BOLINGBROOK,140304,IL,READM-30-AMI-HRRP,239,0.926,18.0007,19.4392,38,01-07-2019,30-06-2022
JOHNSON MEMORIAL HOSPITAL,150001,IN,READM-30-CABG-HRRP,150,1.0567,16.8355,15.932,29,01-07-2019,30-06-2022
METHODIST HOSPITALS INC,150002,IN,READM-30-PN-HRRP,151,0.9665,18.0247,18.6502,25,01-07-2019,30-06-2022
METHODIST HOSPITALS INC,150002,IN,READM-30-HIP-KNEE-HRRP,67,0.9889,17.4705,17.6673,11,01-07-2019,30-06-2022
METHODIST HOSPITALS INC,150002,IN,READM-30-COPD-HRRP,117,0.9644,11.732,12.1654,12,01-07-2019,30-06-2022
METHODIST HOSPITALS INC,150002,IN,READM-30-AMI-HRRP,76,0.9999,18.4324,18.4349,14,01-07-2019,30-06-2022
HENDRICKS REGIONAL HEALTH,150005,IN,READM-30-CABG-HRRP,405,1.0715,15.1652,14.1538,66,01-07-2019,30-06-2022
HENDRICKS REGIONAL HEALTH,150005,IN,READM-30-AMI-HRRP,228,1.186,5.4234,4.573,15,01-07-2019,30-06-2022
NORTHWEST HEALTH-LA PORTE,150006,IN,READM-30-PN-HRRP,590,1.1303,18.999,16.809,120,01-07-2019,30-06-2022
NORTHWEST HEALTH-LA PORTE,150006,IN,READM-30-HIP-KNEE-HRRP,87,1.0458,17.4293,16.6658,18,01-07-2019,30-06-2022
NORTHWEST HEALTH-LA PORTE,150006,IN,READM-30-HF-HRRP,72,1.1324,10.5026,9.2746,11,01-07-2019,30-06-2022
NORTHWEST HEALTH-LA PORTE,150006,IN,READM-30-COPD-HRRP,168,1.1223,12.7731,11.3808,27,01-07-2019,30-06-2022
NORTHWEST HEALTH-LA PORTE,150006,IN,READM-30-CABG-HRRP,100,1.0144,14.0651,13.8654,15,01-07-2019,30-06-2022
COMMUNITY HOWARD REGIONAL HEALTH INC.,150007,IN,READM-30-PN-HRRP,158,0.943,16.9366,17.9598,23,01-07-2019,30-06-2022
COMMUNITY HOWARD REGIONAL HEALTH INC.,150007,IN,READM-30-COPD-HRRP,260,1.0699,17.8371,16.6724,51,01-07-2019,30-06-2022
COMMUNITY HOWARD REGIONAL HEALTH INC.,150007,IN,READM-30-CABG-HRRP,306,0.9565,3.8147,3.9879,11,01-07-2019,30-06-2022
COMMUNITY HOWARD REGIONAL HEALTH INC.,150007,IN,READM-30-AMI-HRRP,636,0.8986,17.4443,19.4124,104,01-07-2019,30-06-2022
ST CATHERINE HOSPITAL INC,150008,IN,READM-30-PN-HRRP,86,1.0574,19.0907,18.0546,20,01-07-2019,30-06-2022
ST CATHERINE HOSPITAL INC,150008,IN,READM-30-HF-HRRP,378,0.8769,10.9139,12.4454,35,01-07-2019,30-06-2022
ST CATHERINE HOSPITAL INC,150008,IN,READM-30-COPD-HRRP,78,1.0651,17.5017,16.4324,18,01-07-2019,30-06-2022
CLARK MEMORIAL HOSPITAL,150009,IN,READM-30-PN-HRRP,62,1.0834,15.5537,14.3558,15,01-07-2019,30-06-2022
CLARK MEMORIAL HOSPITAL,150009,IN,READM-30-HF-HRRP,126,0.9888,16.44,16.6258,20,01-07-2019,30-06-2022
ASCENSION ST VINCENT KOKOMO,150010,IN,READM-30-HF-HRRP,96,1.0104,15.9348,15.7702,16,01-07-2019,30-06-2022
ASCENSION ST VINCENT KOKOMO,150010,IN,READM-30-CABG-HRRP,167,1.0352,20.1905,19.5044,36,01-07-2019,30-06-2022
MARION GENERAL HOSPITAL,150011,IN,READM-30-COPD-HRRP,76,1.0052,19.2863,19.1861,15,01-07-2019,30-06-2022
MARION GENERAL HOSPITAL,150011,IN,READM-30-CABG-HRRP,303,1.0058,16.3721,16.278,50,01-07-2019,30-06-2022
SAINT JOSEPH REGIONAL MEDICAL CENTER,150012,IN,READM-30-PN-HRRP,428,0.8964,17.7876,19.8444,69,01-07-2019,30-06-2022
SAINT JOSEPH REGIONAL MEDICAL CENTER,150012,IN,READM-30-HIP-KNEE-HRRP,81,0.9963,20.0595,20.1345,16,01-07-2019,30-06-2022
SAINT JOSEPH REGIONAL MEDICAL CENTER,150012,IN,READM-30-COPD-HRRP,233,1.0055,12.7614,12.6911,30,01-07-2019,30-06-2022
SAINT JOSEPH REGIONAL MEDICAL CENTER,150012,IN,READM-30-CABG-HRRP,151,0.9699,18.6498,19.2287,26,01-07-2019,30-06-2022
FRANCISCAN HEALTH MICHIGAN CITY,150015,IN,READM-30-PN-HRRP,160,0.9237,20.8692,22.5937,28,01-07-2019,30-06-2022
LUTHERAN HOSPITAL OF INDIANA,150017,IN,READM-30-PN-HRRP,67,1.0618,16.3759,15.4231,15,01-07-2019,30-06-2022
LUTHERAN HOSPITAL OF INDIANA,150017,IN,READM-30-HIP-KNEE-HRRP,78,1.085,20.0844,18.5106,21,01-07-2019,30-06-2022
LUTHERAN HOSPITAL OF INDIANA,150017,IN,READM-30-HF-HRRP,281,0.8622,14.5702,16.8989,31,01-07-2019,30-06-2022
LUTHERAN HOSPITAL OF INDIANA,150017,IN,READM-30-CABG-HRRP,305,0.9005,17.9809,19.9685,48,01-07-2019,30-06-2022
LUTHERAN HOSPITAL OF INDIANA,150017,IN,READM-30-AMI-HRRP,87,0.9113,19.8918,21.8285,11,01-07-2019,30-06-2022
ELKHART GENERAL HOSPITAL,150018,IN,READM-30-PN-HRRP,136,0.9851,13.7741,13.9818,18,01-07-2019,30-06-2022
ELKHART GENERAL HOSPITAL,150018,IN,READM-30-HIP-KNEE-HRRP,170,1.01,17.2443,17.0734,30,01-07-2019,30-06-2022
ELKHART GENERAL HOSPITAL,150018,IN,READM-30-COPD-HRRP,163,0.9044,18.8164,20.806,24,01-07-2019,30-06-2022
PARKVIEW REGIONAL MEDICAL CENTER,150021,IN,READM-30-HIP-KNEE-HRRP,60,1.0164,19.8802,19.5585,13,01-07-2019,30-06-2022
PARKVIEW REGIONAL MEDICAL CENTER,150021,IN,READM-30-HF-HRRP,86,0.9923,14.5501,14.6623,12,01-07-2019,30-06-2022
PARKVIEW REGIONAL MEDICAL CENTER,150021,IN,READM-30-CABG-HRRP,109,0.9242,17.5582,18.998,14,01-07-2019,30-06-2022
FRANCISCAN HEALTH CRAWFORDSVILLE,150022,IN,READM-30-PN-HRRP,200,0.9835,16.5685,16.8458,32,01-07-2019,30-06-2022
FRANCISCAN HEALTH CRAWFORDSVILLE,150022,IN,READM-30-HF-HRRP,342,1.0379,19.4616,18.7512,69,01-07-2019,30-06-2022
FRANCISCAN HEALTH CRAWFORDSVILLE,150022,IN,READM-30-COPD-HRRP,119,1.0405,19.656,18.8912,26,01-07-2019,30-06-2022
FRANCISCAN HEALTH CRAWFORDSVILLE,150022,IN,READM-30-AMI-HRRP,242,1.0044,11.8955,11.8429,29,01-07-2019,30-06-2022
UNION HOSPITAL INC,150023,IN,READM-30-PN-HRRP,335,0.8559,13.8632,16.197,36,01-07-2019,30-06-2022
UNION HOSPITAL INC,150023,IN,READM-30-HIP-KNEE-HRRP,419,0.9816,4.1246,4.2019,17,01-07-2019,30-06-2022
UNION HOSPITAL INC,150023,IN,READM-30-HF-HRRP,589,0.8679,16.3187,18.8024,87,01-07-2019,30-06-2022
UNION HOSPITAL INC,150023,IN,READM-30-COPD-HRRP,142,1.1008,19.5728,17.7802,34,01-07-2019,30-06-2022
UNION HOSPITAL INC,150023,IN,READM-30-CABG-HRRP,58,1.1756,12.7758,10.8675,12,01-07-2019,30-06-2022
UNION HOSPITAL INC,150023,IN,READM-30-AMI-HRRP,220,1.0214,13.168,12.8922,30,01-07-2019,30-06-2022
ESKENAZI HEALTH,150024,IN,READM-30-AMI-HRRP,252,0.9934,16.052,16.1589,40,01-07-2019,30-06-2022
GOSHEN HOSPITAL,150026,IN,READM-30-HIP-KNEE-HRRP,265,0.9019,16.0635,17.8115,36,01-07-2019,30-06-2022
GOSHEN HOSPITAL,150026,IN,READM-30-HF-HRRP,92,0.9726,18.2425,18.7556,15,01-07-2019,30-06-2022
GOSHEN HOSPITAL,150026,IN,READM-30-CABG-HRRP,164,1.0015,16.4007,16.3758,27,01-07-2019,30-06-2022
GOSHEN HOSPITAL,150026,IN,READM-30-AMI-HRRP,318,1.0739,20.2194,18.8287,69,01-07-2019,30-06-2022
HENRY COUNTY MEMORIAL HOSPITAL,150030,IN,READM-30-COPD-HRRP,93,1.0484,15.9304,15.1948,18,01-07-2019,30-06-2022
HENRY COUNTY MEMORIAL HOSPITAL,150030,IN,READM-30-AMI-HRRP,157,0.9955,18.6586,18.7428,29,01-07-2019,30-06-2022
ST MARY MEDICAL CENTER INC,150034,IN,READM-30-COPD-HRRP,119,0.9929,18.0314,18.1596,21,01-07-2019,30-06-2022
ST MARY MEDICAL CENTER INC,150034,IN,READM-30-CABG-HRRP,153,0.9712,17.0083,17.5133,24,01-07-2019,30-06-2022
NORTHWEST HEALTH - PORTER,150035,IN,READM-30-PN-HRRP,326,1.0154,20.8514,20.5357,69,01-07-2019,30-06-2022
NORTHWEST HEALTH - PORTER,150035,IN,READM-30-HIP-KNEE-HRRP,81,1.0134,22.3414,22.0461,19,01-07-2019,30-06-2022
HANCOCK REGIONAL HOSPITAL,150037,IN,READM-30-HIP-KNEE-HRRP,716,0.9803,16.3901,16.7187,116,01-07-2019,30-06-2022
HANCOCK REGIONAL HOSPITAL,150037,IN,READM-30-COPD-HRRP,813,1.0149,20.5421,20.2406,168,01-07-2019,30-06-2022
HANCOCK REGIONAL HOSPITAL,150037,IN,READM-30-CABG-HRRP,321,0.8964,17.4638,19.4825,49,01-07-2019,30-06-2022
HANCOCK REGIONAL HOSPITAL,150037,IN,READM-30-AMI-HRRP,287,0.8381,7.9446,9.4794,18,01-07-2019,30-06-2022
GOOD SAMARITAN HOSPITAL,150042,IN,READM-30-PN-HRRP,291,0.8817,11.3517,12.8742,27,01-07-2019,30-06-2022
GOOD SAMARITAN HOSPITAL,150042,IN,READM-30-HIP-KNEE-HRRP,122,0.9489,14.3222,15.0938,14,01-07-2019,30-06-2022
GOOD SAMARITAN HOSPITAL,150042,IN,READM-30-HF-HRRP,113,0.9594,17.3937,18.129,17,01-07-2019,30-06-2022
GOOD SAMARITAN HOSPITAL,150042,IN,READM-30-CABG-HRRP,77,0.9797,16.0926,16.4255,11,01-07-2019,30-06-2022
GOOD SAMARITAN HOSPITAL,150042,IN,READM-30-AMI-HRRP,62,1.0427,19.7828,18.9728,15,01-07-2019,30-06-2022
BAPTIST HEALTH FLOYD,150044,IN,READM-30-HIP-KNEE-HRRP,507,1.0275,18.5618,18.0643,96,01-07-2019,30-06-2022
BAPTIST HEALTH FLOYD,150044,IN,READM-30-HF-HRRP,226,1.2164,5.7321,4.7124,16,01-07-2019,30-06-2022
BAPTIST HEALTH FLOYD,150044,IN,READM-30-COPD-HRRP,343,0.9988,21.0155,21.0415,72,01-07-2019,30-06-2022
BAPTIST HEALTH FLOYD,150044,IN,READM-30-CABG-HRRP,177,0.9778,18.8989,19.3284,32,01-07-2019,30-06-2022
PARKVIEW DEKALB HOSPITAL,150045,IN,READM-30-PN-HRRP,166,0.9803,13.2347,13.5007,21,01-07-2019,30-06-2022
PARKVIEW DEKALB HOSPITAL,150045,IN,READM-30-HF-HRRP,620,1.0431,18.879,18.0994,120,01-07-2019,30-06-2022
PARKVIEW DEKALB HOSPITAL,150045,IN,READM-30-CABG-HRRP,654,1.1774,25.7729,21.8894,180,01-07-2019,30-06-2022
PARKVIEW DEKALB HOSPITAL,150045,IN,READM-30-AMI-HRRP,166,0.9615,19.0227,19.7851,29,01-07-2019,30-06-2022
TERRE HAUTE REGIONAL HOSPITAL,150046,IN,READM-30-HIP-KNEE-HRRP,278,1.0502,16.0117,15.2459,47,01-07-2019,30-06-2022
TERRE HAUTE REGIONAL HOSPITAL,150046,IN,READM-30-HF-HRRP,145,0.9795,15.4363,15.7587,21,01-07-2019,30-06-2022
TERRE HAUTE REGIONAL HOSPITAL,150046,IN,READM-30-AMI-HRRP,118,0.9898,14.1304,14.2756,16,01-07-2019,30-06-2022
"ST JOSEPH HEALTH SYSTEM, LLC",150047,IN,READM-30-HIP-KNEE-HRRP,70,0.9892,16.6908,16.8727,11,01-07-2019,30-06-2022
"ST JOSEPH HEALTH SYSTEM, LLC",150047,IN,READM-30-CABG-HRRP,223,1.0207,17.3026,16.9512,40,01-07-2019,30-06-2022
"ST JOSEPH HEALTH SYSTEM, LLC",150047,IN,READM-30-AMI-HRRP,229,1.0281,19.7245,19.1852,47,01-07-2019,30-06-2022
REID HEALTH,150048,IN,READM-30-PN-HRRP,53,1.0139,19.0322,18.771,11,01-07-2019,30-06-2022
REID HEALTH,150048,IN,READM-30-HIP-KNEE-HRRP,125,1.0926,14.1121,12.9158,22,01-07-2019,30-06-2022
REID HEALTH,150048,IN,READM-30-HF-HRRP,614,1.0197,17.3701,17.0338,108,01-07-2019,30-06-2022
REID HEALTH,150048,IN,READM-30-CABG-HRRP,617,1.0503,21.0244,20.0175,133,01-07-2019,30-06-2022
REID HEALTH,150048,IN,READM-30-AMI-HRRP,152,0.9895,18.8746,19.0757,28,01-07-2019,30-06-2022
INDIANA UNIVERSITY HEALTH BLOOMINGTON HOSPITAL,150051,IN,READM-30-HIP-KNEE-HRRP,238,0.9952,12.7017,12.7623,30,01-07-2019,30-06-2022
INDIANA UNIVERSITY HEALTH BLOOMINGTON HOSPITAL,150051,IN,READM-30-AMI-HRRP,307,1.0396,17.0517,16.4017,55,01-07-2019,30-06-2022
INDIANA UNIVERSITY HEALTH,150056,IN,READM-30-PN-HRRP,384,1.1612,5.133,4.4203,22,01-07-2019,30-06-2022
INDIANA UNIVERSITY HEALTH,150056,IN,READM-30-HIP-KNEE-HRRP,527,1.0485,21.5947,20.5952,117,01-07-2019,30-06-2022
INDIANA UNIVERSITY HEALTH,150056,IN,READM-30-HF-HRRP,140,1.0336,19.1653,18.5429,29,01-07-2019,30-06-2022
INDIANA UNIVERSITY HEALTH,150056,IN,READM-30-CABG-HRRP,183,1.065,12.5765,11.8091,26,01-07-2019,30-06-2022
FRANCISCAN HEALTH MOORESVILLE,150057,IN,READM-30-HIP-KNEE-HRRP,104,1.0312,14.4066,13.9709,17,01-07-2019,30-06-2022
MEMORIAL HOSPITAL OF SOUTH BEND,150058,IN,READM-30-HIP-KNEE-HRRP,822,1.0324,16.6459,16.1233,139,01-07-2019,30-06-2022
MEMORIAL HOSPITAL OF SOUTH BEND,150058,IN,READM-30-HF-HRRP,224,1.0652,4.9207,4.6197,12,01-07-2019,30-06-2022
MEMORIAL HOSPITAL OF SOUTH BEND,150058,IN,READM-30-COPD-HRRP,645,1.0031,19.5036,19.4441,126,01-07-2019,30-06-2022
MEMORIAL HOSPITAL OF SOUTH BEND,150058,IN,READM-30-CABG-HRRP,187,1.0903,21.4901,19.71,46,01-07-2019,30-06-2022
MEMORIAL HOSPITAL OF SOUTH BEND,150058,IN,READM-30-AMI-HRRP,113,1.0524,9.3889,8.9211,12,01-07-2019,30-06-2022
RIVERVIEW HEALTH,150059,IN,READM-30-PN-HRRP,326,1.1269,14.7671,13.1041,54,01-07-2019,30-06-2022
RIVERVIEW HEALTH,150059,IN,READM-30-HIP-KNEE-HRRP,121,0.9741,13.8206,14.1888,15,01-07-2019,30-06-2022
RIVERVIEW HEALTH,150059,IN,READM-30-COPD-HRRP,102,1.0313,16.5624,16.0591,19,01-07-2019,30-06-2022
RIVERVIEW HEALTH,150059,IN,READM-30-CABG-HRRP,68,1.0031,18.8177,18.7592,13,01-07-2019,30-06-2022
DAVIESS COMMUNITY HOSPITAL,150061,IN,READM-30-PN-HRRP,327,1.0252,16.9144,16.499,57,01-07-2019,30-06-2022
DAVIESS COMMUNITY HOSPITAL,150061,IN,READM-30-HF-HRRP,195,1.106,21.6603,19.5846,49,01-07-2019,30-06-2022
DAVIESS COMMUNITY HOSPITAL,150061,IN,READM-30-COPD-HRRP,102,0.9967,19.8222,19.8882,20,01-07-2019,30-06-2022
SCHNECK MEDICAL CENTER,150065,IN,READM-30-PN-HRRP,72,1.0643,15.0843,14.1727,15,01-07-2019,30-06-2022
SCHNECK MEDICAL CENTER,150065,IN,READM-30-HF-HRRP,125,0.9359,14.7619,15.7734,14,01-07-2019,30-06-2022
SCHNECK MEDICAL CENTER,150065,IN,READM-30-CABG-HRRP,106,1.0208,17.6268,17.2681,20,01-07-2019,30-06-2022
SCHNECK MEDICAL CENTER,150065,IN,READM-30-AMI-HRRP,74,0.9753,18.4401,18.9067,12,01-07-2019,30-06-2022
NORTON-KING'S DAUGHTERS' HEALTH,150069,IN,READM-30-PN-HRRP,88,1.0836,13.7336,12.6745,16,01-07-2019,30-06-2022
NORTON-KING'S DAUGHTERS' HEALTH,150069,IN,READM-30-HIP-KNEE-HRRP,77,1.0066,18.8839,18.761,15,01-07-2019,30-06-2022
NORTON-KING'S DAUGHTERS' HEALTH,150069,IN,READM-30-AMI-HRRP,109,1.0475,17.0943,16.3185,21,01-07-2019,30-06-2022
MEMORIAL HOSPITAL,150072,IN,READM-30-PN-HRRP,68,1.0489,14.4955,13.8203,13,01-07-2019,30-06-2022
MEMORIAL HOSPITAL,150072,IN,READM-30-HF-HRRP,588,1.0746,18.8751,17.5646,116,01-07-2019,30-06-2022
MEMORIAL HOSPITAL,150072,IN,READM-30-COPD-HRRP,459,0.9405,4.1241,4.3847,18,01-07-2019,30-06-2022
MEMORIAL HOSPITAL,150072,IN,READM-30-CABG-HRRP,673,1.108,23.3235,21.0498,164,01-07-2019,30-06-2022
MEMORIAL HOSPITAL,150072,IN,READM-30-AMI-HRRP,268,1.048,20.8516,19.8972,59,01-07-2019,30-06-2022
COMMUNITY HOSPITAL EAST,150074,IN,READM-30-PN-HRRP,191,1.0528,9.7338,9.2454,20,01-07-2019,30-06-2022
COMMUNITY HOSPITAL EAST,150074,IN,READM-30-HIP-KNEE-HRRP,251,1.0938,13.023,11.9066,37,01-07-2019,30-06-2022
COMMUNITY HOSPITAL EAST,150074,IN,READM-30-HF-HRRP,170,1.1212,18.3215,16.3412,39,01-07-2019,30-06-2022
COMMUNITY HOSPITAL EAST,150074,IN,READM-30-CABG-HRRP,151,1.1223,21.3579,19.0304,40,01-07-2019,30-06-2022
COMMUNITY HOSPITAL EAST,150074,IN,READM-30-AMI-HRRP,65,1.0813,18.4236,17.0384,17,01-07-2019,30-06-2022
BLUFFTON REGIONAL MEDICAL CENTER,150075,IN,READM-30-PN-HRRP,110,1.1008,14.8103,13.4546,21,01-07-2019,30-06-2022
BLUFFTON REGIONAL MEDICAL CENTER,150075,IN,READM-30-HIP-KNEE-HRRP,117,0.972,16.198,16.6642,17,01-07-2019,30-06-2022
BLUFFTON REGIONAL MEDICAL CENTER,150075,IN,READM-30-HF-HRRP,131,1.05,21.1466,20.1404,31,01-07-2019,30-06-2022
SAINT JOSEPH REGIONAL MEDICAL CENTER - PLYMOUTH,150076,IN,READM-30-PN-HRRP,193,1.0161,17.0491,16.779,34,01-07-2019,30-06-2022
SAINT JOSEPH REGIONAL MEDICAL CENTER - PLYMOUTH,150076,IN,READM-30-HIP-KNEE-HRRP,89,1.0216,21.9503,21.4861,21,01-07-2019,30-06-2022
SAINT JOSEPH REGIONAL MEDICAL CENTER - PLYMOUTH,150076,IN,READM-30-HF-HRRP,80,1.0092,18.0257,17.8621,15,01-07-2019,30-06-2022
SAINT JOSEPH REGIONAL MEDICAL CENTER - PLYMOUTH,150076,IN,READM-30-COPD-HRRP,159,0.9721,15.6674,16.1174,23,01-07-2019,30-06-2022
SAINT JOSEPH REGIONAL MEDICAL CENTER - PLYMOUTH,150076,IN,READM-30-AMI-HRRP,179,1.0951,21.7109,19.8261,45,01-07-2019,30-06-2022
DEACONESS HOSPITAL INC,150082,IN,READM-30-PN-HRRP,95,0.999,19.0131,19.0315,18,01-07-2019,30-06-2022
ASCENSION ST VINCENT HOSPITAL,150084,IN,READM-30-HF-HRRP,227,1.0593,18.0729,17.0604,45,01-07-2019,30-06-2022
ASCENSION ST VINCENT HOSPITAL,150084,IN,READM-30-COPD-HRRP,149,1.132,21.3065,18.8224,40,01-07-2019,30-06-2022
ASCENSION ST VINCENT HOSPITAL,150084,IN,READM-30-CABG-HRRP,85,0.9909,20.7162,20.9067,17,01-07-2019,30-06-2022
ASCENSION ST VINCENT HOSPITAL,150084,IN,READM-30-AMI-HRRP,88,1.1485,12.9799,11.3013,18,01-07-2019,30-06-2022
ST ELIZABETH DEARBORN HOSPITAL,150086,IN,READM-30-PN-HRRP,96,1.0072,18.2271,18.0975,18,01-07-2019,30-06-2022
ST ELIZABETH DEARBORN HOSPITAL,150086,IN,READM-30-HF-HRRP,103,0.9292,17.2174,18.53,13,01-07-2019,30-06-2022
ST ELIZABETH DEARBORN HOSPITAL,150086,IN,READM-30-AMI-HRRP,327,1.0748,17.458,16.2424,62,01-07-2019,30-06-2022
ASCENSION ST VINCENT ANDERSON,150088,IN,READM-30-HIP-KNEE-HRRP,290,1.004,19.2188,19.1415,56,01-07-2019,30-06-2022
ASCENSION ST VINCENT ANDERSON,150088,IN,READM-30-HF-HRRP,112,1.0442,18.0753,17.3095,23,01-07-2019,30-06-2022
ASCENSION ST VINCENT ANDERSON,150088,IN,READM-30-CABG-HRRP,160,0.9471,11.6323,12.2817,16,01-07-2019,30-06-2022
ASCENSION ST VINCENT ANDERSON,150088,IN,READM-30-AMI-HRRP,753,1.0517,17.7322,16.8602,137,01-07-2019,30-06-2022
INDIANA UNIVERSITY HEALTH BALL MEMORIAL HOSPITAL,150089,IN,READM-30-PN-HRRP,441,0.799,3.489,4.3665,12,01-07-2019,30-06-2022
INDIANA UNIVERSITY HEALTH BALL MEMORIAL HOSPITAL,150089,IN,READM-30-HIP-KNEE-HRRP,776,0.9382,18.5835,19.8079,140,01-07-2019,30-06-2022
INDIANA UNIVERSITY HEALTH BALL MEMORIAL HOSPITAL,150089,IN,READM-30-HF-HRRP,197,0.9482,17.9715,18.9532,32,01-07-2019,30-06-2022
INDIANA UNIVERSITY HEALTH BALL MEMORIAL HOSPITAL,150089,IN,READM-30-CABG-HRRP,216,0.9852,13.3014,13.5013,28,01-07-2019,30-06-2022
INDIANA UNIVERSITY HEALTH BALL MEMORIAL HOSPITAL,150089,IN,READM-30-AMI-HRRP,380,1.1066,18.6936,16.8921,78,01-07-2019,30-06-2022
FRANCISCAN HEALTH DYER,150090,IN,READM-30-HIP-KNEE-HRRP,305,0.9257,19.3894,20.9459,54,01-07-2019,30-06-2022
FRANCISCAN HEALTH DYER,150090,IN,READM-30-HF-HRRP,168,1.0335,19.5505,18.9172,35,01-07-2019,30-06-2022
FRANCISCAN HEALTH DYER,150090,IN,READM-30-COPD-HRRP,111,0.9911,11.9405,12.0477,13,01-07-2019,30-06-2022
FRANCISCAN HEALTH DYER,150090,IN,READM-30-CABG-HRRP,159,0.9787,13.2353,13.524,20,01-07-2019,30-06-2022
FRANCISCAN HEALTH DYER,150090,IN,READM-30-AMI-HRRP,125,1.116,17.226,15.4357,29,01-07-2019,30-06-2022
PARKVIEW HUNTINGTON HOSPITAL,150091,IN,READM-30-PN-HRRP,71,1.0325,19.5684,18.9523,16,01-07-2019,30-06-2022
PARKVIEW HUNTINGTON HOSPITAL,150091,IN,READM-30-HF-HRRP,73,1.0391,16.9521,16.3146,15,01-07-2019,30-06-2022
PARKVIEW HUNTINGTON HOSPITAL,150091,IN,READM-30-CABG-HRRP,72,1.0745,19.7968,18.4234,19,01-07-2019,30-06-2022
MAJOR HOSPITAL,150097,IN,READM-30-CABG-HRRP,97,1.0342,14.2241,13.7541,16,01-07-2019,30-06-2022
ASCENSION ST VINCENT EVANSVILLE,150100,IN,READM-30-HF-HRRP,65,1.0906,13.6486,12.5151,13,01-07-2019,30-06-2022
ASCENSION ST VINCENT EVANSVILLE,150100,IN,READM-30-COPD-HRRP,503,1.1636,20.1484,17.3157,112,01-07-2019,30-06-2022
ASCENSION ST VINCENT EVANSVILLE,150100,IN,READM-30-CABG-HRRP,670,1.0712,22.1398,20.6683,153,01-07-2019,30-06-2022
ASCENSION ST VINCENT EVANSVILLE,150100,IN,READM-30-AMI-HRRP,185,1.117,20.961,18.7659,46,01-07-2019,30-06-2022
PARKVIEW WHITLEY HOSPITAL,150101,IN,READM-30-PN-HRRP,101,1.1159,11.8138,10.5866,15,01-07-2019,30-06-2022
PARKVIEW WHITLEY HOSPITAL,150101,IN,READM-30-HIP-KNEE-HRRP,172,1.2387,17.0579,13.7706,40,01-07-2019,30-06-2022
PARKVIEW WHITLEY HOSPITAL,150101,IN,READM-30-CABG-HRRP,196,1.0542,17.0507,16.174,37,01-07-2019,30-06-2022
PARKVIEW WHITLEY HOSPITAL,150101,IN,READM-30-AMI-HRRP,153,0.964,19.2312,19.9491,27,01-07-2019,30-06-2022
NORTHWEST HEALTH - STARKE,150102,IN,READM-30-HF-HRRP,107,1.0424,16.0781,15.4243,20,01-07-2019,30-06-2022
NORTHWEST HEALTH - STARKE,150102,IN,READM-30-CABG-HRRP,52,1.0455,19.4023,18.5581,13,01-07-2019,30-06-2022
WITHAM HEALTH SERVICES,150104,IN,READM-30-PN-HRRP,412,1.0599,18.9144,17.8452,82,01-07-2019,30-06-2022
WITHAM HEALTH SERVICES,150104,IN,READM-30-HIP-KNEE-HRRP,324,1.1021,23.2404,21.0871,82,01-07-2019,30-06-2022
WITHAM HEALTH SERVICES,150104,IN,READM-30-HF-HRRP,114,1.0456,20.2399,19.3579,26,01-07-2019,30-06-2022
WITHAM HEALTH SERVICES,150104,IN,READM-30-CABG-HRRP,142,1.075,12.3781,11.515,21,01-07-2019,30-06-2022
WITHAM HEALTH SERVICES,150104,IN,READM-30-AMI-HRRP,163,1.0664,18.1398,17.0104,34,01-07-2019,30-06-2022
FRANCISCAN HEALTH LAFAYETTE,150109,IN,READM-30-PN-HRRP,243,0.9844,19.7688,20.0812,47,01-07-2019,30-06-2022
FRANCISCAN HEALTH LAFAYETTE,150109,IN,READM-30-HIP-KNEE-HRRP,79,1.0679,22.1936,20.7831,22,01-07-2019,30-06-2022
FRANCISCAN HEALTH LAFAYETTE,150109,IN,READM-30-COPD-HRRP,887,0.9709,17.4797,18.0035,153,01-07-2019,30-06-2022
FRANCISCAN HEALTH LAFAYETTE,150109,IN,READM-30-AMI-HRRP,542,0.9169,19.1441,20.8798,98,01-07-2019,30-06-2022
COLUMBUS REGIONAL HOSPITAL,150112,IN,READM-30-PN-HRRP,300,0.8978,17.9862,20.0335,47,01-07-2019,30-06-2022
COLUMBUS REGIONAL HOSPITAL,150112,IN,READM-30-HIP-KNEE-HRRP,180,1.0029,11.0652,11.0327,20,01-07-2019,30-06-2022
COLUMBUS REGIONAL HOSPITAL,150112,IN,READM-30-HF-HRRP,293,1.0453,14.2691,13.6501,44,01-07-2019,30-06-2022
COLUMBUS REGIONAL HOSPITAL,150112,IN,READM-30-COPD-HRRP,144,0.9444,14.4714,15.3231,17,01-07-2019,30-06-2022
COLUMBUS REGIONAL HOSPITAL,150112,IN,READM-30-AMI-HRRP,186,1.0375,19.6624,18.951,39,01-07-2019,30-06-2022
COMMUNITY HOSPITAL OF ANDERSON AND MADISON COUNTY,150113,IN,READM-30-PN-HRRP,192,0.9924,16.9181,17.0477,32,01-07-2019,30-06-2022
COMMUNITY HOSPITAL OF ANDERSON AND MADISON COUNTY,150113,IN,READM-30-HIP-KNEE-HRRP,244,1.0791,16.7391,15.5118,46,01-07-2019,30-06-2022
COMMUNITY HOSPITAL OF ANDERSON AND MADISON COUNTY,150113,IN,READM-30-COPD-HRRP,130,1.0929,20.1142,18.405,32,01-07-2019,30-06-2022
COMMUNITY HOSPITAL OF ANDERSON AND MADISON COUNTY,150113,IN,READM-30-CABG-HRRP,124,1.0252,17.2802,16.8557,23,01-07-2019,30-06-2022
COMMUNITY HOSPITAL OF ANDERSON AND MADISON COUNTY,150113,IN,READM-30-AMI-HRRP,68,1.0773,12.421,11.5298,12,01-07-2019,30-06-2022
MEMORIAL HOSPITAL AND HEALTH CARE CENTER,150115,IN,READM-30-PN-HRRP,263,1.0255,17.5934,17.1556,48,01-07-2019,30-06-2022
MEMORIAL HOSPITAL AND HEALTH CARE CENTER,150115,IN,READM-30-HF-HRRP,262,0.9754,20.4871,21.0036,52,01-07-2019,30-06-2022
MEMORIAL HOSPITAL AND HEALTH CARE CENTER,150115,IN,READM-30-COPD-HRRP,120,1.0251,19.49,19.0129,25,01-07-2019,30-06-2022
MEMORIAL HOSPITAL AND HEALTH CARE CENTER,150115,IN,READM-30-AMI-HRRP,490,1.0344,17.0761,16.509,86,01-07-2019,30-06-2022
COMMUNITY HOSPITAL,150125,IN,READM-30-HIP-KNEE-HRRP,738,0.9615,18.7782,19.5292,136,01-07-2019,30-06-2022
COMMUNITY HOSPITAL,150125,IN,READM-30-HF-HRRP,125,1.026,19.4465,18.9534,26,01-07-2019,30-06-2022
COMMUNITY HOSPITAL,150125,IN,READM-30-COPD-HRRP,152,1.121,13.6167,12.1472,24,01-07-2019,30-06-2022
COMMUNITY HOSPITAL,150125,IN,READM-30-CABG-HRRP,169,1.0767,15,13.9318,29,01-07-2019,30-06-2022
FRANCISCAN HEALTH CROWN POINT,150126,IN,READM-30-HIP-KNEE-HRRP,71,1.0219,20.5096,20.0704,16,01-07-2019,30-06-2022
FRANCISCAN HEALTH CROWN POINT,150126,IN,READM-30-COPD-HRRP,248,0.9385,16.6803,17.7737,37,01-07-2019,30-06-2022
FRANCISCAN HEALTH CROWN POINT,150126,IN,READM-30-AMI-HRRP,326,1.019,21.6904,21.2854,72,01-07-2019,30-06-2022
"COMMUNITY HOSPITAL SOUTH, INC.",150128,IN,READM-30-PN-HRRP,127,1.0335,21.0967,20.4126,29,01-07-2019,30-06-2022
"COMMUNITY HOSPITAL SOUTH, INC.",150128,IN,READM-30-HIP-KNEE-HRRP,124,1.0607,14.5859,13.751,21,01-07-2019,30-06-2022
"COMMUNITY HOSPITAL SOUTH, INC.",150128,IN,READM-30-HF-HRRP,109,0.957,13.6738,14.2881,12,01-07-2019,30-06-2022
"COMMUNITY HOSPITAL SOUTH, INC.",150128,IN,READM-30-COPD-HRRP,38,1.0771,18.8619,17.511,12,01-07-2019,30-06-2022
"COMMUNITY HOSPITAL SOUTH, INC.",150128,IN,READM-30-AMI-HRRP,293,1.0871,18.5068,17.0238,60,01-07-2019,30-06-2022
KOSCIUSKO COMMUNITY HOSPITAL,150133,IN,READM-30-HIP-KNEE-HRRP,245,1.1207,22.5708,20.1398,63,01-07-2019,30-06-2022
KOSCIUSKO COMMUNITY HOSPITAL,150133,IN,READM-30-HF-HRRP,186,1.1097,20.5301,18.5001,45,01-07-2019,30-06-2022
KOSCIUSKO COMMUNITY HOSPITAL,150133,IN,READM-30-CABG-HRRP,146,1.0091,17.3807,17.2239,26,01-07-2019,30-06-2022
PARKVIEW NOBLE HOSPITAL,150146,IN,READM-30-PN-HRRP,166,0.9809,21.2753,21.6897,34,01-07-2019,30-06-2022
PARKVIEW NOBLE HOSPITAL,150146,IN,READM-30-HIP-KNEE-HRRP,51,1.0188,19.1987,18.8453,11,01-07-2019,30-06-2022
PARKVIEW NOBLE HOSPITAL,150146,IN,READM-30-COPD-HRRP,95,1.1021,15.8934,14.4207,20,01-07-2019,30-06-2022
PARKVIEW NOBLE HOSPITAL,150146,IN,READM-30-CABG-HRRP,327,1.0795,21.254,19.689,75,01-07-2019,30-06-2022
WOMEN'S HOSPITAL THE,150149,IN,READM-30-PN-HRRP,671,1.1306,25.104,22.2037,177,01-07-2019,30-06-2022
WOMEN'S HOSPITAL THE,150149,IN,READM-30-HIP-KNEE-HRRP,169,0.9697,21.3532,22.0205,34,01-07-2019,30-06-2022
WOMEN'S HOSPITAL THE,150149,IN,READM-30-HF-HRRP,104,0.9535,12.8641,13.4915,12,01-07-2019,30-06-2022
WOMEN'S HOSPITAL THE,150149,IN,READM-30-COPD-HRRP,222,0.9874,16.5068,16.7182,36,01-07-2019,30-06-2022
DUPONT HOSPITAL LLC,150150,IN,READM-30-PN-HRRP,440,0.9098,14.6244,16.0746,58,01-07-2019,30-06-2022
DUPONT HOSPITAL LLC,150150,IN,READM-30-HF-HRRP,526,0.9819,19.05,19.4009,99,01-07-2019,30-06-2022
DUPONT HOSPITAL LLC,150150,IN,READM-30-COPD-HRRP,195,0.8616,15.6058,18.1133,21,01-07-2019,30-06-2022
DUPONT HOSPITAL LLC,150150,IN,READM-30-CABG-HRRP,169,0.9531,9.6617,10.1375,15,01-07-2019,30-06-2022
DUPONT HOSPITAL LLC,150150,IN,READM-30-AMI-HRRP,260,1.002,12.2712,12.2469,32,01-07-2019,30-06-2022
ST VINCENT HEART CENTER,150153,IN,READM-30-PN-HRRP,187,1.0509,16.3958,15.602,34,01-07-2019,30-06-2022
ST VINCENT HEART CENTER,150153,IN,READM-30-HF-HRRP,193,1.041,19.3624,18.5992,40,01-07-2019,30-06-2022
ST VINCENT HEART CENTER,150153,IN,READM-30-COPD-HRRP,86,1.0434,17.818,17.0763,18,01-07-2019,30-06-2022
ASCENSION ST VINCENT CARMEL,150157,IN,READM-30-COPD-HRRP,187,0.9895,16.963,17.143,31,01-07-2019,30-06-2022
ASCENSION ST VINCENT CARMEL,150157,IN,READM-30-AMI-HRRP,210,1.0726,20.6488,19.2516,48,01-07-2019,30-06-2022
IU HEALTH WEST HOSPITAL,150158,IN,READM-30-PN-HRRP,65,0.9917,19.2993,19.4598,12,01-07-2019,30-06-2022
IU HEALTH WEST HOSPITAL,150158,IN,READM-30-HF-HRRP,108,1.0808,17.3,16.007,24,01-07-2019,30-06-2022
ORTHOINDY HOSPITAL,150160,IN,READM-30-AMI-HRRP,178,0.9474,14.3852,15.1836,22,01-07-2019,30-06-2022
INDIANA UNIVERSITY HEALTH NORTH HOSPITAL,150161,IN,READM-30-HIP-KNEE-HRRP,235,1.008,19.7754,19.6187,47,01-07-2019,30-06-2022
INDIANA UNIVERSITY HEALTH NORTH HOSPITAL,150161,IN,READM-30-HF-HRRP,73,1.0678,20.1482,18.8689,19,01-07-2019,30-06-2022
INDIANA UNIVERSITY HEALTH NORTH HOSPITAL,150161,IN,READM-30-COPD-HRRP,117,0.9458,11.722,12.3938,11,01-07-2019,30-06-2022
INDIANA UNIVERSITY HEALTH NORTH HOSPITAL,150161,IN,READM-30-CABG-HRRP,546,1.0235,16.7438,16.3598,93,01-07-2019,30-06-2022
INDIANA UNIVERSITY HEALTH NORTH HOSPITAL,150161,IN,READM-30-AMI-HRRP,409,0.9329,4.416,4.7335,17,01-07-2019,30-06-2022
FRANCISCAN HEALTH INDIANAPOLIS,150162,IN,READM-30-PN-HRRP,714,0.952,18.9427,19.8976,132,01-07-2019,30-06-2022
FRANCISCAN HEALTH INDIANAPOLIS,150162,IN,READM-30-HIP-KNEE-HRRP,166,0.9915,20.8226,21.0001,34,01-07-2019,30-06-2022
FRANCISCAN HEALTH INDIANAPOLIS,150162,IN,READM-30-HF-HRRP,137,1.2125,14.1928,11.7051,25,01-07-2019,30-06-2022
FRANCISCAN HEALTH INDIANAPOLIS,150162,IN,READM-30-COPD-HRRP,297,1.0407,13.1568,12.6422,41,01-07-2019,30-06-2022
FRANCISCAN HEALTH INDIANAPOLIS,150162,IN,READM-30-CABG-HRRP,382,0.9619,15.8728,16.5021,58,01-07-2019,30-06-2022
FRANCISCAN HEALTH INDIANAPOLIS,150162,IN,READM-30-AMI-HRRP,429,0.848,3.8506,4.5406,14,01-07-2019,30-06-2022
FRANCISCAN HEALTH MUNSTER,150165,IN,READM-30-PN-HRRP,500,0.9051,18.1085,20.0072,84,01-07-2019,30-06-2022
FRANCISCAN HEALTH MUNSTER,150165,IN,READM-30-HIP-KNEE-HRRP,107,0.9593,17.4578,18.1992,16,01-07-2019,30-06-2022
FRANCISCAN HEALTH MUNSTER,150165,IN,READM-30-HF-HRRP,147,0.9892,11.0929,11.2145,16,01-07-2019,30-06-2022
FRANCISCAN HEALTH MUNSTER,150165,IN,READM-30-COPD-HRRP,285,0.929,12.126,13.0528,31,01-07-2019,30-06-2022
PINNACLE HOSPITAL,150166,IN,READM-30-PN-HRRP,95,1.0965,16.6278,15.1644,22,01-07-2019,30-06-2022
PINNACLE HOSPITAL,150166,IN,READM-30-COPD-HRRP,520,1.1281,19.5342,17.3153,110,01-07-2019,30-06-2022
PINNACLE HOSPITAL,150166,IN,READM-30-AMI-HRRP,780,0.9395,18.9919,20.2143,144,01-07-2019,30-06-2022
ORTHOPAEDIC HOSPITAL AT PARKVIEW NORTH,150167,IN,READM-30-PN-HRRP,206,1.1256,20.9888,18.6463,51,01-07-2019,30-06-2022
ORTHOPAEDIC HOSPITAL AT PARKVIEW NORTH,150167,IN,READM-30-HF-HRRP,174,0.8444,10.9312,12.9459,11,01-07-2019,30-06-2022
ORTHOPAEDIC HOSPITAL AT PARKVIEW NORTH,150167,IN,READM-30-COPD-HRRP,185,0.936,15.3892,16.4418,24,01-07-2019,30-06-2022
ORTHOPAEDIC HOSPITAL AT PARKVIEW NORTH,150167,IN,READM-30-AMI-HRRP,186,0.9383,18.9337,20.1791,31,01-07-2019,30-06-2022
THE ORTHOPAEDIC HOSPITAL OF LUTHERAN HEALTH NETWOR,150168,IN,READM-30-PN-HRRP,64,0.989,18.2942,18.4979,11,01-07-2019,30-06-2022
THE ORTHOPAEDIC HOSPITAL OF LUTHERAN HEALTH NETWOR,150168,IN,READM-30-HIP-KNEE-HRRP,108,0.9685,12.5315,12.939,12,01-07-2019,30-06-2022
THE ORTHOPAEDIC HOSPITAL OF LUTHERAN HEALTH NETWOR,150168,IN,READM-30-HF-HRRP,206,0.9175,14.9509,16.2956,25,01-07-2019,30-06-2022
THE ORTHOPAEDIC HOSPITAL OF LUTHERAN HEALTH NETWOR,150168,IN,READM-30-CABG-HRRP,358,1.0556,21.6018,20.4636,81,01-07-2019,30-06-2022
THE ORTHOPAEDIC HOSPITAL OF LUTHERAN HEALTH NETWOR,150168,IN,READM-30-AMI-HRRP,76,0.9735,18.076,18.5683,12,01-07-2019,30-06-2022
COMMUNITY HOSPITAL NORTH,150169,IN,READM-30-PN-HRRP,94,0.9916,13.1986,13.3103,12,01-07-2019,30-06-2022
COMMUNITY HOSPITAL NORTH,150169,IN,READM-30-HIP-KNEE-HRRP,302,1.097,19.048,17.3632,64,01-07-2019,30-06-2022
COMMUNITY HOSPITAL NORTH,150169,IN,READM-30-COPD-HRRP,157,0.9765,19.4756,19.9436,29,01-07-2019,30-06-2022
PHYSICIANS' MEDICAL CENTER LLC,150172,IN,READM-30-HIP-KNEE-HRRP,148,1.0335,18.7096,18.1026,30,01-07-2019,30-06-2022
PHYSICIANS' MEDICAL CENTER LLC,150172,IN,READM-30-COPD-HRRP,316,1.1683,23.5467,20.1547,85,01-07-2019,30-06-2022
PHYSICIANS' MEDICAL CENTER LLC,150172,IN,READM-30-CABG-HRRP,60,1.0294,21.7401,21.1201,15,01-07-2019,30-06-2022
INDIANA UNIVERSITY HEALTH ARNETT HOSPITAL,150173,IN,READM-30-PN-HRRP,215,0.8965,15.5399,17.3338,26,01-07-2019,30-06-2022
INDIANA UNIVERSITY HEALTH ARNETT HOSPITAL,150173,IN,READM-30-HIP-KNEE-HRRP,238,0.9208,19.1111,20.7547,40,01-07-2019,30-06-2022
INDIANA UNIVERSITY HEALTH ARNETT HOSPITAL,150173,IN,READM-30-COPD-HRRP,159,0.985,12.41,12.5995,19,01-07-2019,30-06-2022
INDIANA UNIVERSITY HEALTH ARNETT HOSPITAL,150173,IN,READM-30-CABG-HRRP,294,0.9739,17.2909,17.7539,49,01-07-2019,30-06-2022
UNITY PHYSICIANS HOSPITAL,150177,IN,READM-30-PN-HRRP,279,0.995,20.9092,21.014,58,01-07-2019,30-06-2022
UNITY PHYSICIANS HOSPITAL,150177,IN,READM-30-HIP-KNEE-HRRP,145,1.0514,21.1432,20.1098,34,01-07-2019,30-06-2022
UNITY PHYSICIANS HOSPITAL,150177,IN,READM-30-COPD-HRRP,107,1.0579,14.2365,13.4573,18,01-07-2019,30-06-2022
UNITY PHYSICIANS HOSPITAL,150177,IN,READM-30-CABG-HRRP,783,0.9406,15.9857,16.9958,121,01-07-2019,30-06-2022
FAIRBANKS,150179,IN,READM-30-PN-HRRP,644,0.909,18.839,20.7247,115,01-07-2019,30-06-2022
FAIRBANKS,150179,IN,READM-30-HIP-KNEE-HRRP,170,1.0036,19.2742,19.205,33,01-07-2019,30-06-2022
FAIRBANKS,150179,IN,READM-30-COPD-HRRP,182,0.873,11.2528,12.8898,14,01-07-2019,30-06-2022
FAIRBANKS,150179,IN,READM-30-CABG-HRRP,124,0.9077,14.0504,15.4786,11,01-07-2019,30-06-2022
ASCENSION ST VINCENT FISHERS,150181,IN,READM-30-PN-HRRP,82,1.0072,18.9402,18.8046,16,01-07-2019,30-06-2022
ASCENSION ST VINCENT FISHERS,150181,IN,READM-30-CABG-HRRP,229,0.9453,16.5379,17.4939,34,01-07-2019,30-06-2022
ASCENSION ST VINCENT FISHERS,150181,IN,READM-30-AMI-HRRP,302,0.9094,4.4572,4.9013,12,01-07-2019,30-06-2022
MONROE HOSPITAL,150183,IN,READM-30-PN-HRRP,325,0.9129,19.7365,21.6198,58,01-07-2019,30-06-2022
MONROE HOSPITAL,150183,IN,READM-30-HIP-KNEE-HRRP,68,1.0543,21.2403,20.1467,18,01-07-2019,30-06-2022
MONROE HOSPITAL,150183,IN,READM-30-COPD-HRRP,129,0.969,15.9764,16.4867,19,01-07-2019,30-06-2022
MONROE HOSPITAL,150183,IN,READM-30-CABG-HRRP,79,0.9819,18.0596,18.392,13,01-07-2019,30-06-2022
MONROE HOSPITAL,150183,IN,READM-30-AMI-HRRP,117,1.1093,26.1182,23.5454,38,01-07-2019,30-06-2022
"FRANCISCAN BEACON HOSPITAL, LLC",150191,IN,READM-30-HF-HRRP,84,1.0573,15.7412,14.8879,16,01-07-2019,30-06-2022
"FRANCISCAN BEACON HOSPITAL, LLC",150191,IN,READM-30-COPD-HRRP,481,1.0377,16.9396,16.3247,84,01-07-2019,30-06-2022
"FRANCISCAN BEACON HOSPITAL, LLC",150191,IN,READM-30-AMI-HRRP,857,0.9892,20.0383,20.2578,171,01-07-2019,30-06-2022
FRANCISCAN HEALTH ORTHOPEDIC HOSPITAL CARMEL,150193,IN,READM-30-PN-HRRP,131,0.9715,19.0081,19.5657,23,01-07-2019,30-06-2022
FRANCISCAN HEALTH ORTHOPEDIC HOSPITAL CARMEL,150193,IN,READM-30-HIP-KNEE-HRRP,122,0.9784,11.1647,11.4116,13,01-07-2019,30-06-2022
FRANCISCAN HEALTH ORTHOPEDIC HOSPITAL CARMEL,150193,IN,READM-30-HF-HRRP,260,1.1366,16.3689,14.4015,49,01-07-2019,30-06-2022
FRANCISCAN HEALTH ORTHOPEDIC HOSPITAL CARMEL,150193,IN,READM-30-COPD-HRRP,331,1.0454,16.6132,15.8922,58,01-07-2019,30-06-2022
FRANCISCAN HEALTH ORTHOPEDIC HOSPITAL CARMEL,150193,IN,READM-30-AMI-HRRP,210,0.8675,16.7792,19.3425,26,01-07-2019,30-06-2022
UNITYPOINT HEALTH - MARSHALLTOWN,160001,IA,READM-30-PN-HRRP,104,0.997,17.492,17.5446,18,01-07-2019,30-06-2022
UNITYPOINT HEALTH - MARSHALLTOWN,160001,IA,READM-30-HF-HRRP,121,1.0227,10.7059,10.4681,14,01-07-2019,30-06-2022
UNITYPOINT HEALTH - MARSHALLTOWN,160001,IA,READM-30-COPD-HRRP,119,0.9964,16.1731,16.2321,19,01-07-2019,30-06-2022
UNITYPOINT HEALTH - MARSHALLTOWN,160001,IA,READM-30-CABG-HRRP,135,0.9596,19.8151,20.6484,24,01-07-2019,30-06-2022
UNITYPOINT HEALTH - MARSHALLTOWN,160001,IA,READM-30-AMI-HRRP,89,1.0052,18.7216,18.624,17,01-07-2019,30-06-2022
ST ANTHONY REGIONAL HOSPITAL & NURSING HOME,160005,IA,READM-30-PN-HRRP,405,0.934,15.4598,16.5518,58,01-07-2019,30-06-2022
ST ANTHONY REGIONAL HOSPITAL & NURSING HOME,160005,IA,READM-30-HIP-KNEE-HRRP,304,0.9796,19.8594,20.273,59,01-07-2019,30-06-2022
ST ANTHONY REGIONAL HOSPITAL & NURSING HOME,160005,IA,READM-30-HF-HRRP,145,0.9576,17.7817,18.5692,23,01-07-2019,30-06-2022
ST ANTHONY REGIONAL HOSPITAL & NURSING HOME,160005,IA,READM-30-COPD-HRRP,123,0.9933,13.2726,13.3621,16,01-07-2019,30-06-2022
ST ANTHONY REGIONAL HOSPITAL & NURSING HOME,160005,IA,READM-30-CABG-HRRP,263,0.9742,17.4182,17.8799,44,01-07-2019,30-06-2022
ST ANTHONY REGIONAL HOSPITAL & NURSING HOME,160005,IA,READM-30-AMI-HRRP,575,0.8551,4.0693,4.759,21,01-07-2019,30-06-2022
TRINITY MUSCATINE,160013,IA,READM-30-PN-HRRP,431,0.9029,18.7455,20.7626,74,01-07-2019,30-06-2022
TRINITY MUSCATINE,160013,IA,READM-30-HIP-KNEE-HRRP,170,0.9269,18.2072,19.6434,26,01-07-2019,30-06-2022
TRINITY MUSCATINE,160013,IA,READM-30-COPD-HRRP,281,0.9051,13.1294,14.506,32,01-07-2019,30-06-2022
TRINITY MUSCATINE,160013,IA,READM-30-CABG-HRRP,235,0.978,18.1111,18.5183,41,01-07-2019,30-06-2022
TRINITY REGIONAL MEDICAL CENTER,160016,IA,READM-30-PN-HRRP,562,0.925,19.4282,21.0026,104,01-07-2019,30-06-2022
TRINITY REGIONAL MEDICAL CENTER,160016,IA,READM-30-HIP-KNEE-HRRP,110,1.0337,18.0674,17.4776,22,01-07-2019,30-06-2022
TRINITY REGIONAL MEDICAL CENTER,160016,IA,READM-30-HF-HRRP,167,0.9753,10.6033,10.8721,17,01-07-2019,30-06-2022
TRINITY REGIONAL MEDICAL CENTER,160016,IA,READM-30-COPD-HRRP,223,0.9607,13.4461,13.9961,28,01-07-2019,30-06-2022
TRINITY REGIONAL MEDICAL CENTER,160016,IA,READM-30-CABG-HRRP,248,0.9714,16.9303,17.4282,40,01-07-2019,30-06-2022
TRINITY REGIONAL MEDICAL CENTER,160016,IA,READM-30-AMI-HRRP,193,1.2224,5.1362,4.2018,13,01-07-2019,30-06-2022
CHI HEALTH MERCY COUNCIL BLUFFS,160028,IA,READM-30-PN-HRRP,310,1.0252,21.3942,20.8689,68,01-07-2019,30-06-2022
CHI HEALTH MERCY COUNCIL BLUFFS,160028,IA,READM-30-HIP-KNEE-HRRP,146,1.093,23.8713,21.8405,41,01-07-2019,30-06-2022
CHI HEALTH MERCY COUNCIL BLUFFS,160028,IA,READM-30-COPD-HRRP,148,0.9963,12.9592,13.0074,19,01-07-2019,30-06-2022
CHI HEALTH MERCY COUNCIL BLUFFS,160028,IA,READM-30-AMI-HRRP,47,1.0356,18.5418,17.9044,11,01-07-2019,30-06-2022
MERCY HOSPITAL,160029,IA,READM-30-HIP-KNEE-HRRP,96,0.9822,14.7801,15.0482,13,01-07-2019,30-06-2022
MARY GREELEY MEDICAL CENTER,160030,IA,READM-30-HIP-KNEE-HRRP,198,1.0361,17.9528,17.3267,38,01-07-2019,30-06-2022
MARY GREELEY MEDICAL CENTER,160030,IA,READM-30-HF-HRRP,211,0.9581,20.3234,21.2122,40,01-07-2019,30-06-2022
MARY GREELEY MEDICAL CENTER,160030,IA,READM-30-COPD-HRRP,69,1.0161,21.6333,21.2911,16,01-07-2019,30-06-2022
MARY GREELEY MEDICAL CENTER,160030,IA,READM-30-CABG-HRRP,96,0.9734,15.4286,15.8502,13,01-07-2019,30-06-2022
MERCYONE NEWTON MEDICAL CENTER,160032,IA,READM-30-PN-HRRP,98,0.9872,20.2648,20.5266,19,01-07-2019,30-06-2022
MERCYONE NEWTON MEDICAL CENTER,160032,IA,READM-30-CABG-HRRP,62,1.0293,21.0825,20.4822,15,01-07-2019,30-06-2022
GENESIS MEDICAL CENTER-DAVENPORT,160033,IA,READM-30-PN-HRRP,283,0.9763,13.9859,14.3259,38,01-07-2019,30-06-2022
GENESIS MEDICAL CENTER-DAVENPORT,160033,IA,READM-30-HF-HRRP,262,0.892,16.538,18.5404,36,01-07-2019,30-06-2022
GENESIS MEDICAL CENTER-DAVENPORT,160033,IA,READM-30-COPD-HRRP,159,1.0031,17.4858,17.4317,28,01-07-2019,30-06-2022
"SARTORI MEMORIAL HOSPITAL, INC",160040,IA,READM-30-PN-HRRP,632,1.0202,16.8727,16.5391,108,01-07-2019,30-06-2022
"SARTORI MEMORIAL HOSPITAL, INC",160040,IA,READM-30-HIP-KNEE-HRRP,358,1.2334,5.5189,4.4744,23,01-07-2019,30-06-2022
"SARTORI MEMORIAL HOSPITAL, INC",160040,IA,READM-30-HF-HRRP,649,1.0447,20.1992,19.3353,134,01-07-2019,30-06-2022
"SARTORI MEMORIAL HOSPITAL, INC",160040,IA,READM-30-COPD-HRRP,162,0.9982,19.2064,19.2402,31,01-07-2019,30-06-2022
"SARTORI MEMORIAL HOSPITAL, INC",160040,IA,READM-30-AMI-HRRP,254,1.0214,14.9376,14.6254,39,01-07-2019,30-06-2022
ST LUKES HOSPITAL,160045,IA,READM-30-PN-HRRP,200,1.0449,20.4182,19.5412,44,01-07-2019,30-06-2022
ST LUKES HOSPITAL,160045,IA,READM-30-HF-HRRP,425,1.0525,23.1667,22.012,102,01-07-2019,30-06-2022
ST LUKES HOSPITAL,160045,IA,READM-30-COPD-HRRP,126,1.0994,27.1012,24.6506,41,01-07-2019,30-06-2022
ST LUKES HOSPITAL,160045,IA,READM-30-AMI-HRRP,124,0.9412,15.4078,16.3702,16,01-07-2019,30-06-2022
METHODIST JENNIE EDMUNDSON,160047,IA,READM-30-PN-HRRP,250,0.9153,16.0029,17.4833,34,01-07-2019,30-06-2022
METHODIST JENNIE EDMUNDSON,160047,IA,READM-30-HF-HRRP,339,0.9095,19.2606,21.1765,59,01-07-2019,30-06-2022
METHODIST JENNIE EDMUNDSON,160047,IA,READM-30-COPD-HRRP,145,0.9874,19.1877,19.4331,27,01-07-2019,30-06-2022
METHODIST JENNIE EDMUNDSON,160047,IA,READM-30-AMI-HRRP,105,1.0297,12.0022,11.6562,14,01-07-2019,30-06-2022
SOUTHEAST IOWA REGIONAL MEDICAL CENTER,160057,IA,READM-30-PN-HRRP,200,0.9547,16.0705,16.8326,29,01-07-2019,30-06-2022
SOUTHEAST IOWA REGIONAL MEDICAL CENTER,160057,IA,READM-30-HIP-KNEE-HRRP,206,0.9687,19.9572,20.6023,39,01-07-2019,30-06-2022
SOUTHEAST IOWA REGIONAL MEDICAL CENTER,160057,IA,READM-30-HF-HRRP,86,0.943,17.1496,18.187,11,01-07-2019,30-06-2022
SOUTHEAST IOWA REGIONAL MEDICAL CENTER,160057,IA,READM-30-CABG-HRRP,147,1.0986,15.8251,14.4043,28,01-07-2019,30-06-2022
SOUTHEAST IOWA REGIONAL MEDICAL CENTER,160057,IA,READM-30-AMI-HRRP,99,1.0482,17.9204,17.0968,21,01-07-2019,30-06-2022
UNIVERSITY OF IOWA HOSPITAL & CLINICS,160058,IA,READM-30-HIP-KNEE-HRRP,126,1.0173,20.5167,20.1674,27,01-07-2019,30-06-2022
UNIVERSITY OF IOWA HOSPITAL & CLINICS,160058,IA,READM-30-CABG-HRRP,244,1.0475,18.7566,17.9058,49,01-07-2019,30-06-2022
MERCYONE NORTH IOWA MEDICAL CENTER,160064,IA,READM-30-PN-HRRP,186,1.0752,22.0893,20.5435,46,01-07-2019,30-06-2022
MERCYONE NORTH IOWA MEDICAL CENTER,160064,IA,READM-30-HIP-KNEE-HRRP,123,0.9896,21.7181,21.9466,26,01-07-2019,30-06-2022
MERCYONE NORTH IOWA MEDICAL CENTER,160064,IA,READM-30-HF-HRRP,64,1.05,13.458,12.8173,11,01-07-2019,30-06-2022
MERCYONE NORTH IOWA MEDICAL CENTER,160064,IA,READM-30-COPD-HRRP,281,1.0592,17.4575,16.4811,53,01-07-2019,30-06-2022
MERCYONE NORTH IOWA MEDICAL CENTER,160064,IA,READM-30-AMI-HRRP,105,1.0009,18.9909,18.9735,20,01-07-2019,30-06-2022
MERCYONE WATERLOO MEDICAL CENTER,160067,IA,READM-30-HIP-KNEE-HRRP,65,1.0623,16.8244,15.8372,14,01-07-2019,30-06-2022
MERCYONE WATERLOO MEDICAL CENTER,160067,IA,READM-30-HF-HRRP,73,1.0231,17.0481,16.663,14,01-07-2019,30-06-2022
MERCYONE WATERLOO MEDICAL CENTER,160067,IA,READM-30-CABG-HRRP,72,0.9919,18.7988,18.9521,13,01-07-2019,30-06-2022
MERCYONE DUBUQUE MEDICAL CENTER,160069,IA,READM-30-HIP-KNEE-HRRP,306,1.0023,17.2694,17.2303,53,01-07-2019,30-06-2022
MERCYONE DUBUQUE MEDICAL CENTER,160069,IA,READM-30-HF-HRRP,343,1.0328,21.8087,21.1162,77,01-07-2019,30-06-2022
MERCYONE DUBUQUE MEDICAL CENTER,160069,IA,READM-30-COPD-HRRP,120,1.0506,22.9889,21.8809,31,01-07-2019,30-06-2022
MERCYONE DUBUQUE MEDICAL CENTER,160069,IA,READM-30-CABG-HRRP,88,1.0129,14.0548,13.8756,13,01-07-2019,30-06-2022
MERCYONE DUBUQUE MEDICAL CENTER,160069,IA,READM-30-AMI-HRRP,107,1.0617,17.6407,16.6148,23,01-07-2019,30-06-2022
MERCY MEDICAL CENTER - CEDAR RAPIDS,160079,IA,READM-30-PN-HRRP,79,1.4671,6.379,4.3479,11,01-07-2019,30-06-2022
MERCY MEDICAL CENTER - CEDAR RAPIDS,160079,IA,READM-30-HIP-KNEE-HRRP,62,1.0105,21.4403,21.218,14,01-07-2019,30-06-2022
MERCY MEDICAL CENTER - CEDAR RAPIDS,160079,IA,READM-30-HF-HRRP,49,1.0662,19.8535,18.62,14,01-07-2019,30-06-2022
MERCY MEDICAL CENTER - CEDAR RAPIDS,160079,IA,READM-30-COPD-HRRP,350,0.9727,15.9637,16.4113,54,01-07-2019,30-06-2022
MERCY MEDICAL CENTER - CEDAR RAPIDS,160079,IA,READM-30-CABG-HRRP,217,1.0986,4.8665,4.4296,12,01-07-2019,30-06-2022
MERCY MEDICAL CENTER - CEDAR RAPIDS,160079,IA,READM-30-AMI-HRRP,656,0.9841,19.9794,20.3013,130,01-07-2019,30-06-2022
MERCYONE CLINTON MEDICAL CENTER,160080,IA,READM-30-PN-HRRP,156,1.0218,18.3431,17.9516,30,01-07-2019,30-06-2022
MERCYONE CLINTON MEDICAL CENTER,160080,IA,READM-30-HIP-KNEE-HRRP,146,1.1351,14.9029,13.1289,28,01-07-2019,30-06-2022
MERCYONE CLINTON MEDICAL CENTER,160080,IA,READM-30-CABG-HRRP,84,0.957,18.9102,19.7592,13,01-07-2019,30-06-2022
UNITYPOINT HEALTH - DES MOINES IOWA METHODIST MEDI,160082,IA,READM-30-HIP-KNEE-HRRP,152,0.9924,14.8086,14.9225,22,01-07-2019,30-06-2022
UNITYPOINT HEALTH - DES MOINES IOWA METHODIST MEDI,160082,IA,READM-30-COPD-HRRP,183,0.9424,17.3984,18.4618,28,01-07-2019,30-06-2022
UNITYPOINT HEALTH - DES MOINES IOWA METHODIST MEDI,160082,IA,READM-30-CABG-HRRP,91,1.0153,16.5438,16.2946,16,01-07-2019,30-06-2022
MERCYONE DES MOINES MEDICAL CENTER,160083,IA,READM-30-PN-HRRP,372,0.8787,14.7113,16.7422,46,01-07-2019,30-06-2022
MERCYONE DES MOINES MEDICAL CENTER,160083,IA,READM-30-HF-HRRP,414,0.8584,16.8897,19.6752,60,01-07-2019,30-06-2022
MERCYONE DES MOINES MEDICAL CENTER,160083,IA,READM-30-COPD-HRRP,159,0.9375,18.3412,19.5646,25,01-07-2019,30-06-2022
MERCYONE DES MOINES MEDICAL CENTER,160083,IA,READM-30-CABG-HRRP,183,0.9136,9.0146,9.8675,14,01-07-2019,30-06-2022
MERCYONE DES MOINES MEDICAL CENTER,160083,IA,READM-30-AMI-HRRP,425,0.8234,9.4389,11.4639,31,01-07-2019,30-06-2022
OTTUMWA REGIONAL HEALTH CENTER,160089,IA,READM-30-PN-HRRP,235,0.8956,14.6228,16.327,27,01-07-2019,30-06-2022
OTTUMWA REGIONAL HEALTH CENTER,160089,IA,READM-30-HF-HRRP,228,0.9338,18.1881,19.477,37,01-07-2019,30-06-2022
OTTUMWA REGIONAL HEALTH CENTER,160089,IA,READM-30-COPD-HRRP,106,0.9685,17.9604,18.5437,17,01-07-2019,30-06-2022
OTTUMWA REGIONAL HEALTH CENTER,160089,IA,READM-30-AMI-HRRP,175,0.9117,10.4915,11.5073,14,01-07-2019,30-06-2022
BROADLAWNS MEDICAL CENTER,160101,IA,READM-30-PN-HRRP,176,0.9328,13.3859,14.3495,19,01-07-2019,30-06-2022
BROADLAWNS MEDICAL CENTER,160101,IA,READM-30-HF-HRRP,364,0.8423,15.3826,18.2636,45,01-07-2019,30-06-2022
BROADLAWNS MEDICAL CENTER,160101,IA,READM-30-CABG-HRRP,133,1.02,9.3685,9.1849,13,01-07-2019,30-06-2022
BROADLAWNS MEDICAL CENTER,160101,IA,READM-30-AMI-HRRP,292,1.0316,11.4832,11.1316,35,01-07-2019,30-06-2022
TRINITY - BETTENDORF,160104,IA,READM-30-PN-HRRP,145,0.9655,15.4187,15.9694,20,01-07-2019,30-06-2022
TRINITY - BETTENDORF,160104,IA,READM-30-HIP-KNEE-HRRP,120,1.3381,5.4667,4.0853,11,01-07-2019,30-06-2022
TRINITY - BETTENDORF,160104,IA,READM-30-HF-HRRP,129,0.9427,16.8778,17.9033,18,01-07-2019,30-06-2022
TRINITY - BETTENDORF,160104,IA,READM-30-COPD-HRRP,73,1.0803,11.4827,10.6294,12,01-07-2019,30-06-2022
TRINITY - BETTENDORF,160104,IA,READM-30-CABG-HRRP,81,1.0163,14.7247,14.4892,13,01-07-2019,30-06-2022
ALLEN HOSPITAL,160110,IA,READM-30-PN-HRRP,76,1.0069,20.4452,20.3049,16,01-07-2019,30-06-2022
SPENCER MUNICIPAL HOSPITAL,160112,IA,READM-30-PN-HRRP,299,0.9002,14.7392,16.3734,37,01-07-2019,30-06-2022
SPENCER MUNICIPAL HOSPITAL,160112,IA,READM-30-HF-HRRP,311,0.901,17.6118,19.5465,48,01-07-2019,30-06-2022
SPENCER MUNICIPAL HOSPITAL,160112,IA,READM-30-COPD-HRRP,99,0.9829,18.298,18.6166,17,01-07-2019,30-06-2022
SPENCER MUNICIPAL HOSPITAL,160112,IA,READM-30-CABG-HRRP,98,1.0109,10.9118,10.7945,11,01-07-2019,30-06-2022
SPENCER MUNICIPAL HOSPITAL,160112,IA,READM-30-AMI-HRRP,208,0.9533,10.2089,10.709,19,01-07-2019,30-06-2022
FINLEY HOSPITAL,160117,IA,READM-30-PN-HRRP,171,0.941,14.6668,15.5862,21,01-07-2019,30-06-2022
FINLEY HOSPITAL,160117,IA,READM-30-HF-HRRP,252,0.9881,19.3622,19.5962,48,01-07-2019,30-06-2022
FINLEY HOSPITAL,160117,IA,READM-30-AMI-HRRP,191,0.9576,9.9577,10.3988,17,01-07-2019,30-06-2022
LAKES REGIONAL HEALTHCARE,160124,IA,READM-30-PN-HRRP,171,0.9173,13.2458,14.4407,17,01-07-2019,30-06-2022
LAKES REGIONAL HEALTHCARE,160124,IA,READM-30-HF-HRRP,167,0.973,17.2233,17.702,27,01-07-2019,30-06-2022
LAKES REGIONAL HEALTHCARE,160124,IA,READM-30-COPD-HRRP,74,1.087,19.7793,18.1968,20,01-07-2019,30-06-2022
ST LUKES REGIONAL MEDICAL CENTER,160146,IA,READM-30-COPD-HRRP,550,0.8814,14.0819,15.9775,69,01-07-2019,30-06-2022
ST LUKES REGIONAL MEDICAL CENTER,160146,IA,READM-30-AMI-HRRP,637,0.8131,14.6119,17.9697,80,01-07-2019,30-06-2022
GRINNELL REGIONAL MEDICAL CENTER,160147,IA,READM-30-PN-HRRP,269,1.0114,17.5768,17.3784,48,01-07-2019,30-06-2022
GRINNELL REGIONAL MEDICAL CENTER,160147,IA,READM-30-HIP-KNEE-HRRP,281,0.8256,8.2887,10.0402,18,01-07-2019,30-06-2022
GRINNELL REGIONAL MEDICAL CENTER,160147,IA,READM-30-HF-HRRP,530,0.8921,9.8739,11.0678,47,01-07-2019,30-06-2022
GRINNELL REGIONAL MEDICAL CENTER,160147,IA,READM-30-AMI-HRRP,160,1.0001,19.3709,19.3689,31,01-07-2019,30-06-2022
MERCYONE SIOUXLAND MEDICAL CENTER,160153,IA,READM-30-COPD-HRRP,253,1.0161,17.7442,17.4626,46,01-07-2019,30-06-2022
MERCYONE SIOUXLAND MEDICAL CENTER,160153,IA,READM-30-CABG-HRRP,246,1.0902,4.3446,3.9851,12,01-07-2019,30-06-2022
MERCYONE SIOUXLAND MEDICAL CENTER,160153,IA,READM-30-AMI-HRRP,429,1.0066,20.8754,20.7382,90,01-07-2019,30-06-2022
VIA CHRISTI HOSPITAL PITTSBURG INC,170006,KS,READM-30-PN-HRRP,138,0.9781,20.6326,21.0937,27,01-07-2019,30-06-2022
VIA CHRISTI HOSPITAL PITTSBURG INC,170006,KS,READM-30-HIP-KNEE-HRRP,156,1.0556,11.2107,10.6203,19,01-07-2019,30-06-2022
VIA CHRISTI HOSPITAL PITTSBURG INC,170006,KS,READM-30-HF-HRRP,161,0.9303,12.7296,13.6832,17,01-07-2019,30-06-2022
VIA CHRISTI HOSPITAL PITTSBURG INC,170006,KS,READM-30-COPD-HRRP,132,0.9996,16.6876,16.6944,22,01-07-2019,30-06-2022
VIA CHRISTI HOSPITAL PITTSBURG INC,170006,KS,READM-30-AMI-HRRP,217,0.9781,19.104,19.5317,40,01-07-2019,30-06-2022
SAINT JOHN HOSPITAL,170009,KS,READM-30-HIP-KNEE-HRRP,160,0.945,14.8577,15.7222,20,01-07-2019,30-06-2022
SAINT JOHN HOSPITAL,170009,KS,READM-30-COPD-HRRP,184,0.9853,19.0044,19.2872,34,01-07-2019,30-06-2022
SALINA REGIONAL HEALTH CENTER,170012,KS,READM-30-HF-HRRP,146,0.9983,18.5696,18.6015,27,01-07-2019,30-06-2022
SALINA REGIONAL HEALTH CENTER,170012,KS,READM-30-AMI-HRRP,457,0.9057,14.5818,16.0997,60,01-07-2019,30-06-2022
HAYS MEDICAL CENTER,170013,KS,READM-30-PN-HRRP,504,0.8243,3.7556,4.556,16,01-07-2019,30-06-2022
HAYS MEDICAL CENTER,170013,KS,READM-30-HIP-KNEE-HRRP,422,0.9936,18.8202,18.9421,79,01-07-2019,30-06-2022
HAYS MEDICAL CENTER,170013,KS,READM-30-HF-HRRP,188,0.9598,17.8812,18.6299,31,01-07-2019,30-06-2022
HAYS MEDICAL CENTER,170013,KS,READM-30-COPD-HRRP,150,0.9124,9.6927,10.6236,12,01-07-2019,30-06-2022
HAYS MEDICAL CENTER,170013,KS,READM-30-CABG-HRRP,175,0.9736,11.0088,11.3075,18,01-07-2019,30-06-2022
HAYS MEDICAL CENTER,170013,KS,READM-30-AMI-HRRP,166,0.8877,15.7302,17.7205,18,01-07-2019,30-06-2022
ADVENTHEALTH OTTAWA,170014,KS,READM-30-PN-HRRP,346,0.9746,20.1506,20.6767,68,01-07-2019,30-06-2022
ADVENTHEALTH OTTAWA,170014,KS,READM-30-HF-HRRP,108,0.9669,12.0033,12.4148,12,01-07-2019,30-06-2022
ADVENTHEALTH OTTAWA,170014,KS,READM-30-COPD-HRRP,220,0.9786,13.662,13.961,29,01-07-2019,30-06-2022
ADVENTHEALTH OTTAWA,170014,KS,READM-30-CABG-HRRP,205,1.0695,17.2746,16.1517,40,01-07-2019,30-06-2022
UNIVERSITY OF KANSAS HEALTH SYSTEM - ST FRANCIS CAMPUS,170016,KS,READM-30-PN-HRRP,167,0.985,17.9517,18.2249,29,01-07-2019,30-06-2022
UNIVERSITY OF KANSAS HEALTH SYSTEM - ST FRANCIS CAMPUS,170016,KS,READM-30-HIP-KNEE-HRRP,82,0.9659,17.3185,17.93,12,01-07-2019,30-06-2022
UNIVERSITY OF KANSAS HEALTH SYSTEM - ST FRANCIS CAMPUS,170016,KS,READM-30-HF-HRRP,212,1.0093,16.6821,16.5281,36,01-07-2019,30-06-2022
UNIVERSITY OF KANSAS HEALTH SYSTEM - ST FRANCIS CAMPUS,170016,KS,READM-30-CABG-HRRP,223,0.9973,20.7098,20.7665,46,01-07-2019,30-06-2022
UNIVERSITY OF KANSAS HEALTH SYSTEM - ST FRANCIS CAMPUS,170016,KS,READM-30-AMI-HRRP,103,1.0705,20.8982,19.5225,26,01-07-2019,30-06-2022
SUSAN B ALLEN MEMORIAL HOSPITAL,170017,KS,READM-30-HIP-KNEE-HRRP,107,1.0378,16.3421,15.7469,20,01-07-2019,30-06-2022
SUSAN B ALLEN MEMORIAL HOSPITAL,170017,KS,READM-30-COPD-HRRP,134,0.9808,17.3461,17.6862,22,01-07-2019,30-06-2022
SUSAN B ALLEN MEMORIAL HOSPITAL,170017,KS,READM-30-CABG-HRRP,79,0.9945,18.1692,18.2697,14,01-07-2019,30-06-2022
HUTCHINSON REGIONAL MEDICAL CENTER INC,170020,KS,READM-30-PN-HRRP,103,1.0742,16.6441,15.4941,22,01-07-2019,30-06-2022
HUTCHINSON REGIONAL MEDICAL CENTER INC,170020,KS,READM-30-HIP-KNEE-HRRP,116,0.9674,19.1325,19.7781,20,01-07-2019,30-06-2022
CENTURA ST. CATHERINE HOSPITAL-GARDEN CITY,170023,KS,READM-30-HF-HRRP,89,0.9484,17.3117,18.2527,12,01-07-2019,30-06-2022
CENTURA ST. CATHERINE HOSPITAL-GARDEN CITY,170023,KS,READM-30-CABG-HRRP,151,0.9159,14.5049,15.8369,16,01-07-2019,30-06-2022
PRATT REGIONAL MEDICAL CENTER,170027,KS,READM-30-PN-HRRP,173,0.8405,15.6746,18.6483,16,01-07-2019,30-06-2022
PRATT REGIONAL MEDICAL CENTER,170027,KS,READM-30-COPD-HRRP,143,0.9515,12.1605,12.7804,15,01-07-2019,30-06-2022
PRATT REGIONAL MEDICAL CENTER,170027,KS,READM-30-AMI-HRRP,152,0.937,17.9095,19.1129,23,01-07-2019,30-06-2022
UNIVERSITY OF KANSAS HOSPITAL,170040,KS,READM-30-PN-HRRP,144,0.9126,10.1005,11.0673,12,01-07-2019,30-06-2022
UNIVERSITY OF KANSAS HOSPITAL,170040,KS,READM-30-HIP-KNEE-HRRP,226,1.0454,12.7784,12.2236,31,01-07-2019,30-06-2022
UNIVERSITY OF KANSAS HOSPITAL,170040,KS,READM-30-COPD-HRRP,85,0.9987,17.754,17.7773,15,01-07-2019,30-06-2022
UNIVERSITY OF KANSAS HOSPITAL,170040,KS,READM-30-AMI-HRRP,250,0.9498,19.3605,20.3832,45,01-07-2019,30-06-2022
OLATHE MEDICAL CENTER,170049,KS,READM-30-HIP-KNEE-HRRP,109,0.9471,12.4976,13.1959,11,01-07-2019,30-06-2022
OLATHE MEDICAL CENTER,170049,KS,READM-30-COPD-HRRP,179,0.9915,15.4024,15.5343,27,01-07-2019,30-06-2022
OLATHE MEDICAL CENTER,170049,KS,READM-30-AMI-HRRP,257,1.0394,19.2459,18.5168,52,01-07-2019,30-06-2022
SOUTHWEST MEDICAL CENTER,170068,KS,READM-30-HIP-KNEE-HRRP,78,1.1594,15.1088,13.032,19,01-07-2019,30-06-2022
SOUTHWEST MEDICAL CENTER,170068,KS,READM-30-HF-HRRP,159,0.9431,15.0364,15.9438,20,01-07-2019,30-06-2022
SOUTHWEST MEDICAL CENTER,170068,KS,READM-30-CABG-HRRP,169,0.9133,17.0591,18.6792,23,01-07-2019,30-06-2022
"STORMONT VAIL HEALTH FLINT HILLS, LLC",170074,KS,READM-30-HIP-KNEE-HRRP,133,0.9963,12.1638,12.2088,16,01-07-2019,30-06-2022
"STORMONT VAIL HEALTH FLINT HILLS, LLC",170074,KS,READM-30-CABG-HRRP,416,0.9579,15.3589,16.0335,61,01-07-2019,30-06-2022
"STORMONT VAIL HEALTH FLINT HILLS, LLC",170074,KS,READM-30-AMI-HRRP,461,0.9616,19.0006,19.7585,85,01-07-2019,30-06-2022
"MERCY HOSPITAL, INC",170075,KS,READM-30-PN-HRRP,191,1.0232,19.6347,19.1895,39,01-07-2019,30-06-2022
"MERCY HOSPITAL, INC",170075,KS,READM-30-HF-HRRP,373,0.9819,12.0296,12.2509,44,01-07-2019,30-06-2022
"MERCY HOSPITAL, INC",170075,KS,READM-30-COPD-HRRP,382,0.993,18.9789,19.1133,72,01-07-2019,30-06-2022
"MERCY HOSPITAL, INC",170075,KS,READM-30-AMI-HRRP,329,1.1093,24.5529,22.1339,88,01-07-2019,30-06-2022
STORMONT VAIL HOSPITAL,170086,KS,READM-30-PN-HRRP,94,1.1518,21.8734,18.9908,30,01-07-2019,30-06-2022
STORMONT VAIL HOSPITAL,170086,KS,READM-30-HF-HRRP,170,1.0484,18.5554,17.6982,34,01-07-2019,30-06-2022
STORMONT VAIL HOSPITAL,170086,KS,READM-30-COPD-HRRP,89,0.9861,21.3867,21.6882,18,01-07-2019,30-06-2022
STORMONT VAIL HOSPITAL,170086,KS,READM-30-CABG-HRRP,109,1.0402,22.2898,21.4277,27,01-07-2019,30-06-2022
STORMONT VAIL HOSPITAL,170086,KS,READM-30-AMI-HRRP,68,1.0382,22.7018,21.866,18,01-07-2019,30-06-2022
NMC HEALTH,170103,KS,READM-30-PN-HRRP,137,0.98,17.0766,17.4244,22,01-07-2019,30-06-2022
NMC HEALTH,170103,KS,READM-30-HF-HRRP,149,1.0882,22.9268,21.0695,40,01-07-2019,30-06-2022
NMC HEALTH,170103,KS,READM-30-COPD-HRRP,69,1.0831,22.582,20.8486,21,01-07-2019,30-06-2022
ADVENTHEALTH SHAWNEE MISSION,170104,KS,READM-30-COPD-HRRP,75,0.9889,16.9474,17.1369,12,01-07-2019,30-06-2022
ADVENTHEALTH SHAWNEE MISSION,170104,KS,READM-30-AMI-HRRP,352,1.0286,17.3473,16.8647,63,01-07-2019,30-06-2022
MCPHERSON HOSPITAL,170105,KS,READM-30-HIP-KNEE-HRRP,286,1.072,21.7884,20.3256,67,01-07-2019,30-06-2022
MCPHERSON HOSPITAL,170105,KS,READM-30-HF-HRRP,75,0.9917,18.0467,18.198,13,01-07-2019,30-06-2022
MCPHERSON HOSPITAL,170105,KS,READM-30-CABG-HRRP,198,0.9432,13.5748,14.3919,24,01-07-2019,30-06-2022
MCPHERSON HOSPITAL,170105,KS,READM-30-AMI-HRRP,517,0.9956,15.5312,15.5999,80,01-07-2019,30-06-2022
MIAMI COUNTY MEDICAL CENTER,170109,KS,READM-30-HIP-KNEE-HRRP,441,0.8056,15.3913,19.1064,54,01-07-2019,30-06-2022
MIAMI COUNTY MEDICAL CENTER,170109,KS,READM-30-HF-HRRP,125,0.942,14.106,14.9741,14,01-07-2019,30-06-2022
MIAMI COUNTY MEDICAL CENTER,170109,KS,READM-30-CABG-HRRP,265,1.0136,11.8335,11.6751,32,01-07-2019,30-06-2022
MIAMI COUNTY MEDICAL CENTER,170109,KS,READM-30-AMI-HRRP,156,0.9454,19.2262,20.3357,26,01-07-2019,30-06-2022
BOB WILSON MEMORIAL GRANT COUNTY HOSPITAL,170110,KS,READM-30-HIP-KNEE-HRRP,141,1.0378,23.7027,22.8397,36,01-07-2019,30-06-2022
BOB WILSON MEMORIAL GRANT COUNTY HOSPITAL,170110,KS,READM-30-HF-HRRP,71,0.9968,21.4246,21.4926,15,01-07-2019,30-06-2022
BOB WILSON MEMORIAL GRANT COUNTY HOSPITAL,170110,KS,READM-30-CABG-HRRP,79,1.0493,18.3468,17.4853,17,01-07-2019,30-06-2022
BOB WILSON MEMORIAL GRANT COUNTY HOSPITAL,170110,KS,READM-30-AMI-HRRP,174,1.0256,19.0837,18.6077,35,01-07-2019,30-06-2022
LABETTE HEALTH,170120,KS,READM-30-HIP-KNEE-HRRP,223,1.1314,24.4081,21.5725,63,01-07-2019,30-06-2022
LABETTE HEALTH,170120,KS,READM-30-HF-HRRP,82,1.0342,19.2792,18.6419,18,01-07-2019,30-06-2022
LABETTE HEALTH,170120,KS,READM-30-CABG-HRRP,80,0.9896,14.3895,14.5401,11,01-07-2019,30-06-2022
LABETTE HEALTH,170120,KS,READM-30-AMI-HRRP,95,1.0038,15.5186,15.4592,15,01-07-2019,30-06-2022
"ASCENSION VIA CHRISTI HOSPITALS WICHITA, INC.",170122,KS,READM-30-HIP-KNEE-HRRP,181,0.9445,17.5141,18.5442,28,01-07-2019,30-06-2022
"ASCENSION VIA CHRISTI HOSPITALS WICHITA, INC.",170122,KS,READM-30-CABG-HRRP,650,0.9932,18.8432,18.9723,122,01-07-2019,30-06-2022
WESLEY MEDICAL CENTER,170123,KS,READM-30-PN-HRRP,725,1.1023,23.081,20.9398,174,01-07-2019,30-06-2022
WESLEY MEDICAL CENTER,170123,KS,READM-30-HIP-KNEE-HRRP,178,1.0342,21.1964,20.496,40,01-07-2019,30-06-2022
WESLEY MEDICAL CENTER,170123,KS,READM-30-HF-HRRP,87,1.0599,14.1407,13.3418,14,01-07-2019,30-06-2022
WESLEY MEDICAL CENTER,170123,KS,READM-30-COPD-HRRP,219,1.0155,15.1722,14.9401,34,01-07-2019,30-06-2022
WESLEY MEDICAL CENTER,170123,KS,READM-30-CABG-HRRP,372,1.1616,19.7627,17.0127,84,01-07-2019,30-06-2022
LMH,170137,KS,READM-30-PN-HRRP,311,1.1376,22.2804,19.5857,78,01-07-2019,30-06-2022
LMH,170137,KS,READM-30-HIP-KNEE-HRRP,74,1.0437,17.9274,17.177,16,01-07-2019,30-06-2022
LMH,170137,KS,READM-30-COPD-HRRP,136,1.1464,14.9421,13.0336,27,01-07-2019,30-06-2022
LMH,170137,KS,READM-30-CABG-HRRP,472,1.1265,20.044,17.7927,103,01-07-2019,30-06-2022
LMH,170137,KS,READM-30-AMI-HRRP,498,0.9579,3.9464,4.1199,19,01-07-2019,30-06-2022
"ASCENSION VIA CHRISTI HOSPITAL MANHATTAN, INC",170142,KS,READM-30-PN-HRRP,562,1.0441,21.7218,20.8046,125,01-07-2019,30-06-2022
"ASCENSION VIA CHRISTI HOSPITAL MANHATTAN, INC",170142,KS,READM-30-HIP-KNEE-HRRP,141,0.9635,18.0223,18.706,23,01-07-2019,30-06-2022
"ASCENSION VIA CHRISTI HOSPITAL MANHATTAN, INC",170142,KS,READM-30-COPD-HRRP,228,1.0027,13.976,13.9377,32,01-07-2019,30-06-2022
"ASCENSION VIA CHRISTI HOSPITAL MANHATTAN, INC",170142,KS,READM-30-CABG-HRRP,255,1.1254,19.4859,17.3147,58,01-07-2019,30-06-2022
"COFFEYVILLE REGIONAL MEDICAL CENTER, INC",170145,KS,READM-30-PN-HRRP,261,1.1074,22.9949,20.764,67,01-07-2019,30-06-2022
"COFFEYVILLE REGIONAL MEDICAL CENTER, INC",170145,KS,READM-30-HIP-KNEE-HRRP,75,1.017,21.1728,20.8188,17,01-07-2019,30-06-2022
"COFFEYVILLE REGIONAL MEDICAL CENTER, INC",170145,KS,READM-30-COPD-HRRP,119,1.0492,15.6257,14.8933,21,01-07-2019,30-06-2022
"COFFEYVILLE REGIONAL MEDICAL CENTER, INC",170145,KS,READM-30-CABG-HRRP,289,1.0787,20.6178,19.1131,65,01-07-2019,30-06-2022
PROVIDENCE MEDICAL CENTER,170146,KS,READM-30-PN-HRRP,248,0.9925,21.9815,22.1471,54,01-07-2019,30-06-2022
PROVIDENCE MEDICAL CENTER,170146,KS,READM-30-HIP-KNEE-HRRP,75,0.9864,19.8833,20.1576,14,01-07-2019,30-06-2022
PROVIDENCE MEDICAL CENTER,170146,KS,READM-30-HF-HRRP,63,1.0594,17.4415,16.4628,14,01-07-2019,30-06-2022
PROVIDENCE MEDICAL CENTER,170146,KS,READM-30-COPD-HRRP,158,0.9229,14.1444,15.3253,17,01-07-2019,30-06-2022
PROVIDENCE MEDICAL CENTER,170146,KS,READM-30-AMI-HRRP,115,0.9366,16.6862,17.8165,15,01-07-2019,30-06-2022
SOUTH CENTRAL KS  MED CENTER,170150,KS,READM-30-HIP-KNEE-HRRP,118,1.105,20.2905,18.3631,31,01-07-2019,30-06-2022
SOUTH CENTRAL KS  MED CENTER,170150,KS,READM-30-HF-HRRP,152,1.0143,21.733,21.4267,34,01-07-2019,30-06-2022
SOUTH CENTRAL KS  MED CENTER,170150,KS,READM-30-COPD-HRRP,50,1.0318,21.8335,21.1608,13,01-07-2019,30-06-2022
SOUTH CENTRAL KS  MED CENTER,170150,KS,READM-30-AMI-HRRP,225,1.0479,17.2448,16.4567,42,01-07-2019,30-06-2022
MORTON COUNTY HOSPITAL,170166,KS,READM-30-PN-HRRP,230,1.0964,4.1729,3.8059,11,01-07-2019,30-06-2022
MORTON COUNTY HOSPITAL,170166,KS,READM-30-HIP-KNEE-HRRP,258,1.1379,23.6835,20.8131,70,01-07-2019,30-06-2022
MORTON COUNTY HOSPITAL,170166,KS,READM-30-HF-HRRP,108,0.978,17.9914,18.3969,18,01-07-2019,30-06-2022
MORTON COUNTY HOSPITAL,170166,KS,READM-30-COPD-HRRP,53,1.0966,14.173,12.924,12,01-07-2019,30-06-2022
MORTON COUNTY HOSPITAL,170166,KS,READM-30-CABG-HRRP,325,1.0299,16.6139,16.1317,56,01-07-2019,30-06-2022
CENTURA ST. CATHERINE-DODGE CITY,170175,KS,READM-30-PN-HRRP,278,1.0589,21.6261,20.4234,64,01-07-2019,30-06-2022
CENTURA ST. CATHERINE-DODGE CITY,170175,KS,READM-30-HIP-KNEE-HRRP,88,1.0624,18.3168,17.2408,20,01-07-2019,30-06-2022
CENTURA ST. CATHERINE-DODGE CITY,170175,KS,READM-30-COPD-HRRP,310,0.9787,15.6305,15.9707,47,01-07-2019,30-06-2022
CENTURA ST. CATHERINE-DODGE CITY,170175,KS,READM-30-AMI-HRRP,396,1.1053,21.043,19.0377,90,01-07-2019,30-06-2022
OVERLAND PARK REG MED CTR,170176,KS,READM-30-PN-HRRP,182,0.9618,16.7311,17.3949,28,01-07-2019,30-06-2022
OVERLAND PARK REG MED CTR,170176,KS,READM-30-HF-HRRP,313,0.9266,10.7335,11.5836,30,01-07-2019,30-06-2022
OVERLAND PARK REG MED CTR,170176,KS,READM-30-COPD-HRRP,215,0.9417,15.8604,16.843,30,01-07-2019,30-06-2022
OVERLAND PARK REG MED CTR,170176,KS,READM-30-AMI-HRRP,554,0.9694,19.5061,20.1221,106,01-07-2019,30-06-2022
MENORAH MEDICAL CENTER,170182,KS,READM-30-PN-HRRP,62,1.0043,22.1154,22.0215,14,01-07-2019,30-06-2022
MENORAH MEDICAL CENTER,170182,KS,READM-30-HIP-KNEE-HRRP,201,0.9783,10.7543,10.9928,21,01-07-2019,30-06-2022
MENORAH MEDICAL CENTER,170182,KS,READM-30-HF-HRRP,630,0.8984,10.9689,12.2096,64,01-07-2019,30-06-2022
MENORAH MEDICAL CENTER,170182,KS,READM-30-COPD-HRRP,208,1.0036,16.7088,16.6485,35,01-07-2019,30-06-2022
MENORAH MEDICAL CENTER,170182,KS,READM-30-AMI-HRRP,188,0.9736,18.4813,18.9818,33,01-07-2019,30-06-2022
KANSAS SURGERY & RECOVERY CENTER,170183,KS,READM-30-HIP-KNEE-HRRP,250,1.0404,16.5239,15.883,44,01-07-2019,30-06-2022
KANSAS SURGERY & RECOVERY CENTER,170183,KS,READM-30-COPD-HRRP,278,0.9909,18.92,19.0931,52,01-07-2019,30-06-2022
KANSAS SURGERY & RECOVERY CENTER,170183,KS,READM-30-CABG-HRRP,88,0.9932,17.5449,17.665,15,01-07-2019,30-06-2022
KANSAS SURGERY & RECOVERY CENTER,170183,KS,READM-30-AMI-HRRP,78,1.0509,14.7823,14.0669,14,01-07-2019,30-06-2022
SAINT LUKE'S SOUTH HOSPITAL,170185,KS,READM-30-PN-HRRP,365,1.0569,16.2435,15.3687,63,01-07-2019,30-06-2022
SAINT LUKE'S SOUTH HOSPITAL,170185,KS,READM-30-HF-HRRP,398,1.0754,20.8928,19.4283,88,01-07-2019,30-06-2022
SAINT LUKE'S SOUTH HOSPITAL,170185,KS,READM-30-COPD-HRRP,144,0.9793,17.6031,17.976,24,01-07-2019,30-06-2022
SAINT LUKE'S SOUTH HOSPITAL,170185,KS,READM-30-CABG-HRRP,108,1.0394,13.9849,13.4548,17,01-07-2019,30-06-2022
SAINT LUKE'S SOUTH HOSPITAL,170185,KS,READM-30-AMI-HRRP,124,1.1072,16.2378,14.6653,27,01-07-2019,30-06-2022
KANSAS HEART HOSPITAL,170186,KS,READM-30-PN-HRRP,121,0.979,17.6734,18.0531,20,01-07-2019,30-06-2022
KANSAS HEART HOSPITAL,170186,KS,READM-30-HF-HRRP,198,1.0206,16.4744,16.1415,34,01-07-2019,30-06-2022
KANSAS HEART HOSPITAL,170186,KS,READM-30-COPD-HRRP,251,0.9726,20.2629,20.8344,49,01-07-2019,30-06-2022
KANSAS HEART HOSPITAL,170186,KS,READM-30-CABG-HRRP,66,1.0152,16.7499,16.4985,12,01-07-2019,30-06-2022
KANSAS HEART HOSPITAL,170186,KS,READM-30-AMI-HRRP,83,1.0108,15.0163,14.8557,13,01-07-2019,30-06-2022
SALINA SURGICAL HOSPITAL,170187,KS,READM-30-PN-HRRP,318,1.0299,16.9767,16.4837,56,01-07-2019,30-06-2022
SALINA SURGICAL HOSPITAL,170187,KS,READM-30-HF-HRRP,416,1.0283,19.75,19.2069,84,01-07-2019,30-06-2022
SALINA SURGICAL HOSPITAL,170187,KS,READM-30-COPD-HRRP,131,0.9751,16.4702,16.8901,20,01-07-2019,30-06-2022
SALINA SURGICAL HOSPITAL,170187,KS,READM-30-CABG-HRRP,109,1.1221,14.9849,13.3547,22,01-07-2019,30-06-2022
SALINA SURGICAL HOSPITAL,170187,KS,READM-30-AMI-HRRP,184,0.9808,15.3781,15.6796,27,01-07-2019,30-06-2022
KANSAS CITY ORTHOPAEDIC INSTITUTE,170188,KS,READM-30-HIP-KNEE-HRRP,265,0.9338,19.0738,20.4264,46,01-07-2019,30-06-2022
KANSAS CITY ORTHOPAEDIC INSTITUTE,170188,KS,READM-30-CABG-HRRP,267,1.0844,17.3949,16.0412,52,01-07-2019,30-06-2022
MANHATTAN SURGICAL HOSPITAL LLC,170190,KS,READM-30-PN-HRRP,356,0.9926,18.3941,18.5308,65,01-07-2019,30-06-2022
MANHATTAN SURGICAL HOSPITAL LLC,170190,KS,READM-30-HIP-KNEE-HRRP,96,1.0158,17.6962,17.4213,18,01-07-2019,30-06-2022
MANHATTAN SURGICAL HOSPITAL LLC,170190,KS,READM-30-HF-HRRP,78,1.084,12.9902,11.9839,14,01-07-2019,30-06-2022
MANHATTAN SURGICAL HOSPITAL LLC,170190,KS,READM-30-COPD-HRRP,263,0.9401,14.4926,15.4168,34,01-07-2019,30-06-2022
MANHATTAN SURGICAL HOSPITAL LLC,170190,KS,READM-30-AMI-HRRP,318,0.9559,17.2663,18.0625,52,01-07-2019,30-06-2022
UNIVERSITY  OF KS HLTH SYSTEM GREAT BEND CAMPUS,170191,KS,READM-30-PN-HRRP,96,1.0398,18.2637,17.5654,20,01-07-2019,30-06-2022
UNIVERSITY  OF KS HLTH SYSTEM GREAT BEND CAMPUS,170191,KS,READM-30-HF-HRRP,210,1.0567,16.787,15.8855,39,01-07-2019,30-06-2022
UNIVERSITY  OF KS HLTH SYSTEM GREAT BEND CAMPUS,170191,KS,READM-30-CABG-HRRP,306,1.0502,21.4724,20.4458,69,01-07-2019,30-06-2022
UNIVERSITY  OF KS HLTH SYSTEM GREAT BEND CAMPUS,170191,KS,READM-30-AMI-HRRP,85,0.9794,18.039,18.4175,14,01-07-2019,30-06-2022
DOCTORS HOSPITAL LLC,170194,KS,READM-30-PN-HRRP,127,1.0314,11.9099,11.5478,16,01-07-2019,30-06-2022
DOCTORS HOSPITAL LLC,170194,KS,READM-30-HIP-KNEE-HRRP,273,0.9783,12.8417,13.1267,34,01-07-2019,30-06-2022
DOCTORS HOSPITAL LLC,170194,KS,READM-30-HF-HRRP,261,1.0477,16.7922,16.0278,47,01-07-2019,30-06-2022
DOCTORS HOSPITAL LLC,170194,KS,READM-30-CABG-HRRP,830,0.9166,17.9149,19.5443,143,01-07-2019,30-06-2022
DOCTORS HOSPITAL LLC,170194,KS,READM-30-AMI-HRRP,147,0.9723,18.2382,18.7569,25,01-07-2019,30-06-2022
"KANSAS SPINE & SPECIALTY HOSPITAL, LLC",170196,KS,READM-30-PN-HRRP,207,1.2149,13.2764,10.9281,33,01-07-2019,30-06-2022
"KANSAS SPINE & SPECIALTY HOSPITAL, LLC",170196,KS,READM-30-HIP-KNEE-HRRP,463,0.9795,12.3091,12.5667,56,01-07-2019,30-06-2022
"KANSAS SPINE & SPECIALTY HOSPITAL, LLC",170196,KS,READM-30-HF-HRRP,779,0.9882,20.136,20.3767,156,01-07-2019,30-06-2022
"KANSAS SPINE & SPECIALTY HOSPITAL, LLC",170196,KS,READM-30-COPD-HRRP,422,0.9607,4.1736,4.3443,17,01-07-2019,30-06-2022
"KANSAS SPINE & SPECIALTY HOSPITAL, LLC",170196,KS,READM-30-CABG-HRRP,846,0.9571,21.1571,22.1051,176,01-07-2019,30-06-2022
"KANSAS SPINE & SPECIALTY HOSPITAL, LLC",170196,KS,READM-30-AMI-HRRP,149,0.9609,21.2867,22.153,29,01-07-2019,30-06-2022
KANSAS MEDICAL CENTER LLC,170197,KS,READM-30-PN-HRRP,212,0.8074,9.9324,12.3019,15,01-07-2019,30-06-2022
KANSAS MEDICAL CENTER LLC,170197,KS,READM-30-HIP-KNEE-HRRP,440,0.8776,14.2108,16.1923,56,01-07-2019,30-06-2022
KANSAS MEDICAL CENTER LLC,170197,KS,READM-30-HF-HRRP,78,1.0247,18.3369,17.8951,16,01-07-2019,30-06-2022
KANSAS MEDICAL CENTER LLC,170197,KS,READM-30-COPD-HRRP,239,1.0521,22.8068,21.6766,58,01-07-2019,30-06-2022
"SUMMIT SURGICAL, LLC",170198,KS,READM-30-PN-HRRP,90,0.9992,15.5998,15.6121,14,01-07-2019,30-06-2022
"SUMMIT SURGICAL, LLC",170198,KS,READM-30-HIP-KNEE-HRRP,244,1.072,18.4955,17.2528,50,01-07-2019,30-06-2022
"SUMMIT SURGICAL, LLC",170198,KS,READM-30-HF-HRRP,211,0.9966,20.4856,20.5545,43,01-07-2019,30-06-2022
"SUMMIT SURGICAL, LLC",170198,KS,READM-30-COPD-HRRP,64,1.0305,21.8303,21.1834,16,01-07-2019,30-06-2022
"SUMMIT SURGICAL, LLC",170198,KS,READM-30-AMI-HRRP,294,1.1188,18.4446,16.4866,62,01-07-2019,30-06-2022
MINIMALLY INVASIVE SURGERY HOSPITAL,170199,KS,READM-30-PN-HRRP,291,1.0695,4.4573,4.1677,14,01-07-2019,30-06-2022
MINIMALLY INVASIVE SURGERY HOSPITAL,170199,KS,READM-30-HIP-KNEE-HRRP,285,0.9992,20.0191,20.0355,57,01-07-2019,30-06-2022
MINIMALLY INVASIVE SURGERY HOSPITAL,170199,KS,READM-30-HF-HRRP,103,1.0355,19.1508,18.4935,22,01-07-2019,30-06-2022
MINIMALLY INVASIVE SURGERY HOSPITAL,170199,KS,READM-30-CABG-HRRP,124,1.0649,18.2547,17.1423,27,01-07-2019,30-06-2022
MINIMALLY INVASIVE SURGERY HOSPITAL,170199,KS,READM-30-AMI-HRRP,208,1.0486,20.594,19.6404,46,01-07-2019,30-06-2022
"VIA CHRISTI HOSPITAL WICHITA ST TERESA, INC",170200,KS,READM-30-PN-HRRP,45,1.0587,16.5378,15.6205,11,01-07-2019,30-06-2022
"VIA CHRISTI HOSPITAL WICHITA ST TERESA, INC",170200,KS,READM-30-HF-HRRP,424,1.0184,16.6873,16.386,72,01-07-2019,30-06-2022
"VIA CHRISTI HOSPITAL WICHITA ST TERESA, INC",170200,KS,READM-30-COPD-HRRP,142,1.32,6.1302,4.6442,13,01-07-2019,30-06-2022
"VIA CHRISTI HOSPITAL WICHITA ST TERESA, INC",170200,KS,READM-30-CABG-HRRP,462,0.9545,19.2846,20.2031,86,01-07-2019,30-06-2022
"VIA CHRISTI HOSPITAL WICHITA ST TERESA, INC",170200,KS,READM-30-AMI-HRRP,130,0.9535,17.7317,18.5958,20,01-07-2019,30-06-2022
MERCY SPECIALTY HOSPITAL SOUTHEAST KANSAS,170203,KS,READM-30-PN-HRRP,106,0.9377,14.3434,15.2971,12,01-07-2019,30-06-2022
MERCY SPECIALTY HOSPITAL SOUTHEAST KANSAS,170203,KS,READM-30-HIP-KNEE-HRRP,173,1.0163,17.2689,16.9917,31,01-07-2019,30-06-2022
MERCY SPECIALTY HOSPITAL SOUTHEAST KANSAS,170203,KS,READM-30-COPD-HRRP,348,1.0217,20.8502,20.4078,74,01-07-2019,30-06-2022
MERCY SPECIALTY HOSPITAL SOUTHEAST KANSAS,170203,KS,READM-30-CABG-HRRP,118,0.974,18.3925,18.8832,20,01-07-2019,30-06-2022
MERCY SPECIALTY HOSPITAL SOUTHEAST KANSAS,170203,KS,READM-30-AMI-HRRP,97,1.0634,16.41,15.432,19,01-07-2019,30-06-2022
"ROCK REGIONAL HOSPITAL, LLC",170204,KS,READM-30-PN-HRRP,298,0.9721,14.7298,15.1533,42,01-07-2019,30-06-2022
"ROCK REGIONAL HOSPITAL, LLC",170204,KS,READM-30-HIP-KNEE-HRRP,244,1.2083,6.1682,5.1047,18,01-07-2019,30-06-2022
"ROCK REGIONAL HOSPITAL, LLC",170204,KS,READM-30-HF-HRRP,526,1.1826,21.2739,17.9886,123,01-07-2019,30-06-2022
"ROCK REGIONAL HOSPITAL, LLC",170204,KS,READM-30-COPD-HRRP,109,1.0287,17.6181,17.1274,21,01-07-2019,30-06-2022
"ROCK REGIONAL HOSPITAL, LLC",170204,KS,READM-30-AMI-HRRP,298,1.0442,16.1378,15.4552,51,01-07-2019,30-06-2022
ST ELIZABETH FT THOMAS,180001,KY,READM-30-PN-HRRP,369,1.1515,21.299,18.4974,88,01-07-2019,30-06-2022
ST ELIZABETH FT THOMAS,180001,KY,READM-30-HIP-KNEE-HRRP,196,1.0966,19.868,18.1179,45,01-07-2019,30-06-2022
ST ELIZABETH FT THOMAS,180001,KY,READM-30-HF-HRRP,449,0.8378,14.0163,16.7294,51,01-07-2019,30-06-2022
ST ELIZABETH FT THOMAS,180001,KY,READM-30-COPD-HRRP,412,0.9816,4.1949,4.2735,17,01-07-2019,30-06-2022
ST ELIZABETH FT THOMAS,180001,KY,READM-30-CABG-HRRP,1045,0.9496,19.3714,20.3987,199,01-07-2019,30-06-2022
ST ELIZABETH FT THOMAS,180001,KY,READM-30-AMI-HRRP,160,1.0146,19.409,19.1289,32,01-07-2019,30-06-2022
WHITESBURG ARH HOSPITAL,180002,KY,READM-30-HIP-KNEE-HRRP,328,1.0622,15.2438,14.3512,53,01-07-2019,30-06-2022
WHITESBURG ARH HOSPITAL,180002,KY,READM-30-HF-HRRP,198,1.0431,18.7119,17.9386,40,01-07-2019,30-06-2022
WHITESBURG ARH HOSPITAL,180002,KY,READM-30-CABG-HRRP,466,1.1097,22.096,19.912,110,01-07-2019,30-06-2022
WHITESBURG ARH HOSPITAL,180002,KY,READM-30-AMI-HRRP,107,1.0351,19.3926,18.7342,23,01-07-2019,30-06-2022
OWENSBORO HEALTH MUHLENBERG COMMUNITY HOSPITAL,180004,KY,READM-30-PN-HRRP,174,0.9545,9.9327,10.4059,16,01-07-2019,30-06-2022
OWENSBORO HEALTH MUHLENBERG COMMUNITY HOSPITAL,180004,KY,READM-30-HIP-KNEE-HRRP,386,1.0098,14.8993,14.7548,58,01-07-2019,30-06-2022
OWENSBORO HEALTH MUHLENBERG COMMUNITY HOSPITAL,180004,KY,READM-30-HF-HRRP,822,0.9739,16.7669,17.2165,136,01-07-2019,30-06-2022
OWENSBORO HEALTH MUHLENBERG COMMUNITY HOSPITAL,180004,KY,READM-30-COPD-HRRP,1201,0.7497,3.6127,4.8188,39,01-07-2019,30-06-2022
OWENSBORO HEALTH MUHLENBERG COMMUNITY HOSPITAL,180004,KY,READM-30-CABG-HRRP,1456,0.8573,17.173,20.0318,240,01-07-2019,30-06-2022
OWENSBORO HEALTH MUHLENBERG COMMUNITY HOSPITAL,180004,KY,READM-30-AMI-HRRP,233,0.9737,17.9002,18.3839,40,01-07-2019,30-06-2022
HIGHLANDS ARH REGIONAL MEDICAL CENTER,180005,KY,READM-30-PN-HRRP,400,0.9043,10.9591,12.1183,41,01-07-2019,30-06-2022
HIGHLANDS ARH REGIONAL MEDICAL CENTER,180005,KY,READM-30-HIP-KNEE-HRRP,671,0.7915,10.9069,13.7794,62,01-07-2019,30-06-2022
HIGHLANDS ARH REGIONAL MEDICAL CENTER,180005,KY,READM-30-HF-HRRP,64,1.0844,20.5413,18.9416,19,01-07-2019,30-06-2022
HIGHLANDS ARH REGIONAL MEDICAL CENTER,180005,KY,READM-30-COPD-HRRP,108,0.9744,22.0301,22.6087,22,01-07-2019,30-06-2022
HIGHLANDS ARH REGIONAL MEDICAL CENTER,180005,KY,READM-30-CABG-HRRP,50,0.9902,23.3888,23.621,11,01-07-2019,30-06-2022
HIGHLANDS ARH REGIONAL MEDICAL CENTER,180005,KY,READM-30-AMI-HRRP,45,1.0423,21.6207,20.7442,12,01-07-2019,30-06-2022
KING'S DAUGHTERS' MEDICAL CENTER,180009,KY,READM-30-PN-HRRP,382,0.8754,13.5616,15.4924,43,01-07-2019,30-06-2022
KING'S DAUGHTERS' MEDICAL CENTER,180009,KY,READM-30-HF-HRRP,384,0.8754,16.8253,19.2207,56,01-07-2019,30-06-2022
KING'S DAUGHTERS' MEDICAL CENTER,180009,KY,READM-30-COPD-HRRP,150,0.9399,17.3006,18.4063,22,01-07-2019,30-06-2022
KING'S DAUGHTERS' MEDICAL CENTER,180009,KY,READM-30-AMI-HRRP,438,0.9793,18.1433,18.5273,78,01-07-2019,30-06-2022
SAINT JOSEPH HOSPITAL,180010,KY,READM-30-HIP-KNEE-HRRP,472,0.9511,19.1361,20.1205,87,01-07-2019,30-06-2022
SAINT JOSEPH HOSPITAL,180010,KY,READM-30-HF-HRRP,85,0.9713,21.1559,21.782,16,01-07-2019,30-06-2022
SAINT JOSEPH HOSPITAL,180010,KY,READM-30-CABG-HRRP,206,1.0157,15.1592,14.9252,32,01-07-2019,30-06-2022
SAINT JOSEPH LONDON,180011,KY,READM-30-PN-HRRP,65,0.9861,21.45,21.7513,13,01-07-2019,30-06-2022
SAINT JOSEPH LONDON,180011,KY,READM-30-HF-HRRP,113,0.9231,15.0436,16.2972,13,01-07-2019,30-06-2022
SAINT JOSEPH LONDON,180011,KY,READM-30-COPD-HRRP,774,1.0969,17.9128,16.3299,145,01-07-2019,30-06-2022
SAINT JOSEPH LONDON,180011,KY,READM-30-CABG-HRRP,188,1.2922,6.8882,5.3308,17,01-07-2019,30-06-2022
SAINT JOSEPH LONDON,180011,KY,READM-30-AMI-HRRP,948,1.0255,20.393,19.886,195,01-07-2019,30-06-2022
BAPTIST HEALTH HARDIN,180012,KY,READM-30-PN-HRRP,385,1.048,20.2381,19.3109,81,01-07-2019,30-06-2022
BAPTIST HEALTH HARDIN,180012,KY,READM-30-HIP-KNEE-HRRP,153,0.9821,12.9942,13.2312,19,01-07-2019,30-06-2022
BAPTIST HEALTH HARDIN,180012,KY,READM-30-HF-HRRP,194,0.9812,16.1329,16.4426,30,01-07-2019,30-06-2022
BAPTIST HEALTH HARDIN,180012,KY,READM-30-CABG-HRRP,276,0.9422,17.3431,18.4064,44,01-07-2019,30-06-2022
THE MEDICAL CENTER (BOWLING GREEN),180013,KY,READM-30-HIP-KNEE-HRRP,176,1.0661,20.1393,18.8902,40,01-07-2019,30-06-2022
THE MEDICAL CENTER (BOWLING GREEN),180013,KY,READM-30-COPD-HRRP,197,1.0142,21.8463,21.5408,44,01-07-2019,30-06-2022
THE MEDICAL CENTER (BOWLING GREEN),180013,KY,READM-30-CABG-HRRP,75,1.027,21.6135,21.0447,18,01-07-2019,30-06-2022
THE MEDICAL CENTER (BOWLING GREEN),180013,KY,READM-30-AMI-HRRP,69,1.0798,20.1853,18.6936,18,01-07-2019,30-06-2022
JEWISH HOSPITAL - SHELBYVILLE,180016,KY,READM-30-PN-HRRP,108,1.0586,18.5358,17.5094,24,01-07-2019,30-06-2022
JEWISH HOSPITAL - SHELBYVILLE,180016,KY,READM-30-HIP-KNEE-HRRP,146,1.028,20.6471,20.0843,32,01-07-2019,30-06-2022
JEWISH HOSPITAL - SHELBYVILLE,180016,KY,READM-30-HF-HRRP,49,1.0852,19.7393,18.1887,15,01-07-2019,30-06-2022
JEWISH HOSPITAL - SHELBYVILLE,180016,KY,READM-30-COPD-HRRP,386,0.9769,16.2134,16.596,61,01-07-2019,30-06-2022
JEWISH HOSPITAL - SHELBYVILLE,180016,KY,READM-30-AMI-HRRP,416,0.9297,19.1909,20.6421,75,01-07-2019,30-06-2022
T J SAMSON COMMUNITY HOSPITAL,180017,KY,READM-30-PN-HRRP,179,0.9509,17.4348,18.3345,28,01-07-2019,30-06-2022
T J SAMSON COMMUNITY HOSPITAL,180017,KY,READM-30-HIP-KNEE-HRRP,79,0.9933,14.3438,14.4406,11,01-07-2019,30-06-2022
T J SAMSON COMMUNITY HOSPITAL,180017,KY,READM-30-HF-HRRP,115,1.0747,18.2575,16.9884,26,01-07-2019,30-06-2022
T J SAMSON COMMUNITY HOSPITAL,180017,KY,READM-30-COPD-HRRP,440,1.0268,19.8289,19.3108,89,01-07-2019,30-06-2022
T J SAMSON COMMUNITY HOSPITAL,180017,KY,READM-30-CABG-HRRP,125,1.1962,23.0534,19.2716,41,01-07-2019,30-06-2022
T J SAMSON COMMUNITY HOSPITAL,180017,KY,READM-30-AMI-HRRP,198,0.9472,10.8738,11.4794,20,01-07-2019,30-06-2022
ST CLAIRE REGIONAL MEDICAL CENTER,180018,KY,READM-30-PN-HRRP,368,1.0264,15.6773,15.2736,59,01-07-2019,30-06-2022
ST CLAIRE REGIONAL MEDICAL CENTER,180018,KY,READM-30-HIP-KNEE-HRRP,54,1.0308,18.2983,17.7507,12,01-07-2019,30-06-2022
ST CLAIRE REGIONAL MEDICAL CENTER,180018,KY,READM-30-HF-HRRP,439,0.9215,18.5347,20.114,76,01-07-2019,30-06-2022
ST CLAIRE REGIONAL MEDICAL CENTER,180018,KY,READM-30-CABG-HRRP,110,1.0887,11.4567,10.5236,15,01-07-2019,30-06-2022
ST CLAIRE REGIONAL MEDICAL CENTER,180018,KY,READM-30-AMI-HRRP,210,1.0683,14.1798,13.2731,33,01-07-2019,30-06-2022
MEADOWVIEW REGIONAL MEDICAL CENTER,180019,KY,READM-30-PN-HRRP,439,1.1616,19.929,17.1571,98,01-07-2019,30-06-2022
MEADOWVIEW REGIONAL MEDICAL CENTER,180019,KY,READM-30-HIP-KNEE-HRRP,559,1.104,22.4118,20.301,132,01-07-2019,30-06-2022
MEADOWVIEW REGIONAL MEDICAL CENTER,180019,KY,READM-30-HF-HRRP,282,1.1027,22.4767,20.3825,70,01-07-2019,30-06-2022
MEADOWVIEW REGIONAL MEDICAL CENTER,180019,KY,READM-30-COPD-HRRP,139,0.9799,16.5725,16.9121,22,01-07-2019,30-06-2022
MEADOWVIEW REGIONAL MEDICAL CENTER,180019,KY,READM-30-CABG-HRRP,326,0.9506,16.402,17.2545,50,01-07-2019,30-06-2022
MEADOWVIEW REGIONAL MEDICAL CENTER,180019,KY,READM-30-AMI-HRRP,536,1.2185,5.2176,4.282,31,01-07-2019,30-06-2022
MIDDLESBORO ARH HOSPITAL,180020,KY,READM-30-PN-HRRP,370,0.9986,20.5651,20.593,76,01-07-2019,30-06-2022
MIDDLESBORO ARH HOSPITAL,180020,KY,READM-30-HIP-KNEE-HRRP,127,1.0735,21.4594,19.9893,32,01-07-2019,30-06-2022
MIDDLESBORO ARH HOSPITAL,180020,KY,READM-30-HF-HRRP,129,0.9748,12.5813,12.907,15,01-07-2019,30-06-2022
MIDDLESBORO ARH HOSPITAL,180020,KY,READM-30-COPD-HRRP,469,1.05,18.8852,17.9859,92,01-07-2019,30-06-2022
MIDDLESBORO ARH HOSPITAL,180020,KY,READM-30-AMI-HRRP,870,0.9938,20.0474,20.1718,174,01-07-2019,30-06-2022
SPRING VIEW HOSPITAL,180024,KY,READM-30-PN-HRRP,132,1.032,18.9182,18.3312,27,01-07-2019,30-06-2022
SPRING VIEW HOSPITAL,180024,KY,READM-30-HIP-KNEE-HRRP,290,1.2961,14.3195,11.0478,49,01-07-2019,30-06-2022
SPRING VIEW HOSPITAL,180024,KY,READM-30-HF-HRRP,424,1.1646,16.8256,14.448,79,01-07-2019,30-06-2022
SPRING VIEW HOSPITAL,180024,KY,READM-30-COPD-HRRP,340,1.0509,18.6867,17.7813,67,01-07-2019,30-06-2022
SPRING VIEW HOSPITAL,180024,KY,READM-30-CABG-HRRP,404,1.1129,22.7025,20.4002,99,01-07-2019,30-06-2022
SPRING VIEW HOSPITAL,180024,KY,READM-30-AMI-HRRP,171,1.1776,22.2574,18.9009,49,01-07-2019,30-06-2022
FLAGET MEMORIAL HOSPITAL,180025,KY,READM-30-PN-HRRP,95,1.015,16.0371,15.8004,16,01-07-2019,30-06-2022
FLAGET MEMORIAL HOSPITAL,180025,KY,READM-30-COPD-HRRP,55,1.1171,22.62,20.2494,20,01-07-2019,30-06-2022
FLAGET MEMORIAL HOSPITAL,180025,KY,READM-30-AMI-HRRP,1010,1.143,19.1768,16.7778,203,01-07-2019,30-06-2022
MURRAY-CALLOWAY COUNTY HOSPITAL,180027,KY,READM-30-PN-HRRP,264,1.0564,4.9825,4.7165,14,01-07-2019,30-06-2022
MURRAY-CALLOWAY COUNTY HOSPITAL,180027,KY,READM-30-HIP-KNEE-HRRP,979,1.1635,22.3472,19.2066,229,01-07-2019,30-06-2022
MURRAY-CALLOWAY COUNTY HOSPITAL,180027,KY,READM-30-HF-HRRP,423,1.1023,20.7064,18.7854,94,01-07-2019,30-06-2022
MURRAY-CALLOWAY COUNTY HOSPITAL,180027,KY,READM-30-COPD-HRRP,364,1.1541,16.1593,14.0015,66,01-07-2019,30-06-2022
MURRAY-CALLOWAY COUNTY HOSPITAL,180027,KY,READM-30-CABG-HRRP,199,0.9779,14.8157,15.15,28,01-07-2019,30-06-2022
HAZARD ARH REGIONAL MEDICAL CENTER,180029,KY,READM-30-PN-HRRP,279,1.0419,19.4595,18.6766,57,01-07-2019,30-06-2022
HAZARD ARH REGIONAL MEDICAL CENTER,180029,KY,READM-30-HIP-KNEE-HRRP,57,0.9996,19.349,19.3575,11,01-07-2019,30-06-2022
HAZARD ARH REGIONAL MEDICAL CENTER,180029,KY,READM-30-COPD-HRRP,461,1.0727,16.3208,15.2141,80,01-07-2019,30-06-2022
HAZARD ARH REGIONAL MEDICAL CENTER,180029,KY,READM-30-CABG-HRRP,269,1.1887,4.9667,4.1783,16,01-07-2019,30-06-2022
HAZARD ARH REGIONAL MEDICAL CENTER,180029,KY,READM-30-AMI-HRRP,501,0.9628,17.2548,17.9221,84,01-07-2019,30-06-2022
ST ELIZABETH EDGEWOOD,180035,KY,READM-30-PN-HRRP,120,1.0732,18.7156,17.4388,27,01-07-2019,30-06-2022
ST ELIZABETH EDGEWOOD,180035,KY,READM-30-HF-HRRP,234,1.1325,15.3165,13.5245,42,01-07-2019,30-06-2022
ST ELIZABETH EDGEWOOD,180035,KY,READM-30-COPD-HRRP,318,1.0425,16.7205,16.039,56,01-07-2019,30-06-2022
ST ELIZABETH EDGEWOOD,180035,KY,READM-30-AMI-HRRP,368,1.0533,18.9214,17.9647,73,01-07-2019,30-06-2022
OWENSBORO HEALTH REGIONAL HOSPITAL,180038,KY,READM-30-PN-HRRP,101,1.0223,19.3681,18.9453,21,01-07-2019,30-06-2022
OWENSBORO HEALTH REGIONAL HOSPITAL,180038,KY,READM-30-HIP-KNEE-HRRP,460,1.126,18.23,16.1895,92,01-07-2019,30-06-2022
OWENSBORO HEALTH REGIONAL HOSPITAL,180038,KY,READM-30-COPD-HRRP,615,1.0703,20.4054,19.0649,130,01-07-2019,30-06-2022
OWENSBORO HEALTH REGIONAL HOSPITAL,180038,KY,READM-30-CABG-HRRP,160,1.0983,19.3126,17.5844,37,01-07-2019,30-06-2022
OWENSBORO HEALTH REGIONAL HOSPITAL,180038,KY,READM-30-AMI-HRRP,111,1.0386,14.5192,13.9802,18,01-07-2019,30-06-2022
JEWISH HOSPITAL & ST MARY'S HEALTHCARE,180040,KY,READM-30-PN-HRRP,444,1.0879,17.3992,15.9935,83,01-07-2019,30-06-2022
JEWISH HOSPITAL & ST MARY'S HEALTHCARE,180040,KY,READM-30-HF-HRRP,447,1.1685,22.2623,19.0527,110,01-07-2019,30-06-2022
JEWISH HOSPITAL & ST MARY'S HEALTHCARE,180040,KY,READM-30-COPD-HRRP,105,0.9417,17.0087,18.0614,14,01-07-2019,30-06-2022
JEWISH HOSPITAL & ST MARY'S HEALTHCARE,180040,KY,READM-30-CABG-HRRP,104,1.0435,15.2717,14.6356,18,01-07-2019,30-06-2022
JEWISH HOSPITAL & ST MARY'S HEALTHCARE,180040,KY,READM-30-AMI-HRRP,543,0.8744,13.7963,15.779,66,01-07-2019,30-06-2022
MANCHESTER MEMORIAL HOSPITAL,180043,KY,READM-30-HIP-KNEE-HRRP,648,0.9207,17.1836,18.6632,106,01-07-2019,30-06-2022
MANCHESTER MEMORIAL HOSPITAL,180043,KY,READM-30-HF-HRRP,121,0.9568,18.0726,18.8886,19,01-07-2019,30-06-2022
MANCHESTER MEMORIAL HOSPITAL,180043,KY,READM-30-COPD-HRRP,160,0.9888,12.841,12.9864,20,01-07-2019,30-06-2022
MANCHESTER MEMORIAL HOSPITAL,180043,KY,READM-30-CABG-HRRP,708,1.0372,18.1435,17.4929,131,01-07-2019,30-06-2022
MANCHESTER MEMORIAL HOSPITAL,180043,KY,READM-30-AMI-HRRP,252,1.1341,5.1825,4.5699,15,01-07-2019,30-06-2022
PIKEVILLE MEDICAL CENTER,180044,KY,READM-30-PN-HRRP,845,0.9156,18.7987,20.5307,153,01-07-2019,30-06-2022
PIKEVILLE MEDICAL CENTER,180044,KY,READM-30-HIP-KNEE-HRRP,304,1.0837,20.9454,19.3281,69,01-07-2019,30-06-2022
PIKEVILLE MEDICAL CENTER,180044,KY,READM-30-HF-HRRP,177,1.0407,15.2612,14.6649,29,01-07-2019,30-06-2022
PIKEVILLE MEDICAL CENTER,180044,KY,READM-30-COPD-HRRP,283,1.0082,17.468,17.3259,50,01-07-2019,30-06-2022
PIKEVILLE MEDICAL CENTER,180044,KY,READM-30-AMI-HRRP,361,0.9886,20.1576,20.3901,72,01-07-2019,30-06-2022
ST ELIZABETH FLORENCE,180045,KY,READM-30-PN-HRRP,113,1.0101,19.7688,19.5718,23,01-07-2019,30-06-2022
ST ELIZABETH FLORENCE,180045,KY,READM-30-HIP-KNEE-HRRP,67,1.038,15.1576,14.6022,12,01-07-2019,30-06-2022
ST ELIZABETH FLORENCE,180045,KY,READM-30-HF-HRRP,356,1.0594,16.8722,15.9267,64,01-07-2019,30-06-2022
ST ELIZABETH FLORENCE,180045,KY,READM-30-COPD-HRRP,470,1.0128,19.6084,19.3614,93,01-07-2019,30-06-2022
ST ELIZABETH FLORENCE,180045,KY,READM-30-CABG-HRRP,144,1.0113,20.3131,20.0852,30,01-07-2019,30-06-2022
BOURBON COMMUNITY HOSPITAL,180046,KY,READM-30-HIP-KNEE-HRRP,167,1.0154,17.9311,17.6593,31,01-07-2019,30-06-2022
BOURBON COMMUNITY HOSPITAL,180046,KY,READM-30-COPD-HRRP,307,1.1416,22.4998,19.7085,78,01-07-2019,30-06-2022
BOURBON COMMUNITY HOSPITAL,180046,KY,READM-30-CABG-HRRP,77,0.9768,18.8863,19.3344,13,01-07-2019,30-06-2022
BOURBON COMMUNITY HOSPITAL,180046,KY,READM-30-AMI-HRRP,106,1.0152,16.947,16.6934,19,01-07-2019,30-06-2022
EPHRAIM MCDOWELL REGIONAL MEDICAL CENTER,180048,KY,READM-30-PN-HRRP,156,1.0459,20.5138,19.6137,35,01-07-2019,30-06-2022
EPHRAIM MCDOWELL REGIONAL MEDICAL CENTER,180048,KY,READM-30-HIP-KNEE-HRRP,68,1.1427,22.2162,19.4423,24,01-07-2019,30-06-2022
EPHRAIM MCDOWELL REGIONAL MEDICAL CENTER,180048,KY,READM-30-HF-HRRP,469,0.9668,16.6976,17.2713,76,01-07-2019,30-06-2022
EPHRAIM MCDOWELL REGIONAL MEDICAL CENTER,180048,KY,READM-30-COPD-HRRP,676,0.8653,4.1726,4.8219,26,01-07-2019,30-06-2022
EPHRAIM MCDOWELL REGIONAL MEDICAL CENTER,180048,KY,READM-30-CABG-HRRP,796,1.038,22.1689,21.357,179,01-07-2019,30-06-2022
EPHRAIM MCDOWELL REGIONAL MEDICAL CENTER,180048,KY,READM-30-AMI-HRRP,184,0.9958,19.1712,19.2523,35,01-07-2019,30-06-2022
BAPTIST HEALTH RICHMOND,180049,KY,READM-30-HIP-KNEE-HRRP,373,0.9052,12.5591,13.8739,42,01-07-2019,30-06-2022
BAPTIST HEALTH RICHMOND,180049,KY,READM-30-HF-HRRP,333,1.0571,16.5882,15.6927,59,01-07-2019,30-06-2022
BAPTIST HEALTH RICHMOND,180049,KY,READM-30-CABG-HRRP,474,1.1305,21.4801,19.001,110,01-07-2019,30-06-2022
BAPTIST HEALTH RICHMOND,180049,KY,READM-30-AMI-HRRP,212,1.0109,19.0041,18.7988,41,01-07-2019,30-06-2022
HARLAN ARH HOSPITAL,180050,KY,READM-30-PN-HRRP,117,1.1001,13.9592,12.6896,21,01-07-2019,30-06-2022
HARLAN ARH HOSPITAL,180050,KY,READM-30-HIP-KNEE-HRRP,251,1.1329,16.9566,14.9675,51,01-07-2019,30-06-2022
HARLAN ARH HOSPITAL,180050,KY,READM-30-COPD-HRRP,278,0.9348,17.0381,18.2262,43,01-07-2019,30-06-2022
HARLAN ARH HOSPITAL,180050,KY,READM-30-CABG-HRRP,108,0.9811,16.865,17.1893,17,01-07-2019,30-06-2022
JENNIE STUART MEDICAL CENTER,180051,KY,READM-30-PN-HRRP,585,1.1498,20.0253,17.4157,127,01-07-2019,30-06-2022
JENNIE STUART MEDICAL CENTER,180051,KY,READM-30-HIP-KNEE-HRRP,409,1.2184,5.6099,4.6044,26,01-07-2019,30-06-2022
JENNIE STUART MEDICAL CENTER,180051,KY,READM-30-HF-HRRP,1352,1.0281,21.8283,21.2324,297,01-07-2019,30-06-2022
JENNIE STUART MEDICAL CENTER,180051,KY,READM-30-COPD-HRRP,243,0.9362,18.2299,19.4729,40,01-07-2019,30-06-2022
JENNIE STUART MEDICAL CENTER,180051,KY,READM-30-CABG-HRRP,362,1.0122,10.9555,10.823,40,01-07-2019,30-06-2022
JENNIE STUART MEDICAL CENTER,180051,KY,READM-30-AMI-HRRP,716,1.1302,17.011,15.0514,128,01-07-2019,30-06-2022
DEACONESS HENDERSON HOSPITAL,180056,KY,READM-30-PN-HRRP,109,0.9243,14.9533,16.1781,11,01-07-2019,30-06-2022
DEACONESS HENDERSON HOSPITAL,180056,KY,READM-30-HIP-KNEE-HRRP,169,1.0985,23.3606,21.2664,46,01-07-2019,30-06-2022
DEACONESS HENDERSON HOSPITAL,180056,KY,READM-30-HF-HRRP,58,1.0245,19.6457,19.1755,13,01-07-2019,30-06-2022
DEACONESS HENDERSON HOSPITAL,180056,KY,READM-30-AMI-HRRP,192,1.102,16.8949,15.3313,39,01-07-2019,30-06-2022
SAINT JOSEPH MOUNT STERLING,180064,KY,READM-30-HIP-KNEE-HRRP,217,0.9547,17.983,18.8372,36,01-07-2019,30-06-2022
SAINT JOSEPH MOUNT STERLING,180064,KY,READM-30-HF-HRRP,83,1.0371,19.9537,19.2395,19,01-07-2019,30-06-2022
SAINT JOSEPH MOUNT STERLING,180064,KY,READM-30-CABG-HRRP,434,0.9876,15.6326,15.8296,67,01-07-2019,30-06-2022
LOGAN MEMORIAL HOSPITAL,180066,KY,READM-30-PN-HRRP,579,0.9946,19.233,19.3379,111,01-07-2019,30-06-2022
LOGAN MEMORIAL HOSPITAL,180066,KY,READM-30-HIP-KNEE-HRRP,120,1.114,19.9332,17.8935,31,01-07-2019,30-06-2022
LOGAN MEMORIAL HOSPITAL,180066,KY,READM-30-HF-HRRP,94,1.0057,11.5302,11.4645,11,01-07-2019,30-06-2022
LOGAN MEMORIAL HOSPITAL,180066,KY,READM-30-COPD-HRRP,160,1.1439,17.5587,15.3492,35,01-07-2019,30-06-2022
LOGAN MEMORIAL HOSPITAL,180066,KY,READM-30-CABG-HRRP,92,1.1697,24.2138,20.7008,34,01-07-2019,30-06-2022
LOGAN MEMORIAL HOSPITAL,180066,KY,READM-30-AMI-HRRP,59,1.0712,22.5241,21.0263,18,01-07-2019,30-06-2022
UNIVERSITY OF KENTUCKY HOSPITAL,180067,KY,READM-30-PN-HRRP,47,1.0338,20.7991,20.1189,12,01-07-2019,30-06-2022
UNIVERSITY OF KENTUCKY HOSPITAL,180067,KY,READM-30-HIP-KNEE-HRRP,311,1.1372,19.6065,17.2412,70,01-07-2019,30-06-2022
UNIVERSITY OF KENTUCKY HOSPITAL,180067,KY,READM-30-HF-HRRP,178,1.0866,22.1106,20.3486,45,01-07-2019,30-06-2022
UNIVERSITY OF KENTUCKY HOSPITAL,180067,KY,READM-30-COPD-HRRP,71,1.0389,19.0273,18.3141,16,01-07-2019,30-06-2022
UNIVERSITY OF KENTUCKY HOSPITAL,180067,KY,READM-30-CABG-HRRP,516,1.0882,18.0531,16.5897,99,01-07-2019,30-06-2022
UNIVERSITY OF KENTUCKY HOSPITAL,180067,KY,READM-30-AMI-HRRP,269,0.9363,4.4629,4.7663,11,01-07-2019,30-06-2022
TUG VALLEY ARH REGIONAL MEDICAL CENTER,180069,KY,READM-30-PN-HRRP,977,1.1627,22.599,19.4369,231,01-07-2019,30-06-2022
TUG VALLEY ARH REGIONAL MEDICAL CENTER,180069,KY,READM-30-HIP-KNEE-HRRP,340,1.0582,19.7894,18.7004,71,01-07-2019,30-06-2022
TUG VALLEY ARH REGIONAL MEDICAL CENTER,180069,KY,READM-30-HF-HRRP,151,0.9693,14.9445,15.4181,21,01-07-2019,30-06-2022
TUG VALLEY ARH REGIONAL MEDICAL CENTER,180069,KY,READM-30-COPD-HRRP,99,1.074,18.2158,16.9613,23,01-07-2019,30-06-2022
TUG VALLEY ARH REGIONAL MEDICAL CENTER,180069,KY,READM-30-CABG-HRRP,117,0.9959,19.8927,19.975,23,01-07-2019,30-06-2022
TUG VALLEY ARH REGIONAL MEDICAL CENTER,180069,KY,READM-30-AMI-HRRP,87,0.9856,20.672,20.9751,17,01-07-2019,30-06-2022
OWENSBORO HEALTH TWIN LAKES MEDICAL CENTER,180070,KY,READM-30-PN-HRRP,106,0.9723,18.8639,19.4004,18,01-07-2019,30-06-2022
OWENSBORO HEALTH TWIN LAKES MEDICAL CENTER,180070,KY,READM-30-HIP-KNEE-HRRP,112,1.1365,25.0406,22.0333,37,01-07-2019,30-06-2022
OWENSBORO HEALTH TWIN LAKES MEDICAL CENTER,180070,KY,READM-30-COPD-HRRP,64,0.986,18.7504,19.0163,11,01-07-2019,30-06-2022
OWENSBORO HEALTH TWIN LAKES MEDICAL CENTER,180070,KY,READM-30-CABG-HRRP,132,0.9319,19.4598,20.8829,21,01-07-2019,30-06-2022
OWENSBORO HEALTH TWIN LAKES MEDICAL CENTER,180070,KY,READM-30-AMI-HRRP,51,0.9912,22.7444,22.9461,11,01-07-2019,30-06-2022
PAINTSVILLE ARH HOSPITAL,180078,KY,READM-30-PN-HRRP,700,1.0346,18.5165,17.8967,132,01-07-2019,30-06-2022
PAINTSVILLE ARH HOSPITAL,180078,KY,READM-30-HF-HRRP,599,0.9843,20.0435,20.3636,119,01-07-2019,30-06-2022
PAINTSVILLE ARH HOSPITAL,180078,KY,READM-30-COPD-HRRP,177,0.9431,17.9641,19.0473,28,01-07-2019,30-06-2022
PAINTSVILLE ARH HOSPITAL,180078,KY,READM-30-CABG-HRRP,143,1.0701,16.4695,15.39,27,01-07-2019,30-06-2022
PAINTSVILLE ARH HOSPITAL,180078,KY,READM-30-AMI-HRRP,310,1.0885,18.4218,16.9247,63,01-07-2019,30-06-2022
HARRISON MEMORIAL HOSPITAL,180079,KY,READM-30-HIP-KNEE-HRRP,369,1.0322,21.9067,21.2227,83,01-07-2019,30-06-2022
HARRISON MEMORIAL HOSPITAL,180079,KY,READM-30-HF-HRRP,117,1.0264,19.899,19.3874,25,01-07-2019,30-06-2022
HARRISON MEMORIAL HOSPITAL,180079,KY,READM-30-COPD-HRRP,539,1.03,16.3252,15.8498,90,01-07-2019,30-06-2022
HARRISON MEMORIAL HOSPITAL,180079,KY,READM-30-AMI-HRRP,559,0.9946,20.2794,20.3893,113,01-07-2019,30-06-2022
BAPTIST HEALTH CORBIN,180080,KY,READM-30-PN-HRRP,198,0.9431,18.0986,19.1896,32,01-07-2019,30-06-2022
BAPTIST HEALTH CORBIN,180080,KY,READM-30-HF-HRRP,369,1.0225,19.8946,19.4575,75,01-07-2019,30-06-2022
BAPTIST HEALTH CORBIN,180080,KY,READM-30-CABG-HRRP,288,0.9989,21.9006,21.9241,63,01-07-2019,30-06-2022
BAPTIST HEALTH CORBIN,180080,KY,READM-30-AMI-HRRP,225,0.9836,19.5995,19.9262,43,01-07-2019,30-06-2022
TAYLOR REGIONAL HOSPITAL,180087,KY,READM-30-HIP-KNEE-HRRP,347,0.9284,15.2816,16.4606,48,01-07-2019,30-06-2022
TAYLOR REGIONAL HOSPITAL,180087,KY,READM-30-COPD-HRRP,421,0.9582,19.2003,20.0387,78,01-07-2019,30-06-2022
TAYLOR REGIONAL HOSPITAL,180087,KY,READM-30-CABG-HRRP,185,1.0273,18.52,18.0284,36,01-07-2019,30-06-2022
TAYLOR REGIONAL HOSPITAL,180087,KY,READM-30-AMI-HRRP,66,1.0346,17.0281,16.4591,13,01-07-2019,30-06-2022
"NORTON HOSPITALS, INC",180088,KY,READM-30-PN-HRRP,239,1.1273,18.7175,16.6044,53,01-07-2019,30-06-2022
"NORTON HOSPITALS, INC",180088,KY,READM-30-HIP-KNEE-HRRP,231,0.98,19.1897,19.5807,43,01-07-2019,30-06-2022
"NORTON HOSPITALS, INC",180088,KY,READM-30-CABG-HRRP,75,1.0315,15.8278,15.3446,14,01-07-2019,30-06-2022
CLARK REGIONAL MEDICAL CENTER,180092,KY,READM-30-CABG-HRRP,166,0.9672,16.4468,17.0039,25,01-07-2019,30-06-2022
BAPTIST HEALTH DEACONESS MADISONVILLE,180093,KY,READM-30-PN-HRRP,144,0.8989,16.582,18.4476,17,01-07-2019,30-06-2022
BAPTIST HEALTH DEACONESS MADISONVILLE,180093,KY,READM-30-HF-HRRP,115,0.9682,17.6011,18.1783,18,01-07-2019,30-06-2022
BAPTIST HEALTH DEACONESS MADISONVILLE,180093,KY,READM-30-COPD-HRRP,143,0.9691,19.644,20.2709,26,01-07-2019,30-06-2022
CRITTENDEN COMMUNITY HOSPITAL,180095,KY,READM-30-PN-HRRP,239,0.8815,13.55,15.3714,24,01-07-2019,30-06-2022
CRITTENDEN COMMUNITY HOSPITAL,180095,KY,READM-30-HF-HRRP,243,0.8609,16.3285,18.9667,30,01-07-2019,30-06-2022
GEORGETOWN COMMUNITY HOSPITAL,180101,KY,READM-30-HIP-KNEE-HRRP,116,1.0131,16.4823,16.2691,20,01-07-2019,30-06-2022
GEORGETOWN COMMUNITY HOSPITAL,180101,KY,READM-30-COPD-HRRP,89,0.9887,17.6771,17.8789,15,01-07-2019,30-06-2022
GEORGETOWN COMMUNITY HOSPITAL,180101,KY,READM-30-CABG-HRRP,59,1.0755,19.2538,17.9021,16,01-07-2019,30-06-2022
LOURDES HOSPITAL,180102,KY,READM-30-PN-HRRP,248,1.0111,16.2302,16.0516,41,01-07-2019,30-06-2022
LOURDES HOSPITAL,180102,KY,READM-30-HF-HRRP,217,0.9522,18.0644,18.9706,36,01-07-2019,30-06-2022
LOURDES HOSPITAL,180102,KY,READM-30-COPD-HRRP,137,1.0149,18.2875,18.0189,26,01-07-2019,30-06-2022
LOURDES HOSPITAL,180102,KY,READM-30-CABG-HRRP,145,1.021,13.0952,12.8253,20,01-07-2019,30-06-2022
LOURDES HOSPITAL,180102,KY,READM-30-AMI-HRRP,132,0.9791,15.4672,15.7973,19,01-07-2019,30-06-2022
BAPTIST HEALTH LEXINGTON,180103,KY,READM-30-PN-HRRP,149,1.0194,19.2849,18.9174,30,01-07-2019,30-06-2022
BAPTIST HEALTH LEXINGTON,180103,KY,READM-30-COPD-HRRP,143,1.0099,17.0089,16.8417,25,01-07-2019,30-06-2022
BAPTIST HEALTH LEXINGTON,180103,KY,READM-30-AMI-HRRP,365,1.006,19.0707,18.9572,70,01-07-2019,30-06-2022
BAPTIST HEALTH PADUCAH,180104,KY,READM-30-HF-HRRP,339,0.9485,12.2549,12.9203,39,01-07-2019,30-06-2022
MONROE COUNTY MEDICAL CENTER,180105,KY,READM-30-HIP-KNEE-HRRP,48,1.0348,18.3264,17.7093,11,01-07-2019,30-06-2022
MONROE COUNTY MEDICAL CENTER,180105,KY,READM-30-HF-HRRP,156,0.9691,14.803,15.2752,21,01-07-2019,30-06-2022
MONROE COUNTY MEDICAL CENTER,180105,KY,READM-30-COPD-HRRP,137,0.9626,17.8667,18.5602,22,01-07-2019,30-06-2022
MONROE COUNTY MEDICAL CENTER,180105,KY,READM-30-AMI-HRRP,107,1.0625,12.2661,11.5448,16,01-07-2019,30-06-2022
THE MEDICAL CENTER AT ALBANY,180106,KY,READM-30-PN-HRRP,489,1.0842,16.8751,15.5644,88,01-07-2019,30-06-2022
THE MEDICAL CENTER AT ALBANY,180106,KY,READM-30-HIP-KNEE-HRRP,341,1.0708,4.387,4.0968,16,01-07-2019,30-06-2022
THE MEDICAL CENTER AT ALBANY,180106,KY,READM-30-HF-HRRP,621,0.845,16.081,19.0306,89,01-07-2019,30-06-2022
THE MEDICAL CENTER AT ALBANY,180106,KY,READM-30-COPD-HRRP,182,0.8717,15.1506,17.3812,19,01-07-2019,30-06-2022
THE MEDICAL CENTER AT ALBANY,180106,KY,READM-30-CABG-HRRP,75,1.1072,10.9039,9.8485,11,01-07-2019,30-06-2022
THE MEDICAL CENTER AT ALBANY,180106,KY,READM-30-AMI-HRRP,347,0.9052,10.5803,11.6885,32,01-07-2019,30-06-2022
"ROCKCASTLE COUNTY HOSPITAL, INC.",180115,KY,READM-30-PN-HRRP,121,0.9347,13.588,14.5366,12,01-07-2019,30-06-2022
"ROCKCASTLE COUNTY HOSPITAL, INC.",180115,KY,READM-30-HIP-KNEE-HRRP,72,1.0508,19.117,18.1927,17,01-07-2019,30-06-2022
GREENVIEW REGIONAL HOSPITAL,180124,KY,READM-30-PN-HRRP,92,1.003,15.0007,14.9557,14,01-07-2019,30-06-2022
GREENVIEW REGIONAL HOSPITAL,180124,KY,READM-30-HIP-KNEE-HRRP,56,1.0154,17.8666,17.5949,11,01-07-2019,30-06-2022
GREENVIEW REGIONAL HOSPITAL,180124,KY,READM-30-AMI-HRRP,45,1.0215,21.2309,20.7834,11,01-07-2019,30-06-2022
FRANKFORT REGIONAL MEDICAL CENTER,180127,KY,READM-30-HIP-KNEE-HRRP,73,1.087,15.7488,14.4888,17,01-07-2019,30-06-2022
FRANKFORT REGIONAL MEDICAL CENTER,180127,KY,READM-30-AMI-HRRP,238,1.0685,17.8398,16.6965,47,01-07-2019,30-06-2022
THREE RIVERS MEDICAL CENTER,180128,KY,READM-30-HIP-KNEE-HRRP,217,1.1246,21.2766,18.9188,54,01-07-2019,30-06-2022
THREE RIVERS MEDICAL CENTER,180128,KY,READM-30-CABG-HRRP,123,0.9598,11.3319,11.8062,12,01-07-2019,30-06-2022
LAKE CUMBERLAND REGIONAL HOSPITAL,180132,KY,READM-30-HIP-KNEE-HRRP,468,0.9341,15.5145,16.6083,68,01-07-2019,30-06-2022
LAKE CUMBERLAND REGIONAL HOSPITAL,180132,KY,READM-30-COPD-HRRP,708,1.0367,20.7043,19.9717,149,01-07-2019,30-06-2022
LAKE CUMBERLAND REGIONAL HOSPITAL,180132,KY,READM-30-CABG-HRRP,222,1.0214,20.9875,20.5479,48,01-07-2019,30-06-2022
LAKE CUMBERLAND REGIONAL HOSPITAL,180132,KY,READM-30-AMI-HRRP,131,1.0568,11.0367,10.4436,16,01-07-2019,30-06-2022
BAPTIST HEALTH LAGRANGE,180138,KY,READM-30-PN-HRRP,286,0.9937,13.3945,13.4789,38,01-07-2019,30-06-2022
BAPTIST HEALTH LAGRANGE,180138,KY,READM-30-CABG-HRRP,94,1.1043,17.3361,15.6985,23,01-07-2019,30-06-2022
KENTUCKY RIVER MEDICAL CENTER,180139,KY,READM-30-HIP-KNEE-HRRP,109,1.0221,18.768,18.363,22,01-07-2019,30-06-2022
KENTUCKY RIVER MEDICAL CENTER,180139,KY,READM-30-HF-HRRP,81,1.0425,22.3677,21.4566,21,01-07-2019,30-06-2022
KENTUCKY RIVER MEDICAL CENTER,180139,KY,READM-30-COPD-HRRP,42,1.0413,24.1768,23.218,13,01-07-2019,30-06-2022
KENTUCKY RIVER MEDICAL CENTER,180139,KY,READM-30-CABG-HRRP,332,1.0289,15.9891,15.5393,55,01-07-2019,30-06-2022
KENTUCKY RIVER MEDICAL CENTER,180139,KY,READM-30-AMI-HRRP,220,1.0393,4.7307,4.5516,11,01-07-2019,30-06-2022
UNIVERSITY OF LOUISVILLE HOSPITAL,180141,KY,READM-30-PN-HRRP,319,1.0467,20.3684,19.4597,68,01-07-2019,30-06-2022
UNIVERSITY OF LOUISVILLE HOSPITAL,180141,KY,READM-30-HIP-KNEE-HRRP,88,1.0117,18.4706,18.2565,17,01-07-2019,30-06-2022
UNIVERSITY OF LOUISVILLE HOSPITAL,180141,KY,READM-30-COPD-HRRP,244,1.01,18.1566,17.9767,45,01-07-2019,30-06-2022
UNIVERSITY OF LOUISVILLE HOSPITAL,180141,KY,READM-30-AMI-HRRP,429,0.9122,18.6683,20.4646,74,01-07-2019,30-06-2022
SAINT JOSEPH EAST,180143,KY,READM-30-PN-HRRP,124,1.0097,20.4489,20.2517,26,01-07-2019,30-06-2022
SAINT JOSEPH EAST,180143,KY,READM-30-HIP-KNEE-HRRP,108,0.9919,11.3266,11.4196,12,01-07-2019,30-06-2022
SAINT JOSEPH EAST,180143,KY,READM-30-HF-HRRP,294,1.002,12.8927,12.8674,38,01-07-2019,30-06-2022
SAINT JOSEPH EAST,180143,KY,READM-30-COPD-HRRP,132,1.1126,18.6589,16.77,32,01-07-2019,30-06-2022
SAINT JOSEPH EAST,180143,KY,READM-30-CABG-HRRP,185,1.0993,22.9937,20.9159,49,01-07-2019,30-06-2022
SAINT JOSEPH EAST,180143,KY,READM-30-AMI-HRRP,65,1.0386,20.7332,19.9622,16,01-07-2019,30-06-2022
TJ HEALTH COLUMBIA,180149,KY,READM-30-HIP-KNEE-HRRP,285,1.2193,21.7223,17.816,76,01-07-2019,30-06-2022
TJ HEALTH COLUMBIA,180149,KY,READM-30-HF-HRRP,330,1.0214,20.7808,20.3446,70,01-07-2019,30-06-2022
TJ HEALTH COLUMBIA,180149,KY,READM-30-COPD-HRRP,97,1.1381,21.9884,19.32,30,01-07-2019,30-06-2022
TJ HEALTH COLUMBIA,180149,KY,READM-30-AMI-HRRP,707,1.1482,20.2545,17.6395,153,01-07-2019,30-06-2022
"PINEVILLE COMMUNITY HEALTH CENTER, INC",180154,KY,READM-30-PN-HRRP,1046,0.9886,19.9587,20.1892,208,01-07-2019,30-06-2022
"PINEVILLE COMMUNITY HEALTH CENTER, INC",180154,KY,READM-30-HIP-KNEE-HRRP,231,1.1497,22.3612,19.45,61,01-07-2019,30-06-2022
"PINEVILLE COMMUNITY HEALTH CENTER, INC",180154,KY,READM-30-HF-HRRP,119,1.0643,12.7841,12.0122,17,01-07-2019,30-06-2022
"PINEVILLE COMMUNITY HEALTH CENTER, INC",180154,KY,READM-30-COPD-HRRP,405,1.0374,14.1206,13.6119,59,01-07-2019,30-06-2022
"PINEVILLE COMMUNITY HEALTH CENTER, INC",180154,KY,READM-30-CABG-HRRP,423,1.0269,17.5323,17.0724,76,01-07-2019,30-06-2022
"PINEVILLE COMMUNITY HEALTH CENTER, INC",180154,KY,READM-30-AMI-HRRP,428,0.8409,3.4141,4.0598,12,01-07-2019,30-06-2022
OCHSNER LAFAYETTE GENERAL MEDICAL CENTER,190002,LA,READM-30-PN-HRRP,799,0.8967,18.4236,20.5457,140,01-07-2019,30-06-2022
OCHSNER LAFAYETTE GENERAL MEDICAL CENTER,190002,LA,READM-30-HIP-KNEE-HRRP,139,1.0096,21.1202,20.9194,30,01-07-2019,30-06-2022
OCHSNER LAFAYETTE GENERAL MEDICAL CENTER,190002,LA,READM-30-COPD-HRRP,260,1.057,17.3634,16.4269,48,01-07-2019,30-06-2022
OCHSNER LAFAYETTE GENERAL MEDICAL CENTER,190002,LA,READM-30-CABG-HRRP,105,1.0641,17.7652,16.6947,23,01-07-2019,30-06-2022
OCHSNER LAFAYETTE GENERAL MEDICAL CENTER,190002,LA,READM-30-AMI-HRRP,73,1.0451,21.8898,20.9444,19,01-07-2019,30-06-2022
THIBODAUX REGIONAL MEDICAL CENTER,190004,LA,READM-30-PN-HRRP,68,1.0688,20.0247,18.7349,18,01-07-2019,30-06-2022
THIBODAUX REGIONAL MEDICAL CENTER,190004,LA,READM-30-HIP-KNEE-HRRP,175,1.018,20.4092,20.0486,37,01-07-2019,30-06-2022
THIBODAUX REGIONAL MEDICAL CENTER,190004,LA,READM-30-COPD-HRRP,105,1.0556,23.0882,21.8713,28,01-07-2019,30-06-2022
THIBODAUX REGIONAL MEDICAL CENTER,190004,LA,READM-30-CABG-HRRP,58,1.0126,20.9704,20.7104,13,01-07-2019,30-06-2022
UNIVERSITY MEDICAL CENTER NEW ORLEANS,190005,LA,READM-30-PN-HRRP,99,1.0904,17.2849,15.8524,23,01-07-2019,30-06-2022
UNIVERSITY MEDICAL CENTER NEW ORLEANS,190005,LA,READM-30-HIP-KNEE-HRRP,111,1.1057,21.8413,19.7527,31,01-07-2019,30-06-2022
UNIVERSITY MEDICAL CENTER NEW ORLEANS,190005,LA,READM-30-HF-HRRP,57,0.9995,21.1153,21.1267,12,01-07-2019,30-06-2022
OCHSNER UNIVERSITY HOSPITAL AND CLINICS,190006,LA,READM-30-PN-HRRP,440,1.0769,19.2728,17.8965,90,01-07-2019,30-06-2022
OCHSNER UNIVERSITY HOSPITAL AND CLINICS,190006,LA,READM-30-HIP-KNEE-HRRP,616,0.804,3.4617,4.3057,18,01-07-2019,30-06-2022
OCHSNER UNIVERSITY HOSPITAL AND CLINICS,190006,LA,READM-30-HF-HRRP,689,0.9327,18.8143,20.1719,125,01-07-2019,30-06-2022
OCHSNER UNIVERSITY HOSPITAL AND CLINICS,190006,LA,READM-30-COPD-HRRP,159,1.012,17.7585,17.5479,29,01-07-2019,30-06-2022
OCHSNER UNIVERSITY HOSPITAL AND CLINICS,190006,LA,READM-30-CABG-HRRP,135,0.9324,10.3407,11.0904,12,01-07-2019,30-06-2022
OCHSNER UNIVERSITY HOSPITAL AND CLINICS,190006,LA,READM-30-AMI-HRRP,180,1.0035,14.3481,14.2976,26,01-07-2019,30-06-2022
NATCHITOCHES REGIONAL MEDICAL CENTER,190007,LA,READM-30-PN-HRRP,325,1.0267,16.9816,16.5392,57,01-07-2019,30-06-2022
NATCHITOCHES REGIONAL MEDICAL CENTER,190007,LA,READM-30-HIP-KNEE-HRRP,224,1.0483,21.3514,20.3671,51,01-07-2019,30-06-2022
NATCHITOCHES REGIONAL MEDICAL CENTER,190007,LA,READM-30-HF-HRRP,105,1.036,19.6917,19.0078,23,01-07-2019,30-06-2022
NATCHITOCHES REGIONAL MEDICAL CENTER,190007,LA,READM-30-COPD-HRRP,796,1.0579,18.4764,17.4658,151,01-07-2019,30-06-2022
NATCHITOCHES REGIONAL MEDICAL CENTER,190007,LA,READM-30-CABG-HRRP,409,1.0587,4.9209,4.6481,21,01-07-2019,30-06-2022
NATCHITOCHES REGIONAL MEDICAL CENTER,190007,LA,READM-30-AMI-HRRP,824,0.9303,18.7846,20.192,150,01-07-2019,30-06-2022
TERREBONNE GENERAL HEALTH SYSTEM,190008,LA,READM-30-PN-HRRP,195,0.958,17.2906,18.0482,31,01-07-2019,30-06-2022
TERREBONNE GENERAL HEALTH SYSTEM,190008,LA,READM-30-HIP-KNEE-HRRP,165,0.9978,14.0053,14.0361,23,01-07-2019,30-06-2022
TERREBONNE GENERAL HEALTH SYSTEM,190008,LA,READM-30-HF-HRRP,275,0.9361,14.7006,15.7037,36,01-07-2019,30-06-2022
TERREBONNE GENERAL HEALTH SYSTEM,190008,LA,READM-30-COPD-HRRP,393,0.9444,4.0379,4.2754,15,01-07-2019,30-06-2022
TERREBONNE GENERAL HEALTH SYSTEM,190008,LA,READM-30-CABG-HRRP,413,1.0798,21.988,20.3638,96,01-07-2019,30-06-2022
TERREBONNE GENERAL HEALTH SYSTEM,190008,LA,READM-30-AMI-HRRP,93,0.9987,20.5235,20.5503,19,01-07-2019,30-06-2022
OCHSNER LSU HEALTH MONROE,190011,LA,READM-30-HIP-KNEE-HRRP,113,0.9846,15.7439,15.9898,17,01-07-2019,30-06-2022
OCHSNER LSU HEALTH MONROE,190011,LA,READM-30-HF-HRRP,133,0.9817,16.7405,17.0532,21,01-07-2019,30-06-2022
OCHSNER LSU HEALTH MONROE,190011,LA,READM-30-COPD-HRRP,202,1.0057,20.6014,20.4837,42,01-07-2019,30-06-2022
OCHSNER LSU HEALTH MONROE,190011,LA,READM-30-AMI-HRRP,201,0.9988,15.9599,15.9787,32,01-07-2019,30-06-2022
WEST CALCASIEU CAMERON HOSPITAL,190013,LA,READM-30-PN-HRRP,208,1.0668,4.8133,4.5118,11,01-07-2019,30-06-2022
WEST CALCASIEU CAMERON HOSPITAL,190013,LA,READM-30-HIP-KNEE-HRRP,212,0.9645,17.6121,18.2609,35,01-07-2019,30-06-2022
WEST CALCASIEU CAMERON HOSPITAL,190013,LA,READM-30-HF-HRRP,74,0.9947,16.6639,16.7524,12,01-07-2019,30-06-2022
WEST CALCASIEU CAMERON HOSPITAL,190013,LA,READM-30-COPD-HRRP,403,0.8565,15.5677,18.1752,52,01-07-2019,30-06-2022
WEST CALCASIEU CAMERON HOSPITAL,190013,LA,READM-30-AMI-HRRP,625,1.0096,21.0172,20.8176,132,01-07-2019,30-06-2022
OCHSNER ST MARY,190014,LA,READM-30-PN-HRRP,169,0.938,18.4782,19.7004,27,01-07-2019,30-06-2022
OCHSNER ST MARY,190014,LA,READM-30-HIP-KNEE-HRRP,131,1.0232,16.663,16.2852,23,01-07-2019,30-06-2022
OCHSNER ST MARY,190014,LA,READM-30-HF-HRRP,92,1.0449,19.4312,18.5961,21,01-07-2019,30-06-2022
OCHSNER ST MARY,190014,LA,READM-30-CABG-HRRP,111,1.0303,21.5852,20.9499,26,01-07-2019,30-06-2022
"NORTH OAKS MEDICAL CENTER, L L C",190015,LA,READM-30-HIP-KNEE-HRRP,604,0.9605,16.5158,17.1951,97,01-07-2019,30-06-2022
"NORTH OAKS MEDICAL CENTER, L L C",190015,LA,READM-30-HF-HRRP,265,0.9969,4.9236,4.9387,13,01-07-2019,30-06-2022
"NORTH OAKS MEDICAL CENTER, L L C",190015,LA,READM-30-COPD-HRRP,683,0.9906,20.0039,20.193,136,01-07-2019,30-06-2022
"NORTH OAKS MEDICAL CENTER, L L C",190015,LA,READM-30-CABG-HRRP,167,0.9706,20.3414,20.9582,32,01-07-2019,30-06-2022
"NORTH OAKS MEDICAL CENTER, L L C",190015,LA,READM-30-AMI-HRRP,158,0.9449,9.864,10.4387,14,01-07-2019,30-06-2022
OPELOUSAS GENERAL HEALTH SYSTEM,190017,LA,READM-30-PN-HRRP,289,0.9596,12.4565,12.9815,34,01-07-2019,30-06-2022
OPELOUSAS GENERAL HEALTH SYSTEM,190017,LA,READM-30-HIP-KNEE-HRRP,139,1.0268,15.9904,15.5725,24,01-07-2019,30-06-2022
OPELOUSAS GENERAL HEALTH SYSTEM,190017,LA,READM-30-COPD-HRRP,103,0.9843,18.4845,18.7802,18,01-07-2019,30-06-2022
OPELOUSAS GENERAL HEALTH SYSTEM,190017,LA,READM-30-CABG-HRRP,69,1.0745,19.3562,18.0147,18,01-07-2019,30-06-2022
OPELOUSAS GENERAL HEALTH SYSTEM,190017,LA,READM-30-AMI-HRRP,662,1.0494,19.5734,18.6523,133,01-07-2019,30-06-2022
CHRISTUS ST FRANCES CABRINI HOSPITAL,190019,LA,READM-30-PN-HRRP,250,1.0275,5.0332,4.8986,13,01-07-2019,30-06-2022
CHRISTUS ST FRANCES CABRINI HOSPITAL,190019,LA,READM-30-HIP-KNEE-HRRP,854,0.9963,22.0438,22.1257,188,01-07-2019,30-06-2022
CHRISTUS ST FRANCES CABRINI HOSPITAL,190019,LA,READM-30-HF-HRRP,264,1.1176,24.6927,22.0947,73,01-07-2019,30-06-2022
CHRISTUS ST FRANCES CABRINI HOSPITAL,190019,LA,READM-30-CABG-HRRP,329,1.1047,18.1872,16.4636,65,01-07-2019,30-06-2022
LANE REGIONAL MEDICAL CENTER,190020,LA,READM-30-COPD-HRRP,98,1.0303,16.3229,15.8436,18,01-07-2019,30-06-2022
LANE REGIONAL MEDICAL CENTER,190020,LA,READM-30-AMI-HRRP,84,1.0191,19.922,19.5481,18,01-07-2019,30-06-2022
SAVOY MEDICAL CENTER,190025,LA,READM-30-PN-HRRP,59,1.0708,19.5984,18.303,16,01-07-2019,30-06-2022
SAVOY MEDICAL CENTER,190025,LA,READM-30-HIP-KNEE-HRRP,118,1.0048,16.6748,16.5959,20,01-07-2019,30-06-2022
SAVOY MEDICAL CENTER,190025,LA,READM-30-COPD-HRRP,129,1.1931,23.2565,19.4923,42,01-07-2019,30-06-2022
SAVOY MEDICAL CENTER,190025,LA,READM-30-CABG-HRRP,50,1.0593,20.3814,19.2408,14,01-07-2019,30-06-2022
SAVOY MEDICAL CENTER,190025,LA,READM-30-AMI-HRRP,92,0.9722,16.2351,16.7,13,01-07-2019,30-06-2022
RAPIDES REGIONAL MEDICAL CENTER,190026,LA,READM-30-HIP-KNEE-HRRP,138,1.0499,21.5279,20.5045,33,01-07-2019,30-06-2022
CHRISTUS OCHSNER ST PATRICK HOSPITAL,190027,LA,READM-30-HF-HRRP,77,1.055,22.5208,21.3464,21,01-07-2019,30-06-2022
CHRISTUS OCHSNER ST PATRICK HOSPITAL,190027,LA,READM-30-AMI-HRRP,73,0.9972,19.4276,19.4816,14,01-07-2019,30-06-2022
ABBEVILLE GENERAL HOSPITAL,190034,LA,READM-30-HIP-KNEE-HRRP,104,0.9947,13.7946,13.8678,14,01-07-2019,30-06-2022
ABBEVILLE GENERAL HOSPITAL,190034,LA,READM-30-COPD-HRRP,86,0.9857,17.3493,17.6007,14,01-07-2019,30-06-2022
OCHSNER CLINIC FOUNDATION,190036,LA,READM-30-HIP-KNEE-HRRP,248,0.9788,16.7195,17.0809,40,01-07-2019,30-06-2022
OCHSNER CLINIC FOUNDATION,190036,LA,READM-30-COPD-HRRP,283,1.0055,21.0718,20.9575,60,01-07-2019,30-06-2022
OCHSNER CLINIC FOUNDATION,190036,LA,READM-30-CABG-HRRP,127,1.0649,20.3543,19.1131,30,01-07-2019,30-06-2022
OCHSNER CLINIC FOUNDATION,190036,LA,READM-30-AMI-HRRP,132,1.074,16.1971,15.0804,25,01-07-2019,30-06-2022
WEST JEFFERSON MEDICAL CENTER,190039,LA,READM-30-PN-HRRP,103,1.0181,16.3041,16.0141,18,01-07-2019,30-06-2022
WEST JEFFERSON MEDICAL CENTER,190039,LA,READM-30-HF-HRRP,130,0.9877,21.414,21.6809,27,01-07-2019,30-06-2022
WEST JEFFERSON MEDICAL CENTER,190039,LA,READM-30-COPD-HRRP,97,1.1042,22.0734,19.991,28,01-07-2019,30-06-2022
WEST JEFFERSON MEDICAL CENTER,190039,LA,READM-30-CABG-HRRP,104,0.989,15.1351,15.3033,15,01-07-2019,30-06-2022
WEST JEFFERSON MEDICAL CENTER,190039,LA,READM-30-AMI-HRRP,69,1.0416,20.6996,19.8723,17,01-07-2019,30-06-2022
SLIDELL MEMORIAL HOSPITAL,190040,LA,READM-30-HIP-KNEE-HRRP,1549,1.0533,18.1655,17.2458,285,01-07-2019,30-06-2022
SLIDELL MEMORIAL HOSPITAL,190040,LA,READM-30-HF-HRRP,478,0.8568,4.0515,4.7289,17,01-07-2019,30-06-2022
SLIDELL MEMORIAL HOSPITAL,190040,LA,READM-30-COPD-HRRP,1876,0.937,19.4746,20.7843,361,01-07-2019,30-06-2022
SLIDELL MEMORIAL HOSPITAL,190040,LA,READM-30-CABG-HRRP,448,1.0409,20.6084,19.7989,95,01-07-2019,30-06-2022
SLIDELL MEMORIAL HOSPITAL,190040,LA,READM-30-AMI-HRRP,354,1.0828,12.0683,11.1455,45,01-07-2019,30-06-2022
CHRISTUS SHREVEPORT-BOSSIER HEALTH SYSTEM,190041,LA,READM-30-PN-HRRP,643,1.0563,16.2104,15.3464,107,01-07-2019,30-06-2022
CHRISTUS SHREVEPORT-BOSSIER HEALTH SYSTEM,190041,LA,READM-30-HIP-KNEE-HRRP,90,1.0811,16.378,15.1489,20,01-07-2019,30-06-2022
CHRISTUS SHREVEPORT-BOSSIER HEALTH SYSTEM,190041,LA,READM-30-COPD-HRRP,130,0.9486,18.8391,19.8598,21,01-07-2019,30-06-2022
CHRISTUS SHREVEPORT-BOSSIER HEALTH SYSTEM,190041,LA,READM-30-CABG-HRRP,45,1.0897,22.5185,20.6655,16,01-07-2019,30-06-2022
ACADIA GENERAL HOSPITAL,190044,LA,READM-30-PN-HRRP,343,1.0069,15.8999,15.7907,55,01-07-2019,30-06-2022
ACADIA GENERAL HOSPITAL,190044,LA,READM-30-HF-HRRP,257,1.1638,22.4858,19.3207,68,01-07-2019,30-06-2022
ACADIA GENERAL HOSPITAL,190044,LA,READM-30-COPD-HRRP,142,1.0726,18.0107,16.7916,30,01-07-2019,30-06-2022
ACADIA GENERAL HOSPITAL,190044,LA,READM-30-AMI-HRRP,583,1.1219,20.0494,17.8716,125,01-07-2019,30-06-2022
ST TAMMANY PARISH HOSPITAL,190045,LA,READM-30-HIP-KNEE-HRRP,195,1.0824,21.3668,19.7394,47,01-07-2019,30-06-2022
ST TAMMANY PARISH HOSPITAL,190045,LA,READM-30-HF-HRRP,102,1.0116,16.9275,16.7331,18,01-07-2019,30-06-2022
ST TAMMANY PARISH HOSPITAL,190045,LA,READM-30-CABG-HRRP,930,1.0861,17.5627,16.1704,169,01-07-2019,30-06-2022
ST TAMMANY PARISH HOSPITAL,190045,LA,READM-30-AMI-HRRP,1021,1.0042,3.9115,3.8953,40,01-07-2019,30-06-2022
TOURO INFIRMARY,190046,LA,READM-30-PN-HRRP,1309,1.0347,20.3763,19.6933,269,01-07-2019,30-06-2022
TOURO INFIRMARY,190046,LA,READM-30-HIP-KNEE-HRRP,197,1.0627,20.265,19.0699,44,01-07-2019,30-06-2022
TOURO INFIRMARY,190046,LA,READM-30-HF-HRRP,224,1.0367,11.1533,10.7587,26,01-07-2019,30-06-2022
TOURO INFIRMARY,190046,LA,READM-30-COPD-HRRP,449,1.028,14.1732,13.7875,65,01-07-2019,30-06-2022
TOURO INFIRMARY,190046,LA,READM-30-CABG-HRRP,366,1.0493,18.2079,17.352,70,01-07-2019,30-06-2022
TOURO INFIRMARY,190046,LA,READM-30-AMI-HRRP,979,0.7818,3.2395,4.1438,28,01-07-2019,30-06-2022
BEAUREGARD MEMORIAL HOSPITAL,190050,LA,READM-30-PN-HRRP,420,1.0388,20.3449,19.5848,88,01-07-2019,30-06-2022
BEAUREGARD MEMORIAL HOSPITAL,190050,LA,READM-30-HIP-KNEE-HRRP,134,1.0373,20.5664,19.8275,30,01-07-2019,30-06-2022
BEAUREGARD MEMORIAL HOSPITAL,190050,LA,READM-30-HF-HRRP,84,1.0971,13.7094,12.4958,16,01-07-2019,30-06-2022
BEAUREGARD MEMORIAL HOSPITAL,190050,LA,READM-30-COPD-HRRP,61,1.0586,16.61,15.6899,14,01-07-2019,30-06-2022
BEAUREGARD MEMORIAL HOSPITAL,190050,LA,READM-30-AMI-HRRP,92,1.0507,15.9712,15.2009,18,01-07-2019,30-06-2022
OCHSNER AMERICAN LEGION HOSPITAL,190053,LA,READM-30-PN-HRRP,79,1.028,19.2265,18.7034,17,01-07-2019,30-06-2022
OCHSNER AMERICAN LEGION HOSPITAL,190053,LA,READM-30-HF-HRRP,307,0.9931,16.1136,16.2248,49,01-07-2019,30-06-2022
OCHSNER AMERICAN LEGION HOSPITAL,190053,LA,READM-30-COPD-HRRP,305,1.0037,4.2439,4.2282,13,01-07-2019,30-06-2022
OCHSNER AMERICAN LEGION HOSPITAL,190053,LA,READM-30-CABG-HRRP,398,1.0235,19.9632,19.5056,81,01-07-2019,30-06-2022
OCHSNER AMERICAN LEGION HOSPITAL,190053,LA,READM-30-AMI-HRRP,84,1.0182,20.0164,19.6578,18,01-07-2019,30-06-2022
IBERIA MEDICAL CENTER,190054,LA,READM-30-PN-HRRP,172,0.9664,9.8531,10.1956,16,01-07-2019,30-06-2022
IBERIA MEDICAL CENTER,190054,LA,READM-30-HIP-KNEE-HRRP,152,1.0169,14.586,14.3436,23,01-07-2019,30-06-2022
IBERIA MEDICAL CENTER,190054,LA,READM-30-HF-HRRP,149,1.0226,17.7563,17.3636,28,01-07-2019,30-06-2022
IBERIA MEDICAL CENTER,190054,LA,READM-30-CABG-HRRP,435,1.0101,20.7645,20.5577,91,01-07-2019,30-06-2022
IBERIA MEDICAL CENTER,190054,LA,READM-30-AMI-HRRP,105,1.091,21.204,19.4348,28,01-07-2019,30-06-2022
LAKE CHARLES MEMORIAL HOSPITAL,190060,LA,READM-30-PN-HRRP,107,1.1785,15.0531,12.7736,21,01-07-2019,30-06-2022
LAKE CHARLES MEMORIAL HOSPITAL,190060,LA,READM-30-HIP-KNEE-HRRP,201,1.1036,16.9051,15.3187,39,01-07-2019,30-06-2022
LAKE CHARLES MEMORIAL HOSPITAL,190060,LA,READM-30-HF-HRRP,669,1.0773,19.989,18.555,139,01-07-2019,30-06-2022
LAKE CHARLES MEMORIAL HOSPITAL,190060,LA,READM-30-CABG-HRRP,576,1.0268,21.5638,21.001,126,01-07-2019,30-06-2022
LAKE CHARLES MEMORIAL HOSPITAL,190060,LA,READM-30-AMI-HRRP,398,0.9798,21.4534,21.8953,84,01-07-2019,30-06-2022
OUR LADY OF THE LAKE REGIONAL MEDICAL CENTER,190064,LA,READM-30-PN-HRRP,290,0.8811,13.1863,14.9654,32,01-07-2019,30-06-2022
OUR LADY OF THE LAKE REGIONAL MEDICAL CENTER,190064,LA,READM-30-HIP-KNEE-HRRP,119,1.0758,19.9961,18.5865,29,01-07-2019,30-06-2022
OUR LADY OF THE LAKE REGIONAL MEDICAL CENTER,190064,LA,READM-30-HF-HRRP,124,1.0085,22.1138,21.9282,28,01-07-2019,30-06-2022
OUR LADY OF THE LAKE REGIONAL MEDICAL CENTER,190064,LA,READM-30-AMI-HRRP,117,0.9699,19.6885,20.2994,21,01-07-2019,30-06-2022
BATON ROUGE GENERAL MEDICAL CENTER,190065,LA,READM-30-HF-HRRP,85,1.0231,15.8413,15.4843,15,01-07-2019,30-06-2022
BATON ROUGE GENERAL MEDICAL CENTER,190065,LA,READM-30-COPD-HRRP,114,1.091,21.1906,19.4236,30,01-07-2019,30-06-2022
BATON ROUGE GENERAL MEDICAL CENTER,190065,LA,READM-30-CABG-HRRP,66,1.0342,17.9599,17.3664,14,01-07-2019,30-06-2022
BATON ROUGE GENERAL MEDICAL CENTER,190065,LA,READM-30-AMI-HRRP,180,1.0796,18.1786,16.8382,38,01-07-2019,30-06-2022
ST CHARLES PARISH HOSPITAL,190079,LA,READM-30-HIP-KNEE-HRRP,254,0.8813,17.8278,20.2297,37,01-07-2019,30-06-2022
ST CHARLES PARISH HOSPITAL,190079,LA,READM-30-CABG-HRRP,184,1.0074,14.4781,14.3722,27,01-07-2019,30-06-2022
ST CHARLES PARISH HOSPITAL,190079,LA,READM-30-AMI-HRRP,557,1.1405,18.2999,16.0454,111,01-07-2019,30-06-2022
WEST CARROLL MEMORIAL HOSPITAL,190081,LA,READM-30-PN-HRRP,438,0.977,4.4187,4.5225,19,01-07-2019,30-06-2022
WEST CARROLL MEMORIAL HOSPITAL,190081,LA,READM-30-HIP-KNEE-HRRP,681,1.1747,23.2047,19.7534,169,01-07-2019,30-06-2022
WEST CARROLL MEMORIAL HOSPITAL,190081,LA,READM-30-HF-HRRP,235,1.0651,21.6056,20.2852,55,01-07-2019,30-06-2022
WEST CARROLL MEMORIAL HOSPITAL,190081,LA,READM-30-COPD-HRRP,289,1.0288,12.8636,12.5036,38,01-07-2019,30-06-2022
WEST CARROLL MEMORIAL HOSPITAL,190081,LA,READM-30-CABG-HRRP,494,1.1176,15.4719,13.844,82,01-07-2019,30-06-2022
WEST CARROLL MEMORIAL HOSPITAL,190081,LA,READM-30-AMI-HRRP,597,1.0344,19.6975,19.043,120,01-07-2019,30-06-2022
NORTHERN LOUISIANA MEDICAL CENTER,190086,LA,READM-30-HIP-KNEE-HRRP,328,1.047,22.2163,21.2183,76,01-07-2019,30-06-2022
NORTHERN LOUISIANA MEDICAL CENTER,190086,LA,READM-30-HF-HRRP,211,1.0068,19.6927,19.5588,42,01-07-2019,30-06-2022
NORTHERN LOUISIANA MEDICAL CENTER,190086,LA,READM-30-COPD-HRRP,122,0.9569,12.3928,12.9512,13,01-07-2019,30-06-2022
SPRINGHILL MEDICAL CENTER,190088,LA,READM-30-HIP-KNEE-HRRP,279,1.0175,16.7814,16.4935,48,01-07-2019,30-06-2022
SPRINGHILL MEDICAL CENTER,190088,LA,READM-30-COPD-HRRP,429,1.085,20.8721,19.2369,95,01-07-2019,30-06-2022
SPRINGHILL MEDICAL CENTER,190088,LA,READM-30-CABG-HRRP,128,1.0437,21.9277,21.0104,31,01-07-2019,30-06-2022
WINN PARISH MEDICAL CENTER,190090,LA,READM-30-PN-HRRP,206,1.1224,15.1715,13.5174,37,01-07-2019,30-06-2022
WINN PARISH MEDICAL CENTER,190090,LA,READM-30-HIP-KNEE-HRRP,183,1.0197,17.8429,17.4986,34,01-07-2019,30-06-2022
WINN PARISH MEDICAL CENTER,190090,LA,READM-30-COPD-HRRP,226,1.0167,20.3048,19.9709,47,01-07-2019,30-06-2022
WINN PARISH MEDICAL CENTER,190090,LA,READM-30-CABG-HRRP,73,0.9642,18.2811,18.9602,11,01-07-2019,30-06-2022
WINN PARISH MEDICAL CENTER,190090,LA,READM-30-AMI-HRRP,533,1.1871,20.2581,17.0659,120,01-07-2019,30-06-2022
OCHSNER LSU HEALTH SHREVEPORT,190098,LA,READM-30-HIP-KNEE-HRRP,483,0.9128,18.4337,20.1957,83,01-07-2019,30-06-2022
OCHSNER LSU HEALTH SHREVEPORT,190098,LA,READM-30-HF-HRRP,159,1.1224,20.439,18.2103,40,01-07-2019,30-06-2022
OCHSNER LSU HEALTH SHREVEPORT,190098,LA,READM-30-CABG-HRRP,246,1.1059,15.0528,13.6111,42,01-07-2019,30-06-2022
OCHSNER LSU HEALTH SHREVEPORT,190098,LA,READM-30-AMI-HRRP,523,1.1439,19.7995,17.3086,113,01-07-2019,30-06-2022
AVOYELLES HOSPITAL,190099,LA,READM-30-HIP-KNEE-HRRP,845,0.9874,19.7449,19.9961,166,01-07-2019,30-06-2022
AVOYELLES HOSPITAL,190099,LA,READM-30-HF-HRRP,237,1.0165,20.2149,19.8867,49,01-07-2019,30-06-2022
AVOYELLES HOSPITAL,190099,LA,READM-30-CABG-HRRP,193,0.9766,13.5578,13.8825,25,01-07-2019,30-06-2022
AVOYELLES HOSPITAL,190099,LA,READM-30-AMI-HRRP,189,0.9621,14.5942,15.1697,25,01-07-2019,30-06-2022
"OUR LADY OF LOURDES REGIONAL MEDICAL CENTER, INC",190102,LA,READM-30-HIP-KNEE-HRRP,255,0.9378,17.319,18.4681,40,01-07-2019,30-06-2022
"OUR LADY OF LOURDES REGIONAL MEDICAL CENTER, INC",190102,LA,READM-30-COPD-HRRP,118,1.0437,14.3213,13.7221,19,01-07-2019,30-06-2022
"OUR LADY OF LOURDES REGIONAL MEDICAL CENTER, INC",190102,LA,READM-30-AMI-HRRP,43,1.1381,19.9629,17.5412,17,01-07-2019,30-06-2022
OAKDALE COMMUNITY HOSPITAL,190106,LA,READM-30-HIP-KNEE-HRRP,191,1.063,16.6863,15.6969,36,01-07-2019,30-06-2022
OAKDALE COMMUNITY HOSPITAL,190106,LA,READM-30-HF-HRRP,164,1.2996,6.0521,4.6571,14,01-07-2019,30-06-2022
OAKDALE COMMUNITY HOSPITAL,190106,LA,READM-30-COPD-HRRP,268,1.0535,20.7223,19.6705,59,01-07-2019,30-06-2022
OAKDALE COMMUNITY HOSPITAL,190106,LA,READM-30-CABG-HRRP,81,0.985,18.4884,18.7697,14,01-07-2019,30-06-2022
OAKDALE COMMUNITY HOSPITAL,190106,LA,READM-30-AMI-HRRP,361,1.111,19.2855,17.3594,77,01-07-2019,30-06-2022
"WILLIS KNIGHTON MEDICAL CENTER, INC",190111,LA,READM-30-PN-HRRP,552,0.9649,20.7288,21.4838,112,01-07-2019,30-06-2022
"WILLIS KNIGHTON MEDICAL CENTER, INC",190111,LA,READM-30-HIP-KNEE-HRRP,144,1.0255,21.0477,20.5239,32,01-07-2019,30-06-2022
"WILLIS KNIGHTON MEDICAL CENTER, INC",190111,LA,READM-30-HF-HRRP,150,1.006,16.4644,16.3663,25,01-07-2019,30-06-2022
"WILLIS KNIGHTON MEDICAL CENTER, INC",190111,LA,READM-30-COPD-HRRP,139,0.9422,15.1011,16.0275,17,01-07-2019,30-06-2022
"WILLIS KNIGHTON MEDICAL CENTER, INC",190111,LA,READM-30-CABG-HRRP,115,1.074,20.2659,18.8694,28,01-07-2019,30-06-2022
CLAIBORNE MEMORIAL MEDICAL CENTER,190114,LA,READM-30-PN-HRRP,260,0.9212,16.7759,18.21,38,01-07-2019,30-06-2022
CLAIBORNE MEMORIAL MEDICAL CENTER,190114,LA,READM-30-HIP-KNEE-HRRP,312,0.9448,19.4849,20.6234,57,01-07-2019,30-06-2022
CLAIBORNE MEMORIAL MEDICAL CENTER,190114,LA,READM-30-HF-HRRP,114,0.9097,18.5978,20.4443,15,01-07-2019,30-06-2022
CLAIBORNE MEMORIAL MEDICAL CENTER,190114,LA,READM-30-COPD-HRRP,113,1.033,13.639,13.2039,17,01-07-2019,30-06-2022
CLAIBORNE MEMORIAL MEDICAL CENTER,190114,LA,READM-30-CABG-HRRP,126,0.9056,14.8304,16.376,12,01-07-2019,30-06-2022
CLAIBORNE MEMORIAL MEDICAL CENTER,190114,LA,READM-30-AMI-HRRP,142,0.9871,18.9088,19.1553,26,01-07-2019,30-06-2022
MOREHOUSE GENERAL HOSPITAL,190116,LA,READM-30-HF-HRRP,724,1.0576,18.1073,17.1205,135,01-07-2019,30-06-2022
MOREHOUSE GENERAL HOSPITAL,190116,LA,READM-30-COPD-HRRP,891,0.9629,4.4421,4.6132,39,01-07-2019,30-06-2022
MOREHOUSE GENERAL HOSPITAL,190116,LA,READM-30-CABG-HRRP,1624,1.0303,20.8127,20.2004,340,01-07-2019,30-06-2022
MOREHOUSE GENERAL HOSPITAL,190116,LA,READM-30-AMI-HRRP,189,0.9941,19.2534,19.367,36,01-07-2019,30-06-2022
DESOTO REGIONAL HEALTH SYSTEM,190118,LA,READM-30-PN-HRRP,415,1.1117,11.5658,10.4036,51,01-07-2019,30-06-2022
DESOTO REGIONAL HEALTH SYSTEM,190118,LA,READM-30-HIP-KNEE-HRRP,555,1.0642,14.9365,14.0358,86,01-07-2019,30-06-2022
DESOTO REGIONAL HEALTH SYSTEM,190118,LA,READM-30-HF-HRRP,166,0.9959,15.8281,15.8925,26,01-07-2019,30-06-2022
DESOTO REGIONAL HEALTH SYSTEM,190118,LA,READM-30-CABG-HRRP,165,1.0568,20.7986,19.6804,38,01-07-2019,30-06-2022
DESOTO REGIONAL HEALTH SYSTEM,190118,LA,READM-30-AMI-HRRP,68,1.0293,20.7376,20.1472,16,01-07-2019,30-06-2022
ST FRANCIS MEDICAL CENTER,190125,LA,READM-30-PN-HRRP,544,1.0541,19.8975,18.8762,112,01-07-2019,30-06-2022
ST FRANCIS MEDICAL CENTER,190125,LA,READM-30-HF-HRRP,421,1.0284,22.3475,21.7308,96,01-07-2019,30-06-2022
ST FRANCIS MEDICAL CENTER,190125,LA,READM-30-COPD-HRRP,201,0.9672,20.0105,20.6889,38,01-07-2019,30-06-2022
ST FRANCIS MEDICAL CENTER,190125,LA,READM-30-CABG-HRRP,67,1.0621,14.9407,14.0677,13,01-07-2019,30-06-2022
ST FRANCIS MEDICAL CENTER,190125,LA,READM-30-AMI-HRRP,83,1.1021,18.3787,16.676,22,01-07-2019,30-06-2022
WOMANS HOSPITAL,190128,LA,READM-30-HIP-KNEE-HRRP,107,1.0049,19.326,19.2321,21,01-07-2019,30-06-2022
WOMANS HOSPITAL,190128,LA,READM-30-HF-HRRP,50,1.0537,19.2951,18.3116,13,01-07-2019,30-06-2022
WOMANS HOSPITAL,190128,LA,READM-30-COPD-HRRP,297,1.0726,17.2476,16.0801,56,01-07-2019,30-06-2022
WOMANS HOSPITAL,190128,LA,READM-30-CABG-HRRP,339,0.9844,19.4808,19.7889,65,01-07-2019,30-06-2022
WOMANS HOSPITAL,190128,LA,READM-30-AMI-HRRP,149,1.0778,19.5611,18.1498,34,01-07-2019,30-06-2022
ALLEN PARISH HOSPITAL,190133,LA,READM-30-PN-HRRP,102,1.0036,13.5488,13.4995,14,01-07-2019,30-06-2022
ALLEN PARISH HOSPITAL,190133,LA,READM-30-HIP-KNEE-HRRP,248,1.0791,23.1266,21.4305,63,01-07-2019,30-06-2022
ALLEN PARISH HOSPITAL,190133,LA,READM-30-HF-HRRP,118,0.955,22.2034,23.2498,23,01-07-2019,30-06-2022
ALLEN PARISH HOSPITAL,190133,LA,READM-30-CABG-HRRP,686,1.1735,21.2166,18.0797,157,01-07-2019,30-06-2022
FRANKLIN MEDICAL CENTER,190140,LA,READM-30-PN-HRRP,1082,1.0959,21.3367,19.4688,237,01-07-2019,30-06-2022
FRANKLIN MEDICAL CENTER,190140,LA,READM-30-HIP-KNEE-HRRP,179,1.0889,21.9679,20.1738,45,01-07-2019,30-06-2022
FRANKLIN MEDICAL CENTER,190140,LA,READM-30-HF-HRRP,91,1.0853,11.7646,10.8404,13,01-07-2019,30-06-2022
FRANKLIN MEDICAL CENTER,190140,LA,READM-30-COPD-HRRP,422,1.0835,16.5704,15.2933,74,01-07-2019,30-06-2022
FRANKLIN MEDICAL CENTER,190140,LA,READM-30-CABG-HRRP,869,1.0898,18.4128,16.8963,166,01-07-2019,30-06-2022
FRANKLIN MEDICAL CENTER,190140,LA,READM-30-AMI-HRRP,364,1.2375,5.1481,4.16,22,01-07-2019,30-06-2022
MINDEN MEDICAL CENTER,190144,LA,READM-30-PN-HRRP,943,1.052,20.5305,19.516,197,01-07-2019,30-06-2022
MINDEN MEDICAL CENTER,190144,LA,READM-30-HIP-KNEE-HRRP,310,0.9958,19.7674,19.8504,61,01-07-2019,30-06-2022
MINDEN MEDICAL CENTER,190144,LA,READM-30-HF-HRRP,136,1.1032,15.5486,14.0935,26,01-07-2019,30-06-2022
MINDEN MEDICAL CENTER,190144,LA,READM-30-COPD-HRRP,321,1.1406,21.95,19.2436,80,01-07-2019,30-06-2022
MINDEN MEDICAL CENTER,190144,LA,READM-30-CABG-HRRP,345,1.065,23.0855,21.6763,84,01-07-2019,30-06-2022
MINDEN MEDICAL CENTER,190144,LA,READM-30-AMI-HRRP,107,1.0283,23.4394,22.7953,27,01-07-2019,30-06-2022
LASALLE GENERAL HOSPITAL,190145,LA,READM-30-PN-HRRP,51,1.042,19.2445,18.4695,12,01-07-2019,30-06-2022
LASALLE GENERAL HOSPITAL,190145,LA,READM-30-HIP-KNEE-HRRP,184,1.0325,16.2243,15.7136,32,01-07-2019,30-06-2022
LASALLE GENERAL HOSPITAL,190145,LA,READM-30-COPD-HRRP,141,1.0657,21.0979,19.7979,34,01-07-2019,30-06-2022
LASALLE GENERAL HOSPITAL,190145,LA,READM-30-CABG-HRRP,111,1.0177,20.5816,20.2234,24,01-07-2019,30-06-2022
LASALLE GENERAL HOSPITAL,190145,LA,READM-30-AMI-HRRP,926,1.1838,20.1007,16.9803,198,01-07-2019,30-06-2022
RICHARDSON MEDICAL CENTER,190151,LA,READM-30-HIP-KNEE-HRRP,616,0.9568,18.9814,19.8381,114,01-07-2019,30-06-2022
RICHARDSON MEDICAL CENTER,190151,LA,READM-30-HF-HRRP,237,0.9662,18.2396,18.8776,41,01-07-2019,30-06-2022
RICHARDSON MEDICAL CENTER,190151,LA,READM-30-COPD-HRRP,200,0.9958,13.1028,13.1584,26,01-07-2019,30-06-2022
RICHARDSON MEDICAL CENTER,190151,LA,READM-30-AMI-HRRP,65,1.0235,16.0578,15.6886,12,01-07-2019,30-06-2022
GLENWOOD REGIONAL MEDICAL CENTER,190160,LA,READM-30-PN-HRRP,101,1.059,20.0153,18.9004,24,01-07-2019,30-06-2022
GLENWOOD REGIONAL MEDICAL CENTER,190160,LA,READM-30-HF-HRRP,388,1.1186,17.3561,15.5162,75,01-07-2019,30-06-2022
GLENWOOD REGIONAL MEDICAL CENTER,190160,LA,READM-30-CABG-HRRP,440,1.08,19.5328,18.0859,91,01-07-2019,30-06-2022
GLENWOOD REGIONAL MEDICAL CENTER,190160,LA,READM-30-AMI-HRRP,118,1.1153,19.4534,17.4428,30,01-07-2019,30-06-2022
BYRD REGIONAL HOSPITAL,190164,LA,READM-30-HF-HRRP,76,1.0502,21.9252,20.8778,20,01-07-2019,30-06-2022
BYRD REGIONAL HOSPITAL,190164,LA,READM-30-COPD-HRRP,76,1.0541,17.4454,16.5506,16,01-07-2019,30-06-2022
BYRD REGIONAL HOSPITAL,190164,LA,READM-30-CABG-HRRP,104,0.9646,14.8126,15.3557,13,01-07-2019,30-06-2022
MERCY REGIONAL MEDICAL CENTER,190167,LA,READM-30-PN-HRRP,101,0.909,18.0511,19.858,12,01-07-2019,30-06-2022
MERCY REGIONAL MEDICAL CENTER,190167,LA,READM-30-HF-HRRP,220,1.0263,18.72,18.2411,43,01-07-2019,30-06-2022
MERCY REGIONAL MEDICAL CENTER,190167,LA,READM-30-CABG-HRRP,335,1.2015,24.0105,19.9838,93,01-07-2019,30-06-2022
MERCY REGIONAL MEDICAL CENTER,190167,LA,READM-30-AMI-HRRP,99,0.9754,16.7339,17.1557,15,01-07-2019,30-06-2022
EAST JEFFERSON GENERAL HOSPITAL,190176,LA,READM-30-PN-HRRP,105,1.0354,15.8616,15.3188,19,01-07-2019,30-06-2022
EAST JEFFERSON GENERAL HOSPITAL,190176,LA,READM-30-HIP-KNEE-HRRP,65,0.9938,19.0947,19.2136,12,01-07-2019,30-06-2022
EAST JEFFERSON GENERAL HOSPITAL,190176,LA,READM-30-COPD-HRRP,2057,0.9857,18.0363,18.2982,370,01-07-2019,30-06-2022
EAST JEFFERSON GENERAL HOSPITAL,190176,LA,READM-30-CABG-HRRP,1861,0.9619,4.3307,4.5023,80,01-07-2019,30-06-2022
EAST JEFFERSON GENERAL HOSPITAL,190176,LA,READM-30-AMI-HRRP,2475,0.8989,19.561,21.7619,477,01-07-2019,30-06-2022
LEONARD J CHABERT MEDICAL CENTER,190183,LA,READM-30-PN-HRRP,410,0.9966,21.2753,21.3478,87,01-07-2019,30-06-2022
LEONARD J CHABERT MEDICAL CENTER,190183,LA,READM-30-HIP-KNEE-HRRP,256,1.0059,11.654,11.5859,30,01-07-2019,30-06-2022
LEONARD J CHABERT MEDICAL CENTER,190183,LA,READM-30-HF-HRRP,635,0.9855,14.9175,15.1369,94,01-07-2019,30-06-2022
LEONARD J CHABERT MEDICAL CENTER,190183,LA,READM-30-COPD-HRRP,99,1.0699,16.571,15.4879,21,01-07-2019,30-06-2022
LEONARD J CHABERT MEDICAL CENTER,190183,LA,READM-30-CABG-HRRP,104,1.1223,21.4295,19.0938,30,01-07-2019,30-06-2022
LEONARD J CHABERT MEDICAL CENTER,190183,LA,READM-30-AMI-HRRP,74,0.9738,17.1466,17.6078,11,01-07-2019,30-06-2022
CITIZENS MEDICAL CENTER,190184,LA,READM-30-PN-HRRP,156,1.0396,17.5313,16.8643,30,01-07-2019,30-06-2022
CITIZENS MEDICAL CENTER,190184,LA,READM-30-HIP-KNEE-HRRP,159,0.9336,19.1974,20.5637,26,01-07-2019,30-06-2022
CITIZENS MEDICAL CENTER,190184,LA,READM-30-HF-HRRP,65,1.0065,17.8187,17.703,12,01-07-2019,30-06-2022
CITIZENS MEDICAL CENTER,190184,LA,READM-30-COPD-HRRP,92,0.9501,18.0197,18.9668,13,01-07-2019,30-06-2022
CITIZENS MEDICAL CENTER,190184,LA,READM-30-AMI-HRRP,97,0.975,21.3683,21.9158,19,01-07-2019,30-06-2022
"CALDWELL MEMORIAL HOSPITAL, INC",190190,LA,READM-30-PN-HRRP,67,1.0299,22.4074,21.7579,17,01-07-2019,30-06-2022
"CALDWELL MEMORIAL HOSPITAL, INC",190190,LA,READM-30-HIP-KNEE-HRRP,113,1.0024,17.5494,17.5066,20,01-07-2019,30-06-2022
"CALDWELL MEMORIAL HOSPITAL, INC",190190,LA,READM-30-HF-HRRP,87,1.0295,22.952,22.2936,22,01-07-2019,30-06-2022
"CALDWELL MEMORIAL HOSPITAL, INC",190190,LA,READM-30-AMI-HRRP,265,0.9257,14.7803,15.9668,34,01-07-2019,30-06-2022
CHRISTUS OCHSNER LAKE AREA HOSPITAL,190201,LA,READM-30-HIP-KNEE-HRRP,302,0.9038,17.7595,19.6501,47,01-07-2019,30-06-2022
CHRISTUS OCHSNER LAKE AREA HOSPITAL,190201,LA,READM-30-HF-HRRP,129,1.1366,21.3986,18.8262,36,01-07-2019,30-06-2022
CHRISTUS OCHSNER LAKE AREA HOSPITAL,190201,LA,READM-30-COPD-HRRP,58,1.0768,12.8321,11.9167,11,01-07-2019,30-06-2022
CHRISTUS OCHSNER LAKE AREA HOSPITAL,190201,LA,READM-30-CABG-HRRP,91,1.1268,18.4885,16.4073,25,01-07-2019,30-06-2022
CHRISTUS OCHSNER LAKE AREA HOSPITAL,190201,LA,READM-30-AMI-HRRP,62,0.9947,18.2992,18.3967,11,01-07-2019,30-06-2022
OCHSNER MEDICAL CENTER - BATON ROUGE,190202,LA,READM-30-HIP-KNEE-HRRP,155,1.0212,18.3982,18.0162,30,01-07-2019,30-06-2022
OCHSNER MEDICAL CENTER - BATON ROUGE,190202,LA,READM-30-COPD-HRRP,193,1.0357,21.0516,20.3267,43,01-07-2019,30-06-2022
OCHSNER MEDICAL CENTER - BATON ROUGE,190202,LA,READM-30-AMI-HRRP,177,1.1199,19.2449,17.184,42,01-07-2019,30-06-2022
"OCHSNER MEDICAL CENTER - NORTHSHORE, L L C",190204,LA,READM-30-HIP-KNEE-HRRP,283,0.9968,20.5717,20.6383,58,01-07-2019,30-06-2022
"OCHSNER MEDICAL CENTER - NORTHSHORE, L L C",190204,LA,READM-30-HF-HRRP,96,1.0363,19.4743,18.7919,21,01-07-2019,30-06-2022
"OCHSNER MEDICAL CENTER - NORTHSHORE, L L C",190204,LA,READM-30-CABG-HRRP,70,1.0058,15.1691,15.0822,11,01-07-2019,30-06-2022
EAST CARROLL PARISH HOSPITAL,190208,LA,READM-30-PN-HRRP,46,1.1078,20.1472,18.1874,16,01-07-2019,30-06-2022
EAST CARROLL PARISH HOSPITAL,190208,LA,READM-30-HF-HRRP,102,1.1432,20.1382,17.6158,30,01-07-2019,30-06-2022
EAST CARROLL PARISH HOSPITAL,190208,LA,READM-30-COPD-HRRP,86,0.942,19.749,20.965,13,01-07-2019,30-06-2022
EAST CARROLL PARISH HOSPITAL,190208,LA,READM-30-CABG-HRRP,47,1.0222,22.3374,21.8532,12,01-07-2019,30-06-2022
EAST CARROLL PARISH HOSPITAL,190208,LA,READM-30-AMI-HRRP,122,1.0248,20.666,20.1653,27,01-07-2019,30-06-2022
SABINE MEDICAL CENTER,190218,LA,READM-30-PN-HRRP,165,1.0235,21.4654,20.9717,37,01-07-2019,30-06-2022
SABINE MEDICAL CENTER,190218,LA,READM-30-HIP-KNEE-HRRP,83,1.0744,24.1219,22.4524,25,01-07-2019,30-06-2022
SABINE MEDICAL CENTER,190218,LA,READM-30-COPD-HRRP,273,1.0465,17.5291,16.75,51,01-07-2019,30-06-2022
SABINE MEDICAL CENTER,190218,LA,READM-30-CABG-HRRP,186,1.0886,5.2047,4.7812,11,01-07-2019,30-06-2022
SABINE MEDICAL CENTER,190218,LA,READM-30-AMI-HRRP,291,0.9998,19.9353,19.9389,58,01-07-2019,30-06-2022
PHYSICIANS MEDICAL CENTER,190241,LA,READM-30-PN-HRRP,74,1.017,18.8026,18.4887,15,01-07-2019,30-06-2022
PHYSICIANS MEDICAL CENTER,190241,LA,READM-30-HIP-KNEE-HRRP,124,1.0097,11.8746,11.761,15,01-07-2019,30-06-2022
PHYSICIANS MEDICAL CENTER,190241,LA,READM-30-HF-HRRP,228,1.0844,15.7567,14.5301,40,01-07-2019,30-06-2022
PHYSICIANS MEDICAL CENTER,190241,LA,READM-30-COPD-HRRP,222,0.9892,17,17.1859,37,01-07-2019,30-06-2022
PHYSICIANS MEDICAL CENTER,190241,LA,READM-30-AMI-HRRP,232,1.0942,23.6214,21.5869,61,01-07-2019,30-06-2022
MONROE SURGICAL HOSPITAL,190245,LA,READM-30-PN-HRRP,131,1.0227,21.0013,20.5355,29,01-07-2019,30-06-2022
MONROE SURGICAL HOSPITAL,190245,LA,READM-30-HIP-KNEE-HRRP,121,1.0082,16.0775,15.9474,20,01-07-2019,30-06-2022
MONROE SURGICAL HOSPITAL,190245,LA,READM-30-AMI-HRRP,172,1.0027,15.5933,15.5513,27,01-07-2019,30-06-2022
SURGICAL SPECIALTY CENTER OF BATON ROUGE,190251,LA,READM-30-HIP-KNEE-HRRP,172,0.9147,17.9109,19.582,25,01-07-2019,30-06-2022
SURGICAL SPECIALTY CENTER OF BATON ROUGE,190251,LA,READM-30-CABG-HRRP,66,1.0103,20.0858,19.881,14,01-07-2019,30-06-2022
SURGICAL SPECIALTY CENTER OF BATON ROUGE,190251,LA,READM-30-AMI-HRRP,43,1.0597,21.0836,19.8956,13,01-07-2019,30-06-2022
PARK PLACE SURGICAL HOSPITAL,190255,LA,READM-30-HIP-KNEE-HRRP,328,1.066,16.9649,15.9139,60,01-07-2019,30-06-2022
PARK PLACE SURGICAL HOSPITAL,190255,LA,READM-30-COPD-HRRP,410,0.9602,18.2095,18.9646,72,01-07-2019,30-06-2022
PARK PLACE SURGICAL HOSPITAL,190255,LA,READM-30-CABG-HRRP,180,1.0172,20.4785,20.1326,38,01-07-2019,30-06-2022
STERLING SURGICAL HOSPITAL,190256,LA,READM-30-PN-HRRP,123,1.0043,13.6486,13.5897,17,01-07-2019,30-06-2022
STERLING SURGICAL HOSPITAL,190256,LA,READM-30-HIP-KNEE-HRRP,267,0.8526,14.9194,17.4978,29,01-07-2019,30-06-2022
STERLING SURGICAL HOSPITAL,190256,LA,READM-30-COPD-HRRP,430,1.0157,19.2963,18.9975,84,01-07-2019,30-06-2022
STERLING SURGICAL HOSPITAL,190256,LA,READM-30-CABG-HRRP,104,1.0622,21.1328,19.8949,26,01-07-2019,30-06-2022
LAFAYETTE SURGICAL SPECIALTY HOSPITAL,190259,LA,READM-30-PN-HRRP,287,0.9721,13.7266,14.121,38,01-07-2019,30-06-2022
LAFAYETTE SURGICAL SPECIALTY HOSPITAL,190259,LA,READM-30-HIP-KNEE-HRRP,125,0.9203,14.8798,16.169,13,01-07-2019,30-06-2022
LAFAYETTE SURGICAL SPECIALTY HOSPITAL,190259,LA,READM-30-HF-HRRP,294,0.972,4.2297,4.3518,12,01-07-2019,30-06-2022
LAFAYETTE SURGICAL SPECIALTY HOSPITAL,190259,LA,READM-30-COPD-HRRP,119,1.0434,19.5089,18.6968,26,01-07-2019,30-06-2022
LAFAYETTE SURGICAL SPECIALTY HOSPITAL,190259,LA,READM-30-CABG-HRRP,103,0.9994,19.4584,19.4709,20,01-07-2019,30-06-2022
LAFAYETTE SURGICAL SPECIALTY HOSPITAL,190259,LA,READM-30-AMI-HRRP,272,0.9254,15.5316,16.7833,37,01-07-2019,30-06-2022
THE SPINE HOSPITAL OF LOUISIANA,190266,LA,READM-30-HIP-KNEE-HRRP,414,1.0086,21.3577,21.1754,89,01-07-2019,30-06-2022
THE SPINE HOSPITAL OF LOUISIANA,190266,LA,READM-30-HF-HRRP,186,0.9834,21.0374,21.3929,38,01-07-2019,30-06-2022
THE SPINE HOSPITAL OF LOUISIANA,190266,LA,READM-30-COPD-HRRP,194,1.0392,13.9774,13.4501,29,01-07-2019,30-06-2022
THE SPINE HOSPITAL OF LOUISIANA,190266,LA,READM-30-CABG-HRRP,215,1.0387,17.3908,16.7425,40,01-07-2019,30-06-2022
AVALA,190267,LA,READM-30-PN-HRRP,198,0.9871,19.6298,19.8871,38,01-07-2019,30-06-2022
AVALA,190267,LA,READM-30-HIP-KNEE-HRRP,115,0.9908,19.6662,19.8486,22,01-07-2019,30-06-2022
AVALA,190267,LA,READM-30-COPD-HRRP,211,1.0121,16.6728,16.4738,36,01-07-2019,30-06-2022
AVALA,190267,LA,READM-30-AMI-HRRP,221,0.9792,19.1786,19.5858,41,01-07-2019,30-06-2022
OUR LADY OF THE LAKE SURGICAL HOSPITAL,190270,LA,READM-30-PN-HRRP,65,0.9906,19.4177,19.6029,12,01-07-2019,30-06-2022
OUR LADY OF THE LAKE SURGICAL HOSPITAL,190270,LA,READM-30-HIP-KNEE-HRRP,302,1.0737,18.5577,17.2832,61,01-07-2019,30-06-2022
OUR LADY OF THE LAKE SURGICAL HOSPITAL,190270,LA,READM-30-COPD-HRRP,368,1.0836,20.8263,19.2203,82,01-07-2019,30-06-2022
OUR LADY OF THE LAKE SURGICAL HOSPITAL,190270,LA,READM-30-CABG-HRRP,112,1.0603,18.9323,17.8559,25,01-07-2019,30-06-2022
OUR LADY OF THE LAKE SURGICAL HOSPITAL,190270,LA,READM-30-AMI-HRRP,111,1.0412,16.1826,15.5417,20,01-07-2019,30-06-2022
OCHSNER MEDICAL CENTER-KENNER,190274,LA,READM-30-HIP-KNEE-HRRP,52,1.0428,19.7298,18.9206,13,01-07-2019,30-06-2022
OCHSNER MEDICAL CENTER-KENNER,190274,LA,READM-30-HF-HRRP,304,0.8915,15.0532,16.8847,38,01-07-2019,30-06-2022
OCHSNER MEDICAL CENTER-KENNER,190274,LA,READM-30-CABG-HRRP,357,0.8795,17.7736,20.208,55,01-07-2019,30-06-2022
OCHSNER MEDICAL CENTER-KENNER,190274,LA,READM-30-AMI-HRRP,115,0.9682,20.1227,20.7828,21,01-07-2019,30-06-2022
SPECIALISTS HOSPITAL SHREVEPORT,190278,LA,READM-30-HIP-KNEE-HRRP,4994,0.6572,2.6292,4.0008,125,01-07-2019,30-06-2022
SPECIALISTS HOSPITAL SHREVEPORT,190278,LA,READM-30-HF-HRRP,185,1.0675,18.1103,16.9655,38,01-07-2019,30-06-2022
SPECIALISTS HOSPITAL SHREVEPORT,190278,LA,READM-30-CABG-HRRP,228,1.0472,19.7186,18.8294,48,01-07-2019,30-06-2022
SPECIALISTS HOSPITAL SHREVEPORT,190278,LA,READM-30-AMI-HRRP,82,1.0508,18.0654,17.1918,18,01-07-2019,30-06-2022
CHRISTUS CENTRAL LOUISIANA SURGICAL HOSPITAL,190298,LA,READM-30-COPD-HRRP,120,1.0014,15.756,15.7341,19,01-07-2019,30-06-2022
CHRISTUS CENTRAL LOUISIANA SURGICAL HOSPITAL,190298,LA,READM-30-AMI-HRRP,133,0.9901,17.779,17.9576,23,01-07-2019,30-06-2022
"ST CHARLES SURGICAL HOSPITAL, LLC",190300,LA,READM-30-HIP-KNEE-HRRP,196,1.0367,16.1151,15.5451,34,01-07-2019,30-06-2022
"ST CHARLES SURGICAL HOSPITAL, LLC",190300,LA,READM-30-HF-HRRP,257,1.0945,22.1378,20.2266,63,01-07-2019,30-06-2022
"ST CHARLES SURGICAL HOSPITAL, LLC",190300,LA,READM-30-COPD-HRRP,83,0.9393,18.1389,19.3115,11,01-07-2019,30-06-2022
"ST CHARLES SURGICAL HOSPITAL, LLC",190300,LA,READM-30-AMI-HRRP,226,1.0004,13.709,13.7042,31,01-07-2019,30-06-2022
"OMEGA HOSPITAL, LLC",190302,LA,READM-30-PN-HRRP,173,1.1,20.3767,18.5246,42,01-07-2019,30-06-2022
"OMEGA HOSPITAL, LLC",190302,LA,READM-30-HIP-KNEE-HRRP,427,1.0312,22.9261,22.2323,100,01-07-2019,30-06-2022
"OMEGA HOSPITAL, LLC",190302,LA,READM-30-HF-HRRP,104,1.0424,22.3237,21.4161,26,01-07-2019,30-06-2022
"OMEGA HOSPITAL, LLC",190302,LA,READM-30-CABG-HRRP,225,0.9285,12.7057,13.6838,25,01-07-2019,30-06-2022
"OMEGA HOSPITAL, LLC",190302,LA,READM-30-AMI-HRRP,537,0.9795,17.0277,17.3848,90,01-07-2019,30-06-2022
CYPRESS POINTE SURGICAL HOSPITAL,190303,LA,READM-30-HIP-KNEE-HRRP,646,1.034,20.8596,20.1736,137,01-07-2019,30-06-2022
CYPRESS POINTE SURGICAL HOSPITAL,190303,LA,READM-30-HF-HRRP,190,1.047,20.4775,19.5585,42,01-07-2019,30-06-2022
CYPRESS POINTE SURGICAL HOSPITAL,190303,LA,READM-30-COPD-HRRP,125,0.9728,11.0269,11.3358,13,01-07-2019,30-06-2022
CYPRESS POINTE SURGICAL HOSPITAL,190303,LA,READM-30-CABG-HRRP,290,1.0508,15.3495,14.6068,47,01-07-2019,30-06-2022
CYPRESS POINTE SURGICAL HOSPITAL,190303,LA,READM-30-AMI-HRRP,931,1.0534,16.4855,15.6505,157,01-07-2019,30-06-2022
SOUTH CAMERON MEMORIAL HOSPITAL,190307,LA,READM-30-HIP-KNEE-HRRP,482,0.9574,17.5989,18.3829,82,01-07-2019,30-06-2022
SOUTH CAMERON MEMORIAL HOSPITAL,190307,LA,READM-30-HF-HRRP,136,1.0099,17.187,17.0179,24,01-07-2019,30-06-2022
SOUTH CAMERON MEMORIAL HOSPITAL,190307,LA,READM-30-COPD-HRRP,189,0.9402,12.6995,13.5077,21,01-07-2019,30-06-2022
SOUTH CAMERON MEMORIAL HOSPITAL,190307,LA,READM-30-CABG-HRRP,172,0.9584,15.0136,15.6653,23,01-07-2019,30-06-2022
ST BERNARD PARISH HOSPITAL,190308,LA,READM-30-PN-HRRP,143,1.0245,19.8553,19.3802,30,01-07-2019,30-06-2022
ST BERNARD PARISH HOSPITAL,190308,LA,READM-30-HIP-KNEE-HRRP,74,1.112,20.3873,18.3334,22,01-07-2019,30-06-2022
ST BERNARD PARISH HOSPITAL,190308,LA,READM-30-COPD-HRRP,422,0.9075,15.3105,16.8719,58,01-07-2019,30-06-2022
ST BERNARD PARISH HOSPITAL,190308,LA,READM-30-AMI-HRRP,400,1.0642,20.9623,19.6982,88,01-07-2019,30-06-2022
OUR LADY OF THE ANGELS HOSPITAL,190312,LA,READM-30-PN-HRRP,79,1.0608,19.2341,18.1309,19,01-07-2019,30-06-2022
OUR LADY OF THE ANGELS HOSPITAL,190312,LA,READM-30-HIP-KNEE-HRRP,288,1.0329,16.2535,15.7354,49,01-07-2019,30-06-2022
OUR LADY OF THE ANGELS HOSPITAL,190312,LA,READM-30-COPD-HRRP,379,1.0663,19.726,18.4989,79,01-07-2019,30-06-2022
OUR LADY OF THE ANGELS HOSPITAL,190312,LA,READM-30-CABG-HRRP,158,1.0213,18.7603,18.3699,31,01-07-2019,30-06-2022
NEW ORLEANS EAST HOSPITAL,190313,LA,READM-30-HIP-KNEE-HRRP,108,1.0289,20.4675,19.892,24,01-07-2019,30-06-2022
NEW ORLEANS EAST HOSPITAL,190313,LA,READM-30-HF-HRRP,28,1.0505,26.8502,25.5582,11,01-07-2019,30-06-2022
NEW ORLEANS EAST HOSPITAL,190313,LA,READM-30-CABG-HRRP,179,1.0166,18.3555,18.056,34,01-07-2019,30-06-2022
NEW ORLEANS EAST HOSPITAL,190313,LA,READM-30-AMI-HRRP,110,1.0335,20.7285,20.0571,25,01-07-2019,30-06-2022
AVAIL HOSPITAL LAKE CHARLES,190315,LA,READM-30-HF-HRRP,1105,0.9936,17.5066,17.62,193,01-07-2019,30-06-2022
AVAIL HOSPITAL LAKE CHARLES,190315,LA,READM-30-COPD-HRRP,811,0.8582,3.6151,4.2126,27,01-07-2019,30-06-2022
AVAIL HOSPITAL LAKE CHARLES,190315,LA,READM-30-CABG-HRRP,1263,1.0444,21.7785,20.8527,278,01-07-2019,30-06-2022
AVAIL HOSPITAL LAKE CHARLES,190315,LA,READM-30-AMI-HRRP,338,0.9773,19.3794,19.8286,64,01-07-2019,30-06-2022
THE GENERAL,190316,LA,READM-30-HIP-KNEE-HRRP,519,0.9294,13.8047,14.8537,68,01-07-2019,30-06-2022
THE GENERAL,190316,LA,READM-30-HF-HRRP,396,1.0096,16.2513,16.0975,65,01-07-2019,30-06-2022
THE GENERAL,190316,LA,READM-30-CABG-HRRP,394,0.9912,19.1825,19.3519,75,01-07-2019,30-06-2022
THE GENERAL,190316,LA,READM-30-AMI-HRRP,107,0.9909,18.3061,18.4743,19,01-07-2019,30-06-2022
OCHSNER LSU HEALTH SHREVEPORT-ST MARY MEDICAL CENT,190317,LA,READM-30-HIP-KNEE-HRRP,255,1.0534,13.9035,13.1984,38,01-07-2019,30-06-2022
OCHSNER LSU HEALTH SHREVEPORT-ST MARY MEDICAL CENT,190317,LA,READM-30-HF-HRRP,211,1.1913,21.5437,18.0837,58,01-07-2019,30-06-2022
OCHSNER LSU HEALTH SHREVEPORT-ST MARY MEDICAL CENT,190317,LA,READM-30-COPD-HRRP,65,1.0574,21.8272,20.6421,18,01-07-2019,30-06-2022
ACADIAN MEDICAL CENTER,190318,LA,READM-30-HIP-KNEE-HRRP,49,1.0144,20.3219,20.0326,11,01-07-2019,30-06-2022
ACADIAN MEDICAL CENTER,190318,LA,READM-30-HF-HRRP,65,1.0856,23.5671,21.7085,21,01-07-2019,30-06-2022
ACADIAN MEDICAL CENTER,190318,LA,READM-30-CABG-HRRP,307,0.9161,15.9743,17.4373,43,01-07-2019,30-06-2022
ST JOSEPH HOSPITAL,200001,ME,READM-30-PN-HRRP,408,0.9386,19.4232,20.6948,75,01-07-2019,30-06-2022
ST JOSEPH HOSPITAL,200001,ME,READM-30-HIP-KNEE-HRRP,226,1.0647,21.5802,20.2692,53,01-07-2019,30-06-2022
ST JOSEPH HOSPITAL,200001,ME,READM-30-COPD-HRRP,643,0.9098,14.9885,16.4754,90,01-07-2019,30-06-2022
ST JOSEPH HOSPITAL,200001,ME,READM-30-AMI-HRRP,607,0.9075,17.6792,19.4804,101,01-07-2019,30-06-2022
NORTHERN LIGHT MERCY HOSPITAL,200008,ME,READM-30-PN-HRRP,226,0.9571,18.0614,18.8702,38,01-07-2019,30-06-2022
NORTHERN LIGHT MERCY HOSPITAL,200008,ME,READM-30-HF-HRRP,268,0.9631,11.8647,12.3196,30,01-07-2019,30-06-2022
NORTHERN LIGHT MERCY HOSPITAL,200008,ME,READM-30-COPD-HRRP,773,0.8965,15.1838,16.9365,110,01-07-2019,30-06-2022
NORTHERN LIGHT MERCY HOSPITAL,200008,ME,READM-30-CABG-HRRP,514,0.7926,3.4112,4.3039,14,01-07-2019,30-06-2022
NORTHERN LIGHT MERCY HOSPITAL,200008,ME,READM-30-AMI-HRRP,1192,0.8826,18.2243,20.6489,209,01-07-2019,30-06-2022
MAINE MEDICAL CENTER,200009,ME,READM-30-PN-HRRP,248,0.8823,16.948,19.2081,34,01-07-2019,30-06-2022
MAINE MEDICAL CENTER,200009,ME,READM-30-HIP-KNEE-HRRP,359,0.9187,10.4082,11.3287,35,01-07-2019,30-06-2022
MAINE MEDICAL CENTER,200009,ME,READM-30-HF-HRRP,816,0.7918,9.7971,12.3736,69,01-07-2019,30-06-2022
MAINE MEDICAL CENTER,200009,ME,READM-30-COPD-HRRP,188,0.8616,13.1718,15.2868,15,01-07-2019,30-06-2022
MAINE MEDICAL CENTER,200009,ME,READM-30-AMI-HRRP,171,0.9522,17.6458,18.5315,27,01-07-2019,30-06-2022
A R GOULD HOSPITAL,200018,ME,READM-30-HIP-KNEE-HRRP,176,0.9476,15.7194,16.5888,24,01-07-2019,30-06-2022
A R GOULD HOSPITAL,200018,ME,READM-30-COPD-HRRP,322,0.9965,21.1925,21.2672,68,01-07-2019,30-06-2022
A R GOULD HOSPITAL,200018,ME,READM-30-CABG-HRRP,111,1.0082,20.2363,20.072,23,01-07-2019,30-06-2022
A R GOULD HOSPITAL,200018,ME,READM-30-AMI-HRRP,121,0.9655,12.1434,12.5775,13,01-07-2019,30-06-2022
SOUTHERN MAINE HEALTH CARE,200019,ME,READM-30-PN-HRRP,152,1.063,16.3611,15.3921,29,01-07-2019,30-06-2022
SOUTHERN MAINE HEALTH CARE,200019,ME,READM-30-HF-HRRP,212,0.948,18.163,19.1594,35,01-07-2019,30-06-2022
SOUTHERN MAINE HEALTH CARE,200019,ME,READM-30-CABG-HRRP,328,0.9732,16.1114,16.5548,51,01-07-2019,30-06-2022
YORK HOSPITAL,200020,ME,READM-30-PN-HRRP,362,0.9308,19.8381,21.3121,67,01-07-2019,30-06-2022
YORK HOSPITAL,200020,ME,READM-30-HIP-KNEE-HRRP,141,1.0218,18.8668,18.4648,28,01-07-2019,30-06-2022
YORK HOSPITAL,200020,ME,READM-30-COPD-HRRP,113,0.9263,16.159,17.4443,13,01-07-2019,30-06-2022
YORK HOSPITAL,200020,ME,READM-30-AMI-HRRP,97,0.9977,19.742,19.7866,19,01-07-2019,30-06-2022
MID COAST HOSPITAL,200021,ME,READM-30-HIP-KNEE-HRRP,946,0.9892,16.9917,17.1766,160,01-07-2019,30-06-2022
MID COAST HOSPITAL,200021,ME,READM-30-HF-HRRP,841,0.8277,3.671,4.4351,28,01-07-2019,30-06-2022
MID COAST HOSPITAL,200021,ME,READM-30-COPD-HRRP,737,1.0853,21.9125,20.1895,167,01-07-2019,30-06-2022
MID COAST HOSPITAL,200021,ME,READM-30-CABG-HRRP,271,1.0421,20.0405,19.2303,57,01-07-2019,30-06-2022
MID COAST HOSPITAL,200021,ME,READM-30-AMI-HRRP,128,1.0966,11.2623,10.2706,17,01-07-2019,30-06-2022
CENTRAL MAINE MEDICAL CENTER,200024,ME,READM-30-PN-HRRP,340,0.9689,11.3227,11.686,37,01-07-2019,30-06-2022
CENTRAL MAINE MEDICAL CENTER,200024,ME,READM-30-HIP-KNEE-HRRP,225,1.0496,16.3198,15.5484,40,01-07-2019,30-06-2022
CENTRAL MAINE MEDICAL CENTER,200024,ME,READM-30-COPD-HRRP,190,1.0321,18.9152,18.3276,38,01-07-2019,30-06-2022
CENTRAL MAINE MEDICAL CENTER,200024,ME,READM-30-CABG-HRRP,103,1.0516,18.2273,17.3324,22,01-07-2019,30-06-2022
CARY MEDICAL CENTER,200031,ME,READM-30-PN-HRRP,156,0.9561,16.0526,16.7898,22,01-07-2019,30-06-2022
CARY MEDICAL CENTER,200031,ME,READM-30-HF-HRRP,79,1.0779,21.4648,19.9144,22,01-07-2019,30-06-2022
CARY MEDICAL CENTER,200031,ME,READM-30-COPD-HRRP,68,0.9855,19.0544,19.3356,12,01-07-2019,30-06-2022
CARY MEDICAL CENTER,200031,ME,READM-30-CABG-HRRP,189,0.9309,15.2515,16.3834,24,01-07-2019,30-06-2022
CARY MEDICAL CENTER,200031,ME,READM-30-AMI-HRRP,500,0.9646,3.9089,4.0522,19,01-07-2019,30-06-2022
NORTHERN LIGHT EASTERN MAINE MEDICAL CENTER,200033,ME,READM-30-PN-HRRP,225,0.9501,18.3781,19.3439,38,01-07-2019,30-06-2022
NORTHERN LIGHT EASTERN MAINE MEDICAL CENTER,200033,ME,READM-30-HF-HRRP,115,0.9527,12.4809,13.1003,12,01-07-2019,30-06-2022
NORTHERN LIGHT EASTERN MAINE MEDICAL CENTER,200033,ME,READM-30-COPD-HRRP,95,1.0422,17.0504,16.36,19,01-07-2019,30-06-2022
NORTHERN LIGHT EASTERN MAINE MEDICAL CENTER,200033,ME,READM-30-CABG-HRRP,167,1.0375,20.0969,19.3711,36,01-07-2019,30-06-2022
NORTHERN LIGHT EASTERN MAINE MEDICAL CENTER,200033,ME,READM-30-AMI-HRRP,79,1.0599,19.2708,18.1818,19,01-07-2019,30-06-2022
ST MARY'S REGIONAL MEDICAL CENTER,200034,ME,READM-30-PN-HRRP,349,0.9277,14.0323,15.1266,44,01-07-2019,30-06-2022
ST MARY'S REGIONAL MEDICAL CENTER,200034,ME,READM-30-HF-HRRP,379,0.9603,18.1108,18.8603,66,01-07-2019,30-06-2022
ST MARY'S REGIONAL MEDICAL CENTER,200034,ME,READM-30-COPD-HRRP,184,0.9457,17.6998,18.716,29,01-07-2019,30-06-2022
ST MARY'S REGIONAL MEDICAL CENTER,200034,ME,READM-30-CABG-HRRP,154,0.8935,13.2297,14.8069,13,01-07-2019,30-06-2022
FRANKLIN MEMORIAL HOSPITAL,200037,ME,READM-30-PN-HRRP,105,0.971,18.0108,18.5488,17,01-07-2019,30-06-2022
FRANKLIN MEMORIAL HOSPITAL,200037,ME,READM-30-HF-HRRP,134,1.0522,16.8153,15.9804,26,01-07-2019,30-06-2022
FRANKLIN MEMORIAL HOSPITAL,200037,ME,READM-30-COPD-HRRP,99,1.0613,20.2761,19.1051,24,01-07-2019,30-06-2022
FRANKLIN MEMORIAL HOSPITAL,200037,ME,READM-30-CABG-HRRP,47,1.0519,18.562,17.6459,12,01-07-2019,30-06-2022
FRANKLIN MEMORIAL HOSPITAL,200037,ME,READM-30-AMI-HRRP,235,1.0075,17.2278,17.0996,41,01-07-2019,30-06-2022
MAINE GENERAL MEDICAL CENTER,200039,ME,READM-30-PN-HRRP,359,1.0187,20.2664,19.8936,74,01-07-2019,30-06-2022
MAINE GENERAL MEDICAL CENTER,200039,ME,READM-30-HIP-KNEE-HRRP,81,1.0292,18.6773,18.1481,17,01-07-2019,30-06-2022
MAINE GENERAL MEDICAL CENTER,200039,ME,READM-30-COPD-HRRP,621,1.1203,20.13,17.9685,133,01-07-2019,30-06-2022
MAINE GENERAL MEDICAL CENTER,200039,ME,READM-30-CABG-HRRP,98,1.4495,7.2541,5.0045,13,01-07-2019,30-06-2022
MAINE GENERAL MEDICAL CENTER,200039,ME,READM-30-AMI-HRRP,789,1.0921,23.0627,21.1173,188,01-07-2019,30-06-2022
NORTHERN LIGHT INLAND HOSPITAL,200041,ME,READM-30-PN-HRRP,312,1.1184,21.653,19.36,75,01-07-2019,30-06-2022
NORTHERN LIGHT INLAND HOSPITAL,200041,ME,READM-30-HF-HRRP,268,1.1092,15.2372,13.7365,46,01-07-2019,30-06-2022
NORTHERN LIGHT INLAND HOSPITAL,200041,ME,READM-30-COPD-HRRP,397,0.8961,15.9926,17.8465,56,01-07-2019,30-06-2022
NORTHERN LIGHT INLAND HOSPITAL,200041,ME,READM-30-CABG-HRRP,391,0.8622,4.1606,4.8254,14,01-07-2019,30-06-2022
NORTHERN LIGHT INLAND HOSPITAL,200041,ME,READM-30-AMI-HRRP,739,0.9557,20.4389,21.3865,148,01-07-2019,30-06-2022
NORTHERN LIGHT MAINE COAST HOSPITAL,200050,ME,READM-30-PN-HRRP,148,1.0267,19.7753,19.2619,31,01-07-2019,30-06-2022
NORTHERN LIGHT MAINE COAST HOSPITAL,200050,ME,READM-30-HIP-KNEE-HRRP,253,0.9585,11.1461,11.6289,27,01-07-2019,30-06-2022
NORTHERN LIGHT MAINE COAST HOSPITAL,200050,ME,READM-30-HF-HRRP,360,1.0344,15.367,14.8559,57,01-07-2019,30-06-2022
NORTHERN LIGHT MAINE COAST HOSPITAL,200050,ME,READM-30-COPD-HRRP,502,1.0772,17.9067,16.624,95,01-07-2019,30-06-2022
NORTHERN LIGHT MAINE COAST HOSPITAL,200050,ME,READM-30-CABG-HRRP,188,1.1698,6.1359,5.2454,14,01-07-2019,30-06-2022
NORTHERN LIGHT MAINE COAST HOSPITAL,200050,ME,READM-30-AMI-HRRP,682,0.9576,19.4848,20.3477,130,01-07-2019,30-06-2022
NORTHERN MAINE MEDICAL CENTER,200052,ME,READM-30-PN-HRRP,206,0.9794,18.6117,19.003,37,01-07-2019,30-06-2022
NORTHERN MAINE MEDICAL CENTER,200052,ME,READM-30-HIP-KNEE-HRRP,101,0.9943,11.0492,11.1121,11,01-07-2019,30-06-2022
NORTHERN MAINE MEDICAL CENTER,200052,ME,READM-30-HF-HRRP,211,1.1454,14.8681,12.9809,38,01-07-2019,30-06-2022
NORTHERN MAINE MEDICAL CENTER,200052,ME,READM-30-COPD-HRRP,350,0.9343,15.3059,16.382,49,01-07-2019,30-06-2022
NORTHERN MAINE MEDICAL CENTER,200052,ME,READM-30-AMI-HRRP,212,1.0254,19.9739,19.4795,44,01-07-2019,30-06-2022
PENOBSCOT BAY MEDICAL CENTER,200063,ME,READM-30-PN-HRRP,120,1.0174,20.7149,20.3606,26,01-07-2019,30-06-2022
PENOBSCOT BAY MEDICAL CENTER,200063,ME,READM-30-HF-HRRP,518,1.052,17.282,16.4283,93,01-07-2019,30-06-2022
PENOBSCOT BAY MEDICAL CENTER,200063,ME,READM-30-COPD-HRRP,252,1.0614,4.4016,4.147,12,01-07-2019,30-06-2022
PENOBSCOT BAY MEDICAL CENTER,200063,ME,READM-30-CABG-HRRP,1314,1.0843,21.7322,20.0435,291,01-07-2019,30-06-2022
PENOBSCOT BAY MEDICAL CENTER,200063,ME,READM-30-AMI-HRRP,273,0.9593,18.5682,19.3557,48,01-07-2019,30-06-2022
MERITUS MEDICAL CENTER,210001,MD,READM-30-PN-HRRP,324,1.0557,11.872,11.2454,40,01-07-2019,30-06-2022
MERITUS MEDICAL CENTER,210001,MD,READM-30-HIP-KNEE-HRRP,851,1.0157,14.0113,13.7948,120,01-07-2019,30-06-2022
MERITUS MEDICAL CENTER,210001,MD,READM-30-HF-HRRP,112,1.068,18.2352,17.0744,25,01-07-2019,30-06-2022
MERITUS MEDICAL CENTER,210001,MD,READM-30-CABG-HRRP,93,0.9133,18.1873,19.9147,11,01-07-2019,30-06-2022
UNIVERSITY OF MARYLAND MEDICAL CENTER,210002,MD,READM-30-HIP-KNEE-HRRP,217,0.9962,15.7874,15.8484,34,01-07-2019,30-06-2022
UNIVERSITY OF MARYLAND MEDICAL CENTER,210002,MD,READM-30-COPD-HRRP,178,0.9986,19.1542,19.1816,34,01-07-2019,30-06-2022
UNIVERSITY OF MARYLAND MEDICAL CENTER,210002,MD,READM-30-CABG-HRRP,119,0.9266,18.5,19.9652,17,01-07-2019,30-06-2022
UNIVERSITY OF MARYLAND MEDICAL CENTER,210002,MD,READM-30-AMI-HRRP,264,1.0285,19.6958,19.1507,54,01-07-2019,30-06-2022
UNIVERSITY OF MD CAPITAL REGION MEDICAL CENTER,210003,MD,READM-30-HIP-KNEE-HRRP,527,0.9022,19.1415,21.2162,94,01-07-2019,30-06-2022
UNIVERSITY OF MD CAPITAL REGION MEDICAL CENTER,210003,MD,READM-30-HF-HRRP,101,1.0442,24.7122,23.6652,28,01-07-2019,30-06-2022
UNIVERSITY OF MD CAPITAL REGION MEDICAL CENTER,210003,MD,READM-30-COPD-HRRP,212,0.9734,10.7349,11.0287,22,01-07-2019,30-06-2022
UNIVERSITY OF MD CAPITAL REGION MEDICAL CENTER,210003,MD,READM-30-CABG-HRRP,308,1.0331,13.7679,13.3262,44,01-07-2019,30-06-2022
HOLY CROSS HOSPITAL,210004,MD,READM-30-PN-HRRP,254,1.0097,17.0618,16.8972,44,01-07-2019,30-06-2022
HOLY CROSS HOSPITAL,210004,MD,READM-30-HIP-KNEE-HRRP,336,1.1733,24.6922,21.0447,94,01-07-2019,30-06-2022
HOLY CROSS HOSPITAL,210004,MD,READM-30-HF-HRRP,171,0.956,19.2748,20.1627,30,01-07-2019,30-06-2022
HOLY CROSS HOSPITAL,210004,MD,READM-30-CABG-HRRP,92,1.038,14.3391,13.8147,15,01-07-2019,30-06-2022
HOLY CROSS HOSPITAL,210004,MD,READM-30-AMI-HRRP,76,0.9905,15.3057,15.4518,11,01-07-2019,30-06-2022
FREDERICK HEALTH HOSPITAL,210005,MD,READM-30-HIP-KNEE-HRRP,139,1.056,21.8047,20.6485,34,01-07-2019,30-06-2022
FREDERICK HEALTH HOSPITAL,210005,MD,READM-30-COPD-HRRP,88,1.0916,12.3163,11.283,15,01-07-2019,30-06-2022
FREDERICK HEALTH HOSPITAL,210005,MD,READM-30-CABG-HRRP,219,0.9968,17.4519,17.5076,38,01-07-2019,30-06-2022
FREDERICK HEALTH HOSPITAL,210005,MD,READM-30-AMI-HRRP,724,0.8872,3.8419,4.3303,26,01-07-2019,30-06-2022
UNIVERSITY OF MD HARFORD MEMORIAL HOSPITAL,210006,MD,READM-30-PN-HRRP,366,1.0375,21.9958,21.2016,83,01-07-2019,30-06-2022
UNIVERSITY OF MD HARFORD MEMORIAL HOSPITAL,210006,MD,READM-30-HIP-KNEE-HRRP,94,0.9742,19.9185,20.4449,17,01-07-2019,30-06-2022
UNIVERSITY OF MD HARFORD MEMORIAL HOSPITAL,210006,MD,READM-30-COPD-HRRP,207,0.9952,14.6076,14.6781,30,01-07-2019,30-06-2022
UNIVERSITY OF MD HARFORD MEMORIAL HOSPITAL,210006,MD,READM-30-CABG-HRRP,67,1.0194,14.5197,14.2433,11,01-07-2019,30-06-2022
UNIVERSITY OF MD HARFORD MEMORIAL HOSPITAL,210006,MD,READM-30-AMI-HRRP,74,1.0248,16.8247,16.4176,14,01-07-2019,30-06-2022
MERCY MEDICAL CENTER INC,210008,MD,READM-30-HIP-KNEE-HRRP,286,0.9192,15.2774,16.6199,38,01-07-2019,30-06-2022
MERCY MEDICAL CENTER INC,210008,MD,READM-30-HF-HRRP,194,1.1676,4.4604,3.8201,11,01-07-2019,30-06-2022
MERCY MEDICAL CENTER INC,210008,MD,READM-30-COPD-HRRP,405,0.9085,18.6035,20.4762,69,01-07-2019,30-06-2022
MERCY MEDICAL CENTER INC,210008,MD,READM-30-CABG-HRRP,93,0.9495,18.6865,19.6809,14,01-07-2019,30-06-2022
"JOHNS HOPKINS HOSPITAL, THE",210009,MD,READM-30-PN-HRRP,182,0.997,13.2676,13.3077,24,01-07-2019,30-06-2022
"JOHNS HOPKINS HOSPITAL, THE",210009,MD,READM-30-HIP-KNEE-HRRP,66,1.0493,16.2746,15.5102,14,01-07-2019,30-06-2022
"JOHNS HOPKINS HOSPITAL, THE",210009,MD,READM-30-HF-HRRP,84,0.9475,18.5479,19.575,12,01-07-2019,30-06-2022
"JOHNS HOPKINS HOSPITAL, THE",210009,MD,READM-30-COPD-HRRP,47,1.0406,20.016,19.2358,12,01-07-2019,30-06-2022
"JOHNS HOPKINS HOSPITAL, THE",210009,MD,READM-30-CABG-HRRP,124,0.9721,16.0501,16.5105,18,01-07-2019,30-06-2022
SAINT AGNES HOSPITAL,210011,MD,READM-30-PN-HRRP,149,1.0661,21.9296,20.5701,37,01-07-2019,30-06-2022
SAINT AGNES HOSPITAL,210011,MD,READM-30-HIP-KNEE-HRRP,106,1.0352,18.6704,18.0354,22,01-07-2019,30-06-2022
SAINT AGNES HOSPITAL,210011,MD,READM-30-HF-HRRP,521,0.9586,14.7443,15.3816,74,01-07-2019,30-06-2022
SAINT AGNES HOSPITAL,210011,MD,READM-30-CABG-HRRP,824,0.9907,18.8851,19.0627,155,01-07-2019,30-06-2022
SAINT AGNES HOSPITAL,210011,MD,READM-30-AMI-HRRP,178,1.0011,19.6226,19.6013,35,01-07-2019,30-06-2022
SINAI HOSPITAL OF BALTIMORE,210012,MD,READM-30-PN-HRRP,192,0.8569,8.9863,10.4864,13,01-07-2019,30-06-2022
SINAI HOSPITAL OF BALTIMORE,210012,MD,READM-30-HIP-KNEE-HRRP,422,0.9617,11.3411,11.7932,46,01-07-2019,30-06-2022
SINAI HOSPITAL OF BALTIMORE,210012,MD,READM-30-HF-HRRP,242,0.9918,15.9339,16.0662,38,01-07-2019,30-06-2022
SINAI HOSPITAL OF BALTIMORE,210012,MD,READM-30-CABG-HRRP,339,1.0631,21.7876,20.4946,78,01-07-2019,30-06-2022
SINAI HOSPITAL OF BALTIMORE,210012,MD,READM-30-AMI-HRRP,108,0.9853,19.4084,19.6977,20,01-07-2019,30-06-2022
MEDSTAR FRANKLIN SQUARE MEDICAL CENTER,210015,MD,READM-30-PN-HRRP,97,0.9435,14.3228,15.18,11,01-07-2019,30-06-2022
MEDSTAR FRANKLIN SQUARE MEDICAL CENTER,210015,MD,READM-30-HIP-KNEE-HRRP,153,1.0343,16.8032,16.2452,28,01-07-2019,30-06-2022
MEDSTAR FRANKLIN SQUARE MEDICAL CENTER,210015,MD,READM-30-HF-HRRP,172,1.0479,20.8465,19.8938,39,01-07-2019,30-06-2022
MEDSTAR FRANKLIN SQUARE MEDICAL CENTER,210015,MD,READM-30-COPD-HRRP,89,1.0253,19.5051,19.0239,19,01-07-2019,30-06-2022
MEDSTAR FRANKLIN SQUARE MEDICAL CENTER,210015,MD,READM-30-AMI-HRRP,263,1.1592,21.079,18.1843,66,01-07-2019,30-06-2022
ADVENTIST HEALTHCARE WHITE OAK MEDICAL CENTER,210016,MD,READM-30-HIP-KNEE-HRRP,307,0.9779,19.701,20.1459,59,01-07-2019,30-06-2022
ADVENTIST HEALTHCARE WHITE OAK MEDICAL CENTER,210016,MD,READM-30-HF-HRRP,102,0.9798,19.9399,20.3501,19,01-07-2019,30-06-2022
ADVENTIST HEALTHCARE WHITE OAK MEDICAL CENTER,210016,MD,READM-30-CABG-HRRP,185,0.9387,14.7201,15.6814,23,01-07-2019,30-06-2022
ADVENTIST HEALTHCARE WHITE OAK MEDICAL CENTER,210016,MD,READM-30-AMI-HRRP,147,0.9778,20.0663,20.5216,28,01-07-2019,30-06-2022
GARRETT REGIONAL MEDICAL CENTER,210017,MD,READM-30-COPD-HRRP,78,1.0448,20.615,19.731,19,01-07-2019,30-06-2022
GARRETT REGIONAL MEDICAL CENTER,210017,MD,READM-30-AMI-HRRP,86,0.9729,17.3079,17.79,13,01-07-2019,30-06-2022
MEDSTAR MONTGOMERY MEDICAL CENTER,210018,MD,READM-30-PN-HRRP,81,0.995,18.927,19.0228,15,01-07-2019,30-06-2022
MEDSTAR MONTGOMERY MEDICAL CENTER,210018,MD,READM-30-HF-HRRP,299,0.9328,15.9721,17.1235,43,01-07-2019,30-06-2022
MEDSTAR MONTGOMERY MEDICAL CENTER,210018,MD,READM-30-CABG-HRRP,403,1.1773,24.2599,20.6056,109,01-07-2019,30-06-2022
MEDSTAR MONTGOMERY MEDICAL CENTER,210018,MD,READM-30-AMI-HRRP,157,1.0778,22.2318,20.627,40,01-07-2019,30-06-2022
"TIDALHEALTH PENINSULA REGIONAL, INC",210019,MD,READM-30-PN-HRRP,103,1.0549,14.8933,14.1184,18,01-07-2019,30-06-2022
"TIDALHEALTH PENINSULA REGIONAL, INC",210019,MD,READM-30-HIP-KNEE-HRRP,629,0.92,15.5233,16.8734,92,01-07-2019,30-06-2022
"TIDALHEALTH PENINSULA REGIONAL, INC",210019,MD,READM-30-HF-HRRP,386,0.986,4.2007,4.2604,16,01-07-2019,30-06-2022
"TIDALHEALTH PENINSULA REGIONAL, INC",210019,MD,READM-30-COPD-HRRP,832,0.8583,17.0567,19.8719,132,01-07-2019,30-06-2022
"TIDALHEALTH PENINSULA REGIONAL, INC",210019,MD,READM-30-CABG-HRRP,233,1.0302,20.6147,20.0102,50,01-07-2019,30-06-2022
SUBURBAN HOSPITAL,210022,MD,READM-30-PN-HRRP,334,0.916,12.9573,14.1455,39,01-07-2019,30-06-2022
SUBURBAN HOSPITAL,210022,MD,READM-30-COPD-HRRP,104,1.0599,21.2606,20.0583,26,01-07-2019,30-06-2022
SUBURBAN HOSPITAL,210022,MD,READM-30-AMI-HRRP,165,1.009,15.3979,15.2613,26,01-07-2019,30-06-2022
"LUMINIS HEALTH ANNE ARUNDEL MEDICAL CENTER, INC",210023,MD,READM-30-HIP-KNEE-HRRP,81,1.0044,19.394,19.3094,16,01-07-2019,30-06-2022
"LUMINIS HEALTH ANNE ARUNDEL MEDICAL CENTER, INC",210023,MD,READM-30-COPD-HRRP,564,1.0313,15.943,15.4595,92,01-07-2019,30-06-2022
"LUMINIS HEALTH ANNE ARUNDEL MEDICAL CENTER, INC",210023,MD,READM-30-CABG-HRRP,265,1.3034,5.2564,4.0328,18,01-07-2019,30-06-2022
"LUMINIS HEALTH ANNE ARUNDEL MEDICAL CENTER, INC",210023,MD,READM-30-AMI-HRRP,681,0.9702,17.6141,18.1552,118,01-07-2019,30-06-2022
MEDSTAR UNION MEMORIAL HOSPITAL,210024,MD,READM-30-PN-HRRP,180,0.8901,15.158,17.0289,20,01-07-2019,30-06-2022
MEDSTAR UNION MEMORIAL HOSPITAL,210024,MD,READM-30-HF-HRRP,236,1.0226,11.841,11.5798,29,01-07-2019,30-06-2022
MEDSTAR UNION MEMORIAL HOSPITAL,210024,MD,READM-30-COPD-HRRP,111,1.0945,17.0111,15.5422,25,01-07-2019,30-06-2022
MEDSTAR UNION MEMORIAL HOSPITAL,210024,MD,READM-30-CABG-HRRP,184,1.2019,23.6499,19.677,56,01-07-2019,30-06-2022
WESTERN MARYLAND REGIONAL MEDICAL CENTER,210027,MD,READM-30-PN-HRRP,76,1.0304,15.7789,15.3139,14,01-07-2019,30-06-2022
WESTERN MARYLAND REGIONAL MEDICAL CENTER,210027,MD,READM-30-HIP-KNEE-HRRP,148,1.1588,22.3416,19.2804,43,01-07-2019,30-06-2022
WESTERN MARYLAND REGIONAL MEDICAL CENTER,210027,MD,READM-30-COPD-HRRP,205,0.9527,16.2453,17.0518,30,01-07-2019,30-06-2022
WESTERN MARYLAND REGIONAL MEDICAL CENTER,210027,MD,READM-30-CABG-HRRP,346,0.9676,20.0039,20.6734,67,01-07-2019,30-06-2022
WESTERN MARYLAND REGIONAL MEDICAL CENTER,210027,MD,READM-30-AMI-HRRP,104,1.0372,20.7493,20.0051,24,01-07-2019,30-06-2022
MEDSTAR SAINT MARY'S HOSPITAL,210028,MD,READM-30-HIP-KNEE-HRRP,396,1.0198,17.0834,16.7518,69,01-07-2019,30-06-2022
MEDSTAR SAINT MARY'S HOSPITAL,210028,MD,READM-30-HF-HRRP,300,1.2295,5.2711,4.2873,19,01-07-2019,30-06-2022
MEDSTAR SAINT MARY'S HOSPITAL,210028,MD,READM-30-COPD-HRRP,514,1.001,19.831,19.8106,102,01-07-2019,30-06-2022
MEDSTAR SAINT MARY'S HOSPITAL,210028,MD,READM-30-CABG-HRRP,154,0.9484,19.1543,20.1974,26,01-07-2019,30-06-2022
JOHNS HOPKINS BAYVIEW MEDICAL CENTER,210029,MD,READM-30-PN-HRRP,228,0.9694,12.9437,13.3517,28,01-07-2019,30-06-2022
JOHNS HOPKINS BAYVIEW MEDICAL CENTER,210029,MD,READM-30-HIP-KNEE-HRRP,422,0.9419,14.4483,15.3393,57,01-07-2019,30-06-2022
JOHNS HOPKINS BAYVIEW MEDICAL CENTER,210029,MD,READM-30-HF-HRRP,616,0.9602,3.8335,3.9924,23,01-07-2019,30-06-2022
JOHNS HOPKINS BAYVIEW MEDICAL CENTER,210029,MD,READM-30-COPD-HRRP,1097,0.9685,19.519,20.1538,212,01-07-2019,30-06-2022
JOHNS HOPKINS BAYVIEW MEDICAL CENTER,210029,MD,READM-30-CABG-HRRP,179,0.9637,19.8056,20.5513,33,01-07-2019,30-06-2022
JOHNS HOPKINS BAYVIEW MEDICAL CENTER,210029,MD,READM-30-AMI-HRRP,229,1.0112,10.7803,10.6606,25,01-07-2019,30-06-2022
UNIVERSITY OF MD SHORE MEDICAL CTR AT CHESTERTOWN,210030,MD,READM-30-PN-HRRP,523,0.9767,13.4136,13.7342,69,01-07-2019,30-06-2022
UNIVERSITY OF MD SHORE MEDICAL CTR AT CHESTERTOWN,210030,MD,READM-30-HIP-KNEE-HRRP,845,0.972,15.4915,15.9378,129,01-07-2019,30-06-2022
UNIVERSITY OF MD SHORE MEDICAL CTR AT CHESTERTOWN,210030,MD,READM-30-HF-HRRP,502,1.1351,4.793,4.2226,26,01-07-2019,30-06-2022
UNIVERSITY OF MD SHORE MEDICAL CTR AT CHESTERTOWN,210030,MD,READM-30-COPD-HRRP,929,0.9447,18.377,19.4537,167,01-07-2019,30-06-2022
UNIVERSITY OF MD SHORE MEDICAL CTR AT CHESTERTOWN,210030,MD,READM-30-CABG-HRRP,290,1.0329,18.5917,18.0001,56,01-07-2019,30-06-2022
UNIVERSITY OF MD SHORE MEDICAL CTR AT CHESTERTOWN,210030,MD,READM-30-AMI-HRRP,116,1.0821,11.8761,10.9748,16,01-07-2019,30-06-2022
UNION HOSPITAL OF CECIL COUNTY,210032,MD,READM-30-PN-HRRP,320,1.0585,14.1248,13.3438,48,01-07-2019,30-06-2022
UNION HOSPITAL OF CECIL COUNTY,210032,MD,READM-30-HIP-KNEE-HRRP,304,0.9846,15.8052,16.0532,47,01-07-2019,30-06-2022
UNION HOSPITAL OF CECIL COUNTY,210032,MD,READM-30-HF-HRRP,230,0.9586,18.5956,19.3992,40,01-07-2019,30-06-2022
UNION HOSPITAL OF CECIL COUNTY,210032,MD,READM-30-COPD-HRRP,94,0.9716,16.8187,17.3095,14,01-07-2019,30-06-2022
UNION HOSPITAL OF CECIL COUNTY,210032,MD,READM-30-CABG-HRRP,74,1.1726,11.5097,9.8157,13,01-07-2019,30-06-2022
UNION HOSPITAL OF CECIL COUNTY,210032,MD,READM-30-AMI-HRRP,181,1.0658,14.2786,13.397,29,01-07-2019,30-06-2022
CARROLL HOSPITAL CENTER,210033,MD,READM-30-PN-HRRP,190,1.0117,15.9064,15.7229,31,01-07-2019,30-06-2022
CARROLL HOSPITAL CENTER,210033,MD,READM-30-HF-HRRP,194,1.0285,20.6867,20.1133,42,01-07-2019,30-06-2022
CARROLL HOSPITAL CENTER,210033,MD,READM-30-COPD-HRRP,77,1.0231,20.1368,19.6824,17,01-07-2019,30-06-2022
CARROLL HOSPITAL CENTER,210033,MD,READM-30-CABG-HRRP,91,1.0425,15.6396,15.0027,17,01-07-2019,30-06-2022
CARROLL HOSPITAL CENTER,210033,MD,READM-30-AMI-HRRP,171,1.0819,21.4613,19.8371,42,01-07-2019,30-06-2022
MEDSTAR HARBOR HOSPITAL,210034,MD,READM-30-PN-HRRP,53,1.0628,20.6921,19.4689,15,01-07-2019,30-06-2022
MEDSTAR HARBOR HOSPITAL,210034,MD,READM-30-HIP-KNEE-HRRP,114,0.9376,16.1138,17.1857,14,01-07-2019,30-06-2022
MEDSTAR HARBOR HOSPITAL,210034,MD,READM-30-HF-HRRP,86,1.0615,20.9258,19.7134,22,01-07-2019,30-06-2022
MEDSTAR HARBOR HOSPITAL,210034,MD,READM-30-CABG-HRRP,297,1.1875,19.2517,16.2124,69,01-07-2019,30-06-2022
UNIVERSITY OF MD CHARLES REGIONAL  MEDICAL CENTER,210035,MD,READM-30-PN-HRRP,370,1.0341,19.9401,19.2817,76,01-07-2019,30-06-2022
UNIVERSITY OF MD CHARLES REGIONAL  MEDICAL CENTER,210035,MD,READM-30-HIP-KNEE-HRRP,108,0.996,17.8302,17.9022,19,01-07-2019,30-06-2022
UNIVERSITY OF MD CHARLES REGIONAL  MEDICAL CENTER,210035,MD,READM-30-COPD-HRRP,95,0.9586,15.6386,16.3143,12,01-07-2019,30-06-2022
UNIVERSITY OF MD CHARLES REGIONAL  MEDICAL CENTER,210035,MD,READM-30-AMI-HRRP,147,0.9548,14.3419,15.0204,18,01-07-2019,30-06-2022
UNIVERSITY OF MD SHORE MEDICAL CENTER AT EASTON,210037,MD,READM-30-HIP-KNEE-HRRP,142,1.011,19.2161,19.0078,28,01-07-2019,30-06-2022
UNIVERSITY OF MD SHORE MEDICAL CENTER AT EASTON,210037,MD,READM-30-CABG-HRRP,320,0.9511,15.4364,16.2301,46,01-07-2019,30-06-2022
UNIVERSITY OF MD MEDICAL CENTER MIDTOWN CAMPUS,210038,MD,READM-30-PN-HRRP,343,1.0028,19.1882,19.1344,66,01-07-2019,30-06-2022
UNIVERSITY OF MD MEDICAL CENTER MIDTOWN CAMPUS,210038,MD,READM-30-HIP-KNEE-HRRP,124,1.0373,19.8232,19.1106,27,01-07-2019,30-06-2022
UNIVERSITY OF MD MEDICAL CENTER MIDTOWN CAMPUS,210038,MD,READM-30-COPD-HRRP,509,0.8926,15.2605,17.0966,70,01-07-2019,30-06-2022
UNIVERSITY OF MD MEDICAL CENTER MIDTOWN CAMPUS,210038,MD,READM-30-AMI-HRRP,634,0.9205,18.845,20.4734,114,01-07-2019,30-06-2022
CALVERTHEALTH MEDICAL CENTER,210039,MD,READM-30-PN-HRRP,212,0.9476,17.1928,18.1436,33,01-07-2019,30-06-2022
CALVERTHEALTH MEDICAL CENTER,210039,MD,READM-30-HIP-KNEE-HRRP,156,1.0475,10.0772,9.62,17,01-07-2019,30-06-2022
CALVERTHEALTH MEDICAL CENTER,210039,MD,READM-30-HF-HRRP,274,1.0303,13.3411,12.9494,38,01-07-2019,30-06-2022
CALVERTHEALTH MEDICAL CENTER,210039,MD,READM-30-COPD-HRRP,145,1.0354,16.9887,16.4081,27,01-07-2019,30-06-2022
CALVERTHEALTH MEDICAL CENTER,210039,MD,READM-30-CABG-HRRP,112,1.1077,22.3948,20.2166,32,01-07-2019,30-06-2022
CALVERTHEALTH MEDICAL CENTER,210039,MD,READM-30-AMI-HRRP,76,1.1373,20.4381,17.9702,24,01-07-2019,30-06-2022
NORTHWEST HOSPITAL CENTER,210040,MD,READM-30-HIP-KNEE-HRRP,89,0.978,15.1535,15.494,12,01-07-2019,30-06-2022
NORTHWEST HOSPITAL CENTER,210040,MD,READM-30-HF-HRRP,68,1.0076,18.3973,18.259,13,01-07-2019,30-06-2022
NORTHWEST HOSPITAL CENTER,210040,MD,READM-30-CABG-HRRP,728,0.9734,15.2204,15.6362,109,01-07-2019,30-06-2022
NORTHWEST HOSPITAL CENTER,210040,MD,READM-30-AMI-HRRP,629,0.9558,4.7209,4.9392,29,01-07-2019,30-06-2022
UNIVERSITY OF MD BALTIMORE WASHINGTON MEDICAL CENTER,210043,MD,READM-30-PN-HRRP,1249,0.9189,17.7343,19.2992,216,01-07-2019,30-06-2022
UNIVERSITY OF MD BALTIMORE WASHINGTON MEDICAL CENTER,210043,MD,READM-30-HIP-KNEE-HRRP,308,0.927,16.8315,18.157,47,01-07-2019,30-06-2022
UNIVERSITY OF MD BALTIMORE WASHINGTON MEDICAL CENTER,210043,MD,READM-30-HF-HRRP,258,0.8532,7.8704,9.2241,16,01-07-2019,30-06-2022
UNIVERSITY OF MD BALTIMORE WASHINGTON MEDICAL CENTER,210043,MD,READM-30-COPD-HRRP,590,0.9473,11.6255,12.2719,66,01-07-2019,30-06-2022
UNIVERSITY OF MD BALTIMORE WASHINGTON MEDICAL CENTER,210043,MD,READM-30-CABG-HRRP,315,0.8918,13.1807,14.7807,34,01-07-2019,30-06-2022
UNIVERSITY OF MD BALTIMORE WASHINGTON MEDICAL CENTER,210043,MD,READM-30-AMI-HRRP,277,1.1492,4.2961,3.7385,14,01-07-2019,30-06-2022
GREATER BALTIMORE MEDICAL CENTER,210044,MD,READM-30-PN-HRRP,345,1.1128,20.2765,18.2207,77,01-07-2019,30-06-2022
GREATER BALTIMORE MEDICAL CENTER,210044,MD,READM-30-HIP-KNEE-HRRP,131,0.9789,15.5111,15.8462,19,01-07-2019,30-06-2022
GREATER BALTIMORE MEDICAL CENTER,210044,MD,READM-30-HF-HRRP,81,1.0253,13.3118,12.9828,12,01-07-2019,30-06-2022
GREATER BALTIMORE MEDICAL CENTER,210044,MD,READM-30-COPD-HRRP,244,0.9334,15.0132,16.0842,32,01-07-2019,30-06-2022
GREATER BALTIMORE MEDICAL CENTER,210044,MD,READM-30-AMI-HRRP,218,0.851,16.2385,19.0825,25,01-07-2019,30-06-2022
HOWARD COUNTY GENERAL HOSPITAL,210048,MD,READM-30-COPD-HRRP,46,1.0307,19.6128,19.0278,11,01-07-2019,30-06-2022
HOWARD COUNTY GENERAL HOSPITAL,210048,MD,READM-30-CABG-HRRP,182,0.9488,15.6769,16.5235,25,01-07-2019,30-06-2022
HOWARD COUNTY GENERAL HOSPITAL,210048,MD,READM-30-AMI-HRRP,173,1.0078,19.3598,19.2109,34,01-07-2019,30-06-2022
UMD UPPER CHESAPEAKE MEDICAL CENTER,210049,MD,READM-30-PN-HRRP,127,0.9723,18.7697,19.3053,22,01-07-2019,30-06-2022
UMD UPPER CHESAPEAKE MEDICAL CENTER,210049,MD,READM-30-HIP-KNEE-HRRP,277,0.9163,15.4969,16.9118,37,01-07-2019,30-06-2022
UMD UPPER CHESAPEAKE MEDICAL CENTER,210049,MD,READM-30-COPD-HRRP,502,1.0437,20.7435,19.8751,107,01-07-2019,30-06-2022
UMD UPPER CHESAPEAKE MEDICAL CENTER,210049,MD,READM-30-CABG-HRRP,148,0.973,18.7767,19.2986,26,01-07-2019,30-06-2022
UMD UPPER CHESAPEAKE MEDICAL CENTER,210049,MD,READM-30-AMI-HRRP,83,1.0118,13.7671,13.6069,12,01-07-2019,30-06-2022
"LUMINIS HEALTH DOCTORS COMMUNITY MEDICAL CTR, INC",210051,MD,READM-30-PN-HRRP,194,1.0592,17.0581,16.1045,37,01-07-2019,30-06-2022
"LUMINIS HEALTH DOCTORS COMMUNITY MEDICAL CTR, INC",210051,MD,READM-30-HF-HRRP,219,1.2188,25.2173,20.6904,69,01-07-2019,30-06-2022
"LUMINIS HEALTH DOCTORS COMMUNITY MEDICAL CTR, INC",210051,MD,READM-30-COPD-HRRP,93,1.0186,20.2095,19.8396,20,01-07-2019,30-06-2022
"LUMINIS HEALTH DOCTORS COMMUNITY MEDICAL CTR, INC",210051,MD,READM-30-CABG-HRRP,223,1.006,16.4109,16.3135,37,01-07-2019,30-06-2022
"LUMINIS HEALTH DOCTORS COMMUNITY MEDICAL CTR, INC",210051,MD,READM-30-AMI-HRRP,281,1.1006,5.5245,5.0194,17,01-07-2019,30-06-2022
MEDSTAR GOOD SAMARITAN HOSPITAL,210056,MD,READM-30-PN-HRRP,405,0.9925,20.1237,20.2753,81,01-07-2019,30-06-2022
MEDSTAR GOOD SAMARITAN HOSPITAL,210056,MD,READM-30-HIP-KNEE-HRRP,130,0.9963,20.1863,20.2605,26,01-07-2019,30-06-2022
MEDSTAR GOOD SAMARITAN HOSPITAL,210056,MD,READM-30-COPD-HRRP,120,1.0748,16.1555,15.0317,23,01-07-2019,30-06-2022
MEDSTAR GOOD SAMARITAN HOSPITAL,210056,MD,READM-30-CABG-HRRP,265,1.0802,15.7988,14.6254,47,01-07-2019,30-06-2022
ADVENTIST HEALTHCARE SHADY GROVE MEDICAL CENTER,210057,MD,READM-30-PN-HRRP,254,1.0011,18.8702,18.8502,48,01-07-2019,30-06-2022
ADVENTIST HEALTHCARE SHADY GROVE MEDICAL CENTER,210057,MD,READM-30-HIP-KNEE-HRRP,64,1.0922,19.3034,17.6732,18,01-07-2019,30-06-2022
ADVENTIST HEALTHCARE SHADY GROVE MEDICAL CENTER,210057,MD,READM-30-COPD-HRRP,43,1.0858,19.9993,18.4194,14,01-07-2019,30-06-2022
ADVENTIST HEALTHCARE SHADY GROVE MEDICAL CENTER,210057,MD,READM-30-CABG-HRRP,113,0.9182,14.7969,16.115,11,01-07-2019,30-06-2022
ADVENTIST HEALTHCARE SHADY GROVE MEDICAL CENTER,210057,MD,READM-30-AMI-HRRP,138,0.934,18.4593,19.7633,21,01-07-2019,30-06-2022
UMD REHABILITATION &  ORTHOPAEDIC INSTITUTE,210058,MD,READM-30-HIP-KNEE-HRRP,311,1.0473,16.362,15.6229,54,01-07-2019,30-06-2022
UMD REHABILITATION &  ORTHOPAEDIC INSTITUTE,210058,MD,READM-30-HF-HRRP,181,1.1829,4.6628,3.9418,11,01-07-2019,30-06-2022
UMD REHABILITATION &  ORTHOPAEDIC INSTITUTE,210058,MD,READM-30-COPD-HRRP,463,0.9227,17.7591,19.2479,77,01-07-2019,30-06-2022
UMD REHABILITATION &  ORTHOPAEDIC INSTITUTE,210058,MD,READM-30-CABG-HRRP,126,0.9859,19.7915,20.0752,24,01-07-2019,30-06-2022
UMD REHABILITATION &  ORTHOPAEDIC INSTITUTE,210058,MD,READM-30-AMI-HRRP,139,0.9902,12.5698,12.6939,17,01-07-2019,30-06-2022
ADVENTIST HEALTHCARE FORT WASHINGTON MEDICAL CTR,210060,MD,READM-30-PN-HRRP,343,0.8489,12.1521,14.3154,31,01-07-2019,30-06-2022
ADVENTIST HEALTHCARE FORT WASHINGTON MEDICAL CTR,210060,MD,READM-30-HF-HRRP,418,0.8865,16.6938,18.8316,62,01-07-2019,30-06-2022
ADVENTIST HEALTHCARE FORT WASHINGTON MEDICAL CTR,210060,MD,READM-30-COPD-HRRP,166,1.0492,19.2255,18.3244,35,01-07-2019,30-06-2022
ADVENTIST HEALTHCARE FORT WASHINGTON MEDICAL CTR,210060,MD,READM-30-AMI-HRRP,189,0.9942,15.5507,15.6415,29,01-07-2019,30-06-2022
ATLANTIC GENERAL HOSPITAL,210061,MD,READM-30-PN-HRRP,150,1.2195,5.3069,4.3518,11,01-07-2019,30-06-2022
ATLANTIC GENERAL HOSPITAL,210061,MD,READM-30-HIP-KNEE-HRRP,239,1.1348,20.7726,18.3045,58,01-07-2019,30-06-2022
ATLANTIC GENERAL HOSPITAL,210061,MD,READM-30-CABG-HRRP,204,1.0725,15.3723,14.3331,36,01-07-2019,30-06-2022
ATLANTIC GENERAL HOSPITAL,210061,MD,READM-30-AMI-HRRP,186,1.013,17.8289,17.5994,34,01-07-2019,30-06-2022
MEDSTAR SOUTHERN MARYLAND HOSPITAL CENTER,210062,MD,READM-30-PN-HRRP,99,1.0492,19.1061,18.2105,22,01-07-2019,30-06-2022
MEDSTAR SOUTHERN MARYLAND HOSPITAL CENTER,210062,MD,READM-30-CABG-HRRP,88,0.9678,19.5303,20.181,15,01-07-2019,30-06-2022
MEDSTAR SOUTHERN MARYLAND HOSPITAL CENTER,210062,MD,READM-30-AMI-HRRP,63,1.0444,14.5094,13.8928,12,01-07-2019,30-06-2022
UNIVERSITY OF MD ST JOSEPH MEDICAL CENTER,210063,MD,READM-30-HIP-KNEE-HRRP,63,1.0048,18.5497,18.4602,12,01-07-2019,30-06-2022
UNIVERSITY OF MD ST JOSEPH MEDICAL CENTER,210063,MD,READM-30-CABG-HRRP,100,0.9951,19.32,19.4146,19,01-07-2019,30-06-2022
LEVINDALE HEBREW GERIATRIC CENTER AND HOSPITAL,210064,MD,READM-30-PN-HRRP,174,0.876,14.9248,17.0378,17,01-07-2019,30-06-2022
LEVINDALE HEBREW GERIATRIC CENTER AND HOSPITAL,210064,MD,READM-30-HF-HRRP,216,0.8576,17.6315,20.5602,28,01-07-2019,30-06-2022
HOLY CROSS GERMANTOWN HOSPITAL,210065,MD,READM-30-PN-HRRP,317,0.9837,16.4418,16.7141,51,01-07-2019,30-06-2022
HOLY CROSS GERMANTOWN HOSPITAL,210065,MD,READM-30-HIP-KNEE-HRRP,232,1.0477,21.9141,20.9172,54,01-07-2019,30-06-2022
HOLY CROSS GERMANTOWN HOSPITAL,210065,MD,READM-30-HF-HRRP,85,0.9984,20.1219,20.1536,17,01-07-2019,30-06-2022
HOLY CROSS GERMANTOWN HOSPITAL,210065,MD,READM-30-CABG-HRRP,169,0.9762,12.5286,12.8338,20,01-07-2019,30-06-2022
HOLY CROSS GERMANTOWN HOSPITAL,210065,MD,READM-30-AMI-HRRP,454,0.9064,15.8022,17.4337,65,01-07-2019,30-06-2022
"HEALTHALLIANCE HOSPITALS, INC",220001,MA,READM-30-PN-HRRP,581,0.8867,4.2778,4.8242,23,01-07-2019,30-06-2022
"HEALTHALLIANCE HOSPITALS, INC",220001,MA,READM-30-HIP-KNEE-HRRP,660,0.8988,18.6484,20.747,116,01-07-2019,30-06-2022
"HEALTHALLIANCE HOSPITALS, INC",220001,MA,READM-30-HF-HRRP,191,0.9338,18.571,19.8876,31,01-07-2019,30-06-2022
"HEALTHALLIANCE HOSPITALS, INC",220001,MA,READM-30-COPD-HRRP,181,0.9735,10.3569,10.6383,18,01-07-2019,30-06-2022
"HEALTHALLIANCE HOSPITALS, INC",220001,MA,READM-30-CABG-HRRP,466,0.8841,11.5702,13.0865,48,01-07-2019,30-06-2022
"HEALTHALLIANCE HOSPITALS, INC",220001,MA,READM-30-AMI-HRRP,375,0.9795,17.1817,17.5416,63,01-07-2019,30-06-2022
MOUNT AUBURN HOSPITAL,220002,MA,READM-30-HIP-KNEE-HRRP,390,0.8235,17.099,20.7634,54,01-07-2019,30-06-2022
MOUNT AUBURN HOSPITAL,220002,MA,READM-30-HF-HRRP,124,0.9928,21.3619,21.5174,26,01-07-2019,30-06-2022
MOUNT AUBURN HOSPITAL,220002,MA,READM-30-CABG-HRRP,205,0.8851,11.6609,13.1753,18,01-07-2019,30-06-2022
MOUNT AUBURN HOSPITAL,220002,MA,READM-30-AMI-HRRP,397,1.0584,18.4019,17.3867,77,01-07-2019,30-06-2022
STURDY MEMORIAL HOSPITAL,220008,MA,READM-30-HIP-KNEE-HRRP,354,1.0032,19.715,19.653,70,01-07-2019,30-06-2022
STURDY MEMORIAL HOSPITAL,220008,MA,READM-30-HF-HRRP,105,1.0119,18.3189,18.1032,20,01-07-2019,30-06-2022
STURDY MEMORIAL HOSPITAL,220008,MA,READM-30-CABG-HRRP,178,0.8902,11.586,13.0146,15,01-07-2019,30-06-2022
LAWRENCE GENERAL HOSPITAL,220010,MA,READM-30-PN-HRRP,118,0.9949,17.2491,17.3373,20,01-07-2019,30-06-2022
LAWRENCE GENERAL HOSPITAL,220010,MA,READM-30-HF-HRRP,301,0.9511,19.0408,20.0202,54,01-07-2019,30-06-2022
LAWRENCE GENERAL HOSPITAL,220010,MA,READM-30-COPD-HRRP,54,1.0623,20.509,19.3071,15,01-07-2019,30-06-2022
LAWRENCE GENERAL HOSPITAL,220010,MA,READM-30-AMI-HRRP,177,0.9348,13.1616,14.08,20,01-07-2019,30-06-2022
CAMBRIDGE HEALTH ALLIANCE,220011,MA,READM-30-PN-HRRP,342,1.1334,19.3664,17.0875,75,01-07-2019,30-06-2022
CAMBRIDGE HEALTH ALLIANCE,220011,MA,READM-30-HF-HRRP,389,0.9965,20.3681,20.4389,79,01-07-2019,30-06-2022
CAMBRIDGE HEALTH ALLIANCE,220011,MA,READM-30-COPD-HRRP,86,0.9583,18.3411,19.139,13,01-07-2019,30-06-2022
CAMBRIDGE HEALTH ALLIANCE,220011,MA,READM-30-AMI-HRRP,144,1.1384,16.9725,14.9093,31,01-07-2019,30-06-2022
CAPE COD HEALTHCARE,220012,MA,READM-30-PN-HRRP,112,0.9852,15.1796,15.4082,16,01-07-2019,30-06-2022
CAPE COD HEALTHCARE,220012,MA,READM-30-HIP-KNEE-HRRP,101,0.9704,18.7696,19.3414,17,01-07-2019,30-06-2022
CAPE COD HEALTHCARE,220012,MA,READM-30-HF-HRRP,44,1.0395,19.1904,18.4618,11,01-07-2019,30-06-2022
CAPE COD HEALTHCARE,220012,MA,READM-30-COPD-HRRP,128,1.013,19.5953,19.344,26,01-07-2019,30-06-2022
CAPE COD HEALTHCARE,220012,MA,READM-30-CABG-HRRP,160,0.8954,19.661,21.9574,24,01-07-2019,30-06-2022
CAPE COD HEALTHCARE,220012,MA,READM-30-AMI-HRRP,73,0.984,22.0425,22.4006,15,01-07-2019,30-06-2022
"COOLEY DICKINSON HOSPITAL INC,THE",220015,MA,READM-30-HIP-KNEE-HRRP,81,1.0598,16.117,15.207,16,01-07-2019,30-06-2022
"COOLEY DICKINSON HOSPITAL INC,THE",220015,MA,READM-30-HF-HRRP,352,0.8668,14.9592,17.2588,43,01-07-2019,30-06-2022
"COOLEY DICKINSON HOSPITAL INC,THE",220015,MA,READM-30-COPD-HRRP,376,0.8978,3.8958,4.3391,13,01-07-2019,30-06-2022
"COOLEY DICKINSON HOSPITAL INC,THE",220015,MA,READM-30-CABG-HRRP,1070,0.8679,17.9752,20.7107,183,01-07-2019,30-06-2022
"COOLEY DICKINSON HOSPITAL INC,THE",220015,MA,READM-30-AMI-HRRP,126,0.9352,19.4251,20.772,20,01-07-2019,30-06-2022
BAYSTATE FRANKLIN MEDICAL CENTER,220016,MA,READM-30-PN-HRRP,239,1.0194,11.0708,10.8597,27,01-07-2019,30-06-2022
BAYSTATE FRANKLIN MEDICAL CENTER,220016,MA,READM-30-HIP-KNEE-HRRP,606,0.8552,11.47,13.4116,62,01-07-2019,30-06-2022
BAYSTATE FRANKLIN MEDICAL CENTER,220016,MA,READM-30-HF-HRRP,201,0.9758,17.2556,17.6833,33,01-07-2019,30-06-2022
BAYSTATE FRANKLIN MEDICAL CENTER,220016,MA,READM-30-CABG-HRRP,369,1.0108,21.752,21.52,81,01-07-2019,30-06-2022
BAYSTATE FRANKLIN MEDICAL CENTER,220016,MA,READM-30-AMI-HRRP,125,0.8951,16.8532,18.8281,14,01-07-2019,30-06-2022
CARNEY HOSPITAL,220017,MA,READM-30-HIP-KNEE-HRRP,128,0.9398,13.3095,14.1622,14,01-07-2019,30-06-2022
CARNEY HOSPITAL,220017,MA,READM-30-HF-HRRP,174,0.9584,16.0338,16.7295,25,01-07-2019,30-06-2022
CARNEY HOSPITAL,220017,MA,READM-30-COPD-HRRP,307,1.0442,21.5212,20.6096,69,01-07-2019,30-06-2022
CARNEY HOSPITAL,220017,MA,READM-30-CABG-HRRP,128,1.0235,19.122,18.6823,26,01-07-2019,30-06-2022
UMASS MEMORIAL HEALTH - HARRINGTON HOSPITAL,220019,MA,READM-30-PN-HRRP,138,1.1118,15.0698,13.5544,26,01-07-2019,30-06-2022
UMASS MEMORIAL HEALTH - HARRINGTON HOSPITAL,220019,MA,READM-30-HIP-KNEE-HRRP,166,1.0522,17.7779,16.8954,33,01-07-2019,30-06-2022
UMASS MEMORIAL HEALTH - HARRINGTON HOSPITAL,220019,MA,READM-30-HF-HRRP,198,0.9409,18.1677,19.3091,32,01-07-2019,30-06-2022
UMASS MEMORIAL HEALTH - HARRINGTON HOSPITAL,220019,MA,READM-30-CABG-HRRP,211,0.978,17.3147,17.7038,35,01-07-2019,30-06-2022
SAINT ANNE'S HOSPITAL,220020,MA,READM-30-PN-HRRP,434,1.0196,21.5865,21.1717,95,01-07-2019,30-06-2022
SAINT ANNE'S HOSPITAL,220020,MA,READM-30-HIP-KNEE-HRRP,123,0.9387,17.9482,19.1193,18,01-07-2019,30-06-2022
SAINT ANNE'S HOSPITAL,220020,MA,READM-30-HF-HRRP,125,0.9838,13.4461,13.667,16,01-07-2019,30-06-2022
SAINT ANNE'S HOSPITAL,220020,MA,READM-30-COPD-HRRP,232,1.0292,16.3978,15.9325,40,01-07-2019,30-06-2022
SAINT ANNE'S HOSPITAL,220020,MA,READM-30-AMI-HRRP,271,0.8909,18.6963,20.987,43,01-07-2019,30-06-2022
HOLYOKE MEDICAL CENTER,220024,MA,READM-30-PN-HRRP,80,1.0389,21.7755,20.9602,20,01-07-2019,30-06-2022
HOLYOKE MEDICAL CENTER,220024,MA,READM-30-HF-HRRP,105,1.099,14.6198,13.3024,20,01-07-2019,30-06-2022
HOLYOKE MEDICAL CENTER,220024,MA,READM-30-COPD-HRRP,95,1.0016,14.6285,14.6057,14,01-07-2019,30-06-2022
ANNA JAQUES HOSPITAL,220029,MA,READM-30-HF-HRRP,127,0.9665,16.7992,17.3816,19,01-07-2019,30-06-2022
ANNA JAQUES HOSPITAL,220029,MA,READM-30-CABG-HRRP,137,1.0183,20.2912,19.9271,29,01-07-2019,30-06-2022
BAYSTATE WING HOSPITAL,220030,MA,READM-30-PN-HRRP,250,1.0322,17.5217,16.9756,46,01-07-2019,30-06-2022
BAYSTATE WING HOSPITAL,220030,MA,READM-30-HF-HRRP,322,0.9759,18.8226,19.2867,59,01-07-2019,30-06-2022
BAYSTATE WING HOSPITAL,220030,MA,READM-30-COPD-HRRP,86,0.9649,16.587,17.1901,12,01-07-2019,30-06-2022
BAYSTATE WING HOSPITAL,220030,MA,READM-30-AMI-HRRP,74,1.0549,15.2951,14.4997,14,01-07-2019,30-06-2022
BOSTON MEDICAL CENTER,220031,MA,READM-30-PN-HRRP,196,0.9572,17.9067,18.708,32,01-07-2019,30-06-2022
BOSTON MEDICAL CENTER,220031,MA,READM-30-HF-HRRP,276,0.9859,20.6373,20.9328,56,01-07-2019,30-06-2022
BOSTON MEDICAL CENTER,220031,MA,READM-30-COPD-HRRP,77,0.9646,21.4229,22.2094,14,01-07-2019,30-06-2022
NORTHEAST HOSPITAL CORPORATION,220033,MA,READM-30-PN-HRRP,374,1.007,17.5169,17.3944,66,01-07-2019,30-06-2022
NORTHEAST HOSPITAL CORPORATION,220033,MA,READM-30-HIP-KNEE-HRRP,632,0.8773,17.9792,20.4948,105,01-07-2019,30-06-2022
NORTHEAST HOSPITAL CORPORATION,220033,MA,READM-30-HF-HRRP,261,1.1229,23.0149,20.496,68,01-07-2019,30-06-2022
NORTHEAST HOSPITAL CORPORATION,220033,MA,READM-30-COPD-HRRP,76,1.2048,12.8102,10.6326,15,01-07-2019,30-06-2022
NORTHEAST HOSPITAL CORPORATION,220033,MA,READM-30-CABG-HRRP,178,1.1339,14.006,12.3516,31,01-07-2019,30-06-2022
NORTHEAST HOSPITAL CORPORATION,220033,MA,READM-30-AMI-HRRP,211,0.9568,16.6076,17.3578,32,01-07-2019,30-06-2022
NORTH SHORE MEDICAL CENTER -,220035,MA,READM-30-PN-HRRP,312,0.9653,18.6973,19.3701,56,01-07-2019,30-06-2022
NORTH SHORE MEDICAL CENTER -,220035,MA,READM-30-HIP-KNEE-HRRP,125,0.9744,18.1509,18.6278,21,01-07-2019,30-06-2022
NORTH SHORE MEDICAL CENTER -,220035,MA,READM-30-HF-HRRP,163,0.8944,11.3034,12.6376,13,01-07-2019,30-06-2022
NORTH SHORE MEDICAL CENTER -,220035,MA,READM-30-CABG-HRRP,52,1.0377,20.2718,19.5357,13,01-07-2019,30-06-2022
ST ELIZABETH'S MEDICAL CENTER,220036,MA,READM-30-PN-HRRP,494,1.0849,19.6827,18.1429,103,01-07-2019,30-06-2022
ST ELIZABETH'S MEDICAL CENTER,220036,MA,READM-30-HF-HRRP,487,1.0616,21.1489,19.9224,107,01-07-2019,30-06-2022
ST ELIZABETH'S MEDICAL CENTER,220036,MA,READM-30-COPD-HRRP,145,0.9734,19.8477,20.3907,27,01-07-2019,30-06-2022
ST ELIZABETH'S MEDICAL CENTER,220036,MA,READM-30-AMI-HRRP,187,0.8973,12.4548,13.8802,18,01-07-2019,30-06-2022
BERKSHIRE MEDICAL CENTER,220046,MA,READM-30-HF-HRRP,79,1.0907,20.5827,18.8713,22,01-07-2019,30-06-2022
BERKSHIRE MEDICAL CENTER,220046,MA,READM-30-COPD-HRRP,67,1.0023,16.1826,16.145,11,01-07-2019,30-06-2022
BERKSHIRE MEDICAL CENTER,220046,MA,READM-30-AMI-HRRP,114,1.018,20.0188,19.6644,24,01-07-2019,30-06-2022
UMASS MEMORIAL HEALTHCARE-MARLBOROUGH HOSPITAL,220049,MA,READM-30-HIP-KNEE-HRRP,454,0.9916,15.9846,16.1199,72,01-07-2019,30-06-2022
UMASS MEMORIAL HEALTHCARE-MARLBOROUGH HOSPITAL,220049,MA,READM-30-COPD-HRRP,621,1.0172,20.9108,20.5574,131,01-07-2019,30-06-2022
UMASS MEMORIAL HEALTHCARE-MARLBOROUGH HOSPITAL,220049,MA,READM-30-CABG-HRRP,182,1.0308,21.4029,20.7629,41,01-07-2019,30-06-2022
SIGNATURE HEALTHCARE BROCKTON HOSPITAL,220052,MA,READM-30-PN-HRRP,210,1.0528,14.0384,13.3343,32,01-07-2019,30-06-2022
SIGNATURE HEALTHCARE BROCKTON HOSPITAL,220052,MA,READM-30-HIP-KNEE-HRRP,104,0.9943,15.7528,15.8427,16,01-07-2019,30-06-2022
SIGNATURE HEALTHCARE BROCKTON HOSPITAL,220052,MA,READM-30-COPD-HRRP,201,0.9767,18.6802,19.1264,36,01-07-2019,30-06-2022
BETH ISRAEL DEACONESS HOSPITAL PLYMOUTH,220060,MA,READM-30-PN-HRRP,431,0.9794,17.7381,18.1114,75,01-07-2019,30-06-2022
BETH ISRAEL DEACONESS HOSPITAL PLYMOUTH,220060,MA,READM-30-HF-HRRP,503,0.933,20.0095,21.4454,96,01-07-2019,30-06-2022
BETH ISRAEL DEACONESS HOSPITAL PLYMOUTH,220060,MA,READM-30-COPD-HRRP,192,1.0076,21.0916,20.9331,41,01-07-2019,30-06-2022
BETH ISRAEL DEACONESS HOSPITAL PLYMOUTH,220060,MA,READM-30-AMI-HRRP,289,0.9567,13.9109,14.5412,38,01-07-2019,30-06-2022
ADCARE HOSPITAL OF WORCESTER INC,220062,MA,READM-30-PN-HRRP,135,0.9702,16.3465,16.8482,20,01-07-2019,30-06-2022
ADCARE HOSPITAL OF WORCESTER INC,220062,MA,READM-30-HIP-KNEE-HRRP,174,0.9859,19.5078,19.7866,33,01-07-2019,30-06-2022
ADCARE HOSPITAL OF WORCESTER INC,220062,MA,READM-30-HF-HRRP,93,1.0348,21.1727,20.4604,22,01-07-2019,30-06-2022
ADCARE HOSPITAL OF WORCESTER INC,220062,MA,READM-30-CABG-HRRP,346,0.9839,16.2167,16.4829,55,01-07-2019,30-06-2022
LOWELL GENERAL HOSPITAL,220063,MA,READM-30-PN-HRRP,403,0.9975,19.8926,19.9425,80,01-07-2019,30-06-2022
LOWELL GENERAL HOSPITAL,220063,MA,READM-30-HIP-KNEE-HRRP,90,0.9483,19.4353,20.4949,14,01-07-2019,30-06-2022
LOWELL GENERAL HOSPITAL,220063,MA,READM-30-COPD-HRRP,137,0.9733,11.8927,12.2188,15,01-07-2019,30-06-2022
LOWELL GENERAL HOSPITAL,220063,MA,READM-30-AMI-HRRP,85,0.9751,18.4012,18.8719,14,01-07-2019,30-06-2022
BAYSTATE NOBLE HOSPITAL,220065,MA,READM-30-HIP-KNEE-HRRP,52,1.0564,16.0639,15.2059,12,01-07-2019,30-06-2022
BAYSTATE NOBLE HOSPITAL,220065,MA,READM-30-COPD-HRRP,65,1.0249,17.5831,17.1557,13,01-07-2019,30-06-2022
MERCY MEDICAL CTR,220066,MA,READM-30-PN-HRRP,142,0.9619,19.4187,20.1877,25,01-07-2019,30-06-2022
MERCY MEDICAL CTR,220066,MA,READM-30-CABG-HRRP,506,1.11,17.9438,16.1653,98,01-07-2019,30-06-2022
MELROSEWAKEFIELD HEALTHCARE,220070,MA,READM-30-PN-HRRP,890,1.0401,20.1556,19.3783,182,01-07-2019,30-06-2022
MELROSEWAKEFIELD HEALTHCARE,220070,MA,READM-30-HIP-KNEE-HRRP,209,1.0394,18.9045,18.1871,42,01-07-2019,30-06-2022
MELROSEWAKEFIELD HEALTHCARE,220070,MA,READM-30-HF-HRRP,112,1.0267,11.8378,11.5305,14,01-07-2019,30-06-2022
MELROSEWAKEFIELD HEALTHCARE,220070,MA,READM-30-COPD-HRRP,332,1.0586,14.2183,13.4309,50,01-07-2019,30-06-2022
MELROSEWAKEFIELD HEALTHCARE,220070,MA,READM-30-CABG-HRRP,163,0.9631,18.1671,18.8623,27,01-07-2019,30-06-2022
MELROSEWAKEFIELD HEALTHCARE,220070,MA,READM-30-AMI-HRRP,212,0.9389,20.403,21.7296,39,01-07-2019,30-06-2022
MASSACHUSETTS GENERAL HOSPITAL,220071,MA,READM-30-PN-HRRP,111,0.9433,19.6704,20.8517,18,01-07-2019,30-06-2022
MASSACHUSETTS GENERAL HOSPITAL,220071,MA,READM-30-HIP-KNEE-HRRP,111,0.9297,13.0894,14.0796,11,01-07-2019,30-06-2022
MASSACHUSETTS GENERAL HOSPITAL,220071,MA,READM-30-HF-HRRP,190,0.9688,15.8633,16.3744,28,01-07-2019,30-06-2022
MASSACHUSETTS GENERAL HOSPITAL,220071,MA,READM-30-CABG-HRRP,243,0.9577,18.4442,19.2592,42,01-07-2019,30-06-2022
MASSACHUSETTS GENERAL HOSPITAL,220071,MA,READM-30-AMI-HRRP,102,0.9941,19.0032,19.1152,19,01-07-2019,30-06-2022
MORTON HOSPITAL,220073,MA,READM-30-HIP-KNEE-HRRP,133,0.9608,12.7256,13.2451,15,01-07-2019,30-06-2022
MORTON HOSPITAL,220073,MA,READM-30-HF-HRRP,257,1.0337,17.4018,16.834,47,01-07-2019,30-06-2022
MORTON HOSPITAL,220073,MA,READM-30-CABG-HRRP,389,0.9706,19.7906,20.3904,75,01-07-2019,30-06-2022
MORTON HOSPITAL,220073,MA,READM-30-AMI-HRRP,110,0.945,16.9026,17.8865,15,01-07-2019,30-06-2022
SOUTHCOAST HOSPITALS GROUP,220074,MA,READM-30-HIP-KNEE-HRRP,98,1.0904,15.0432,13.796,19,01-07-2019,30-06-2022
SOUTHCOAST HOSPITALS GROUP,220074,MA,READM-30-HF-HRRP,108,1.0125,14.0664,13.8929,16,01-07-2019,30-06-2022
SOUTHCOAST HOSPITALS GROUP,220074,MA,READM-30-COPD-HRRP,126,0.9399,16.6414,17.7058,17,01-07-2019,30-06-2022
SOUTHCOAST HOSPITALS GROUP,220074,MA,READM-30-AMI-HRRP,139,1.0029,17.1214,17.0714,24,01-07-2019,30-06-2022
MASSACHUSETTS EYE AND EAR INFIRMARY -,220075,MA,READM-30-HIP-KNEE-HRRP,282,0.9634,20.0315,20.7915,54,01-07-2019,30-06-2022
MASSACHUSETTS EYE AND EAR INFIRMARY -,220075,MA,READM-30-HF-HRRP,100,0.9015,18.8409,20.9002,12,01-07-2019,30-06-2022
MASSACHUSETTS EYE AND EAR INFIRMARY -,220075,MA,READM-30-CABG-HRRP,313,0.9828,17.3153,17.6175,53,01-07-2019,30-06-2022
BAYSTATE MEDICAL CENTER,220077,MA,READM-30-PN-HRRP,492,1.1636,23.7059,20.3732,127,01-07-2019,30-06-2022
BAYSTATE MEDICAL CENTER,220077,MA,READM-30-HIP-KNEE-HRRP,121,1.0002,18.9998,18.9968,23,01-07-2019,30-06-2022
BAYSTATE MEDICAL CENTER,220077,MA,READM-30-COPD-HRRP,274,0.9899,13.3181,13.4534,36,01-07-2019,30-06-2022
BAYSTATE MEDICAL CENTER,220077,MA,READM-30-CABG-HRRP,127,0.9542,15.902,16.666,17,01-07-2019,30-06-2022
HOLY FAMILY HOSPITAL,220080,MA,READM-30-PN-HRRP,154,1.1135,21.313,19.1412,40,01-07-2019,30-06-2022
HOLY FAMILY HOSPITAL,220080,MA,READM-30-HIP-KNEE-HRRP,113,1.0101,18.0161,17.8355,21,01-07-2019,30-06-2022
HOLY FAMILY HOSPITAL,220080,MA,READM-30-COPD-HRRP,445,1.0093,18.5059,18.3356,83,01-07-2019,30-06-2022
HOLY FAMILY HOSPITAL,220080,MA,READM-30-AMI-HRRP,611,0.8747,19.3151,22.0832,109,01-07-2019,30-06-2022
BETH ISRAEL DEACONESS HOSPITAL - NEEDHAM,220083,MA,READM-30-PN-HRRP,174,0.9079,18.5742,20.4588,26,01-07-2019,30-06-2022
BETH ISRAEL DEACONESS HOSPITAL - NEEDHAM,220083,MA,READM-30-HF-HRRP,180,1.0479,15.3628,14.6601,30,01-07-2019,30-06-2022
BETH ISRAEL DEACONESS HOSPITAL - NEEDHAM,220083,MA,READM-30-COPD-HRRP,562,0.9969,18.3666,18.4244,103,01-07-2019,30-06-2022
BETH ISRAEL DEACONESS HOSPITAL - NEEDHAM,220083,MA,READM-30-AMI-HRRP,729,0.9731,20.6914,21.264,149,01-07-2019,30-06-2022
EMERSON HOSPITAL -,220084,MA,READM-30-PN-HRRP,197,0.9532,18.8571,19.7821,34,01-07-2019,30-06-2022
EMERSON HOSPITAL -,220084,MA,READM-30-HIP-KNEE-HRRP,225,0.9159,10.4283,11.3862,21,01-07-2019,30-06-2022
EMERSON HOSPITAL -,220084,MA,READM-30-HF-HRRP,454,0.9228,12.3104,13.3401,52,01-07-2019,30-06-2022
EMERSON HOSPITAL -,220084,MA,READM-30-COPD-HRRP,214,1.0112,16.4683,16.2852,36,01-07-2019,30-06-2022
EMERSON HOSPITAL -,220084,MA,READM-30-AMI-HRRP,295,1.0609,20.6988,19.511,65,01-07-2019,30-06-2022
BETH ISRAEL DEACONESS MEDICAL CENTER,220086,MA,READM-30-PN-HRRP,109,0.9442,16.1471,17.1012,14,01-07-2019,30-06-2022
BETH ISRAEL DEACONESS MEDICAL CENTER,220086,MA,READM-30-HIP-KNEE-HRRP,78,1.1172,10.228,9.1553,11,01-07-2019,30-06-2022
BETH ISRAEL DEACONESS MEDICAL CENTER,220086,MA,READM-30-HF-HRRP,142,0.9028,11.9483,13.2347,12,01-07-2019,30-06-2022
BETH ISRAEL DEACONESS MEDICAL CENTER,220086,MA,READM-30-AMI-HRRP,254,1.1058,18.141,16.4049,53,01-07-2019,30-06-2022
NEW ENGLAND BAPTIST HOSPITAL,220088,MA,READM-30-HIP-KNEE-HRRP,345,1.016,19.9824,19.667,70,01-07-2019,30-06-2022
NEW ENGLAND BAPTIST HOSPITAL,220088,MA,READM-30-HF-HRRP,136,1.0533,19.5687,18.5785,30,01-07-2019,30-06-2022
NEW ENGLAND BAPTIST HOSPITAL,220088,MA,READM-30-CABG-HRRP,139,1.1652,14.0733,12.078,27,01-07-2019,30-06-2022
NEW ENGLAND BAPTIST HOSPITAL,220088,MA,READM-30-AMI-HRRP,136,0.9839,17.7503,18.0408,23,01-07-2019,30-06-2022
MILFORD REGIONAL MEDICAL CENTER,220090,MA,READM-30-PN-HRRP,230,1.0575,22.2494,21.0398,55,01-07-2019,30-06-2022
MILFORD REGIONAL MEDICAL CENTER,220090,MA,READM-30-HIP-KNEE-HRRP,58,1.0107,19.5045,19.2988,12,01-07-2019,30-06-2022
MILFORD REGIONAL MEDICAL CENTER,220090,MA,READM-30-HF-HRRP,186,0.994,17.4264,17.5309,32,01-07-2019,30-06-2022
MILFORD REGIONAL MEDICAL CENTER,220090,MA,READM-30-COPD-HRRP,261,1.0389,20.4816,19.7141,56,01-07-2019,30-06-2022
MILFORD REGIONAL MEDICAL CENTER,220090,MA,READM-30-CABG-HRRP,97,1.0065,17.1042,16.9939,17,01-07-2019,30-06-2022
HEYWOOD HOSPITAL,220095,MA,READM-30-PN-HRRP,122,1.1089,14.6849,13.2428,23,01-07-2019,30-06-2022
HEYWOOD HOSPITAL,220095,MA,READM-30-HIP-KNEE-HRRP,357,1.094,18.9665,17.3364,74,01-07-2019,30-06-2022
HEYWOOD HOSPITAL,220095,MA,READM-30-COPD-HRRP,634,1.0144,20.6686,20.3744,132,01-07-2019,30-06-2022
HEYWOOD HOSPITAL,220095,MA,READM-30-CABG-HRRP,199,0.9221,17.7041,19.2005,30,01-07-2019,30-06-2022
NASHOBA VALLEY MEDICAL CENTER,220098,MA,READM-30-PN-HRRP,223,1.0457,14.2515,13.6286,34,01-07-2019,30-06-2022
NASHOBA VALLEY MEDICAL CENTER,220098,MA,READM-30-HIP-KNEE-HRRP,147,0.9928,16.6632,16.7848,24,01-07-2019,30-06-2022
NASHOBA VALLEY MEDICAL CENTER,220098,MA,READM-30-HF-HRRP,188,1.0019,20.1447,20.1063,38,01-07-2019,30-06-2022
NASHOBA VALLEY MEDICAL CENTER,220098,MA,READM-30-COPD-HRRP,56,1.0042,19.1543,19.0738,11,01-07-2019,30-06-2022
NASHOBA VALLEY MEDICAL CENTER,220098,MA,READM-30-AMI-HRRP,273,0.9399,16.1978,17.2335,40,01-07-2019,30-06-2022
SOUTH SHORE HOSPITAL,220100,MA,READM-30-HIP-KNEE-HRRP,559,1.1537,24.0055,20.8073,144,01-07-2019,30-06-2022
SOUTH SHORE HOSPITAL,220100,MA,READM-30-HF-HRRP,121,1.0904,21.7185,19.918,32,01-07-2019,30-06-2022
SOUTH SHORE HOSPITAL,220100,MA,READM-30-COPD-HRRP,103,1.0617,11.9653,11.2696,14,01-07-2019,30-06-2022
SOUTH SHORE HOSPITAL,220100,MA,READM-30-CABG-HRRP,244,1.0936,14.9967,13.7126,41,01-07-2019,30-06-2022
NEWTON-WELLESLEY HOSPITAL,220101,MA,READM-30-HIP-KNEE-HRRP,86,1.0141,17.4705,17.2275,16,01-07-2019,30-06-2022
NEWTON-WELLESLEY HOSPITAL,220101,MA,READM-30-HF-HRRP,179,1.2148,5.5935,4.6044,13,01-07-2019,30-06-2022
NEWTON-WELLESLEY HOSPITAL,220101,MA,READM-30-COPD-HRRP,155,1.0504,20.4682,19.4858,35,01-07-2019,30-06-2022
NEWTON-WELLESLEY HOSPITAL,220101,MA,READM-30-CABG-HRRP,65,1.0008,18.3856,18.3716,12,01-07-2019,30-06-2022
NEWTON-WELLESLEY HOSPITAL,220101,MA,READM-30-AMI-HRRP,392,0.9411,15.3334,16.2932,56,01-07-2019,30-06-2022
WINCHESTER HOSPITAL,220105,MA,READM-30-HIP-KNEE-HRRP,491,0.9244,17.9488,19.4176,83,01-07-2019,30-06-2022
WINCHESTER HOSPITAL,220105,MA,READM-30-HF-HRRP,140,0.9759,18.2648,18.7152,24,01-07-2019,30-06-2022
WINCHESTER HOSPITAL,220105,MA,READM-30-CABG-HRRP,279,0.9885,11.6656,11.801,32,01-07-2019,30-06-2022
WINCHESTER HOSPITAL,220105,MA,READM-30-AMI-HRRP,297,1.0204,19.0467,18.6667,58,01-07-2019,30-06-2022
BETH ISRAEL DEACONESS HOSPITAL - MILTON,220108,MA,READM-30-PN-HRRP,176,1.0828,5.5465,5.1226,11,01-07-2019,30-06-2022
BETH ISRAEL DEACONESS HOSPITAL - MILTON,220108,MA,READM-30-HIP-KNEE-HRRP,852,0.9012,20.1921,22.4068,165,01-07-2019,30-06-2022
BETH ISRAEL DEACONESS HOSPITAL - MILTON,220108,MA,READM-30-HF-HRRP,193,1.0093,21.4363,21.2393,42,01-07-2019,30-06-2022
BETH ISRAEL DEACONESS HOSPITAL - MILTON,220108,MA,READM-30-CABG-HRRP,234,0.9886,13.9169,14.0776,32,01-07-2019,30-06-2022
BETH ISRAEL DEACONESS HOSPITAL - MILTON,220108,MA,READM-30-AMI-HRRP,312,1.0396,17.731,17.0551,58,01-07-2019,30-06-2022
BRIGHAM AND WOMEN'S HOSPITAL,220110,MA,READM-30-PN-HRRP,293,0.9462,20.0364,21.1749,55,01-07-2019,30-06-2022
BRIGHAM AND WOMEN'S HOSPITAL,220110,MA,READM-30-HIP-KNEE-HRRP,153,1.0057,19.3678,19.2581,30,01-07-2019,30-06-2022
BRIGHAM AND WOMEN'S HOSPITAL,220110,MA,READM-30-COPD-HRRP,95,0.9783,13.7751,14.0813,12,01-07-2019,30-06-2022
GOOD SAMARITAN MEDICAL CENTER,220111,MA,READM-30-PN-HRRP,36,1.0562,20.4708,19.3808,11,01-07-2019,30-06-2022
GOOD SAMARITAN MEDICAL CENTER,220111,MA,READM-30-HIP-KNEE-HRRP,141,0.9566,14.1337,14.7751,17,01-07-2019,30-06-2022
GOOD SAMARITAN MEDICAL CENTER,220111,MA,READM-30-COPD-HRRP,178,0.995,19.289,19.3868,34,01-07-2019,30-06-2022
GOOD SAMARITAN MEDICAL CENTER,220111,MA,READM-30-AMI-HRRP,223,0.9372,16.8188,17.9458,33,01-07-2019,30-06-2022
TUFTS MEDICAL CENTER,220116,MA,READM-30-HIP-KNEE-HRRP,264,1.0141,20.4778,20.1926,55,01-07-2019,30-06-2022
TUFTS MEDICAL CENTER,220116,MA,READM-30-HF-HRRP,119,1.0156,18.4927,18.209,23,01-07-2019,30-06-2022
TUFTS MEDICAL CENTER,220116,MA,READM-30-CABG-HRRP,161,0.9633,12.9311,13.4238,19,01-07-2019,30-06-2022
TUFTS MEDICAL CENTER,220116,MA,READM-30-AMI-HRRP,418,0.9454,15.9851,16.9074,63,01-07-2019,30-06-2022
FAULKNER HOSPITAL-BRIGHAM AND WOMEN'S,220119,MA,READM-30-HIP-KNEE-HRRP,386,0.9541,19.2006,20.1248,71,01-07-2019,30-06-2022
FAULKNER HOSPITAL-BRIGHAM AND WOMEN'S,220119,MA,READM-30-HF-HRRP,131,0.9762,17.9793,18.4171,22,01-07-2019,30-06-2022
FAULKNER HOSPITAL-BRIGHAM AND WOMEN'S,220119,MA,READM-30-CABG-HRRP,102,0.9142,18.5843,20.3294,13,01-07-2019,30-06-2022
NORWOOD HOSPITAL,220126,MA,READM-30-PN-HRRP,185,0.994,15.8963,15.9921,29,01-07-2019,30-06-2022
NORWOOD HOSPITAL,220126,MA,READM-30-HF-HRRP,260,0.8832,16.5387,18.7248,35,01-07-2019,30-06-2022
NORWOOD HOSPITAL,220126,MA,READM-30-COPD-HRRP,101,0.978,16.2299,16.5947,15,01-07-2019,30-06-2022
NORWOOD HOSPITAL,220126,MA,READM-30-AMI-HRRP,138,1.0957,13.456,12.2809,23,01-07-2019,30-06-2022
FALMOUTH HOSPITAL,220135,MA,READM-30-PN-HRRP,175,0.9991,18.8938,18.9111,33,01-07-2019,30-06-2022
FALMOUTH HOSPITAL,220135,MA,READM-30-HIP-KNEE-HRRP,142,0.9703,20.4358,21.0617,27,01-07-2019,30-06-2022
FALMOUTH HOSPITAL,220135,MA,READM-30-HF-HRRP,49,1.0078,21.3693,21.2037,11,01-07-2019,30-06-2022
FALMOUTH HOSPITAL,220135,MA,READM-30-CABG-HRRP,338,1.0323,16.8168,16.2913,59,01-07-2019,30-06-2022
UMASS MEMORIAL MEDICAL CENTER/UNIVERSITY CAMPUS,220163,MA,READM-30-PN-HRRP,567,1.0384,19.6686,18.9412,114,01-07-2019,30-06-2022
UMASS MEMORIAL MEDICAL CENTER/UNIVERSITY CAMPUS,220163,MA,READM-30-HIP-KNEE-HRRP,149,1.0077,18.4596,18.3181,28,01-07-2019,30-06-2022
UMASS MEMORIAL MEDICAL CENTER/UNIVERSITY CAMPUS,220163,MA,READM-30-COPD-HRRP,191,1.0169,13.1877,12.9691,26,01-07-2019,30-06-2022
UMASS MEMORIAL MEDICAL CENTER/UNIVERSITY CAMPUS,220163,MA,READM-30-CABG-HRRP,59,1.0117,17.2977,17.0984,11,01-07-2019,30-06-2022
"LAHEY HOSPITAL & MEDICAL CENTER, BURLINGTON",220171,MA,READM-30-HIP-KNEE-HRRP,125,0.9446,16.7237,17.7051,17,01-07-2019,30-06-2022
"LAHEY HOSPITAL & MEDICAL CENTER, BURLINGTON",220171,MA,READM-30-HF-HRRP,84,1.0123,20.4524,20.2036,18,01-07-2019,30-06-2022
"LAHEY HOSPITAL & MEDICAL CENTER, BURLINGTON",220171,MA,READM-30-COPD-HRRP,209,0.9766,17.5314,17.9518,35,01-07-2019,30-06-2022
"LAHEY HOSPITAL & MEDICAL CENTER, BURLINGTON",220171,MA,READM-30-AMI-HRRP,351,1.063,21.6175,20.3357,80,01-07-2019,30-06-2022
METROWEST MEDICAL CENTER,220175,MA,READM-30-PN-HRRP,145,1.0539,21.0486,19.9714,34,01-07-2019,30-06-2022
METROWEST MEDICAL CENTER,220175,MA,READM-30-HIP-KNEE-HRRP,108,1.1054,13.092,11.844,17,01-07-2019,30-06-2022
METROWEST MEDICAL CENTER,220175,MA,READM-30-HF-HRRP,244,1.2492,17.927,14.3513,55,01-07-2019,30-06-2022
METROWEST MEDICAL CENTER,220175,MA,READM-30-COPD-HRRP,311,0.9464,16.0001,16.9067,46,01-07-2019,30-06-2022
METROWEST MEDICAL CENTER,220175,MA,READM-30-AMI-HRRP,532,0.9474,19.6641,20.7564,101,01-07-2019,30-06-2022
ST VINCENT HOSPITAL,220176,MA,READM-30-PN-HRRP,132,0.9877,18.0286,18.2524,23,01-07-2019,30-06-2022
ST VINCENT HOSPITAL,220176,MA,READM-30-HF-HRRP,222,1.0325,13.7085,13.2771,32,01-07-2019,30-06-2022
ST VINCENT HOSPITAL,220176,MA,READM-30-AMI-HRRP,82,0.98,18.6941,19.0746,14,01-07-2019,30-06-2022
NANTUCKET COTTAGE HOSPITAL,220177,MA,READM-30-HF-HRRP,266,0.8864,15.5083,17.4962,33,01-07-2019,30-06-2022
NANTUCKET COTTAGE HOSPITAL,220177,MA,READM-30-CABG-HRRP,286,1.084,22.2122,20.4915,69,01-07-2019,30-06-2022
NANTUCKET COTTAGE HOSPITAL,220177,MA,READM-30-AMI-HRRP,102,0.9685,19.7149,20.356,18,01-07-2019,30-06-2022
ST JOE MERCY HOSPITAL SYSTEM LIVONIA,230002,MI,READM-30-PN-HRRP,106,0.9624,14.0659,14.6159,13,01-07-2019,30-06-2022
ST JOE MERCY HOSPITAL SYSTEM LIVONIA,230002,MI,READM-30-HIP-KNEE-HRRP,175,1.0975,19.1194,17.4202,40,01-07-2019,30-06-2022
ST JOE MERCY HOSPITAL SYSTEM LIVONIA,230002,MI,READM-30-COPD-HRRP,220,1.0719,21.0709,19.6568,51,01-07-2019,30-06-2022
ST JOE MERCY HOSPITAL SYSTEM LIVONIA,230002,MI,READM-30-CABG-HRRP,108,1.0458,20.4123,19.5185,25,01-07-2019,30-06-2022
SPECTRUM HEALTH ZEELAND COMMUNITY HOSPITAL,230003,MI,READM-30-HF-HRRP,149,1.0215,17.1427,16.7816,27,01-07-2019,30-06-2022
SPECTRUM HEALTH ZEELAND COMMUNITY HOSPITAL,230003,MI,READM-30-CABG-HRRP,248,1.0084,21.1433,20.9675,53,01-07-2019,30-06-2022
SPECTRUM HEALTH ZEELAND COMMUNITY HOSPITAL,230003,MI,READM-30-AMI-HRRP,82,1.1615,23.1866,19.9623,29,01-07-2019,30-06-2022
PROMEDICA CHARLES AND VIRGINIA HICKMAN HOSPITAL,230005,MI,READM-30-HIP-KNEE-HRRP,233,0.9813,17.3004,17.6302,39,01-07-2019,30-06-2022
PROMEDICA CHARLES AND VIRGINIA HICKMAN HOSPITAL,230005,MI,READM-30-COPD-HRRP,299,0.9568,20.0544,20.96,57,01-07-2019,30-06-2022
PROMEDICA CHARLES AND VIRGINIA HICKMAN HOSPITAL,230005,MI,READM-30-CABG-HRRP,128,1.0879,22.1252,20.3383,34,01-07-2019,30-06-2022
PONTIAC GENERAL HOSPITAL,230013,MI,READM-30-PN-HRRP,98,1.0581,13.5447,12.8014,16,01-07-2019,30-06-2022
PONTIAC GENERAL HOSPITAL,230013,MI,READM-30-HIP-KNEE-HRRP,207,1.0018,16.8483,16.8178,35,01-07-2019,30-06-2022
PONTIAC GENERAL HOSPITAL,230013,MI,READM-30-COPD-HRRP,341,0.9408,17.5838,18.6893,56,01-07-2019,30-06-2022
PONTIAC GENERAL HOSPITAL,230013,MI,READM-30-CABG-HRRP,84,0.9782,18.3594,18.7694,14,01-07-2019,30-06-2022
PONTIAC GENERAL HOSPITAL,230013,MI,READM-30-AMI-HRRP,73,1.0953,15.6905,14.3256,16,01-07-2019,30-06-2022
THREE RIVERS HEALTH,230015,MI,READM-30-PN-HRRP,161,1.0899,20.4296,18.744,39,01-07-2019,30-06-2022
THREE RIVERS HEALTH,230015,MI,READM-30-HF-HRRP,282,0.9779,20.7463,21.2141,57,01-07-2019,30-06-2022
THREE RIVERS HEALTH,230015,MI,READM-30-COPD-HRRP,55,1.0375,19.2963,18.5986,13,01-07-2019,30-06-2022
THREE RIVERS HEALTH,230015,MI,READM-30-CABG-HRRP,131,1.0626,13.1554,12.3809,19,01-07-2019,30-06-2022
THREE RIVERS HEALTH,230015,MI,READM-30-AMI-HRRP,130,1.0892,15.9294,14.6246,25,01-07-2019,30-06-2022
BRONSON METHODIST HOSPITAL,230017,MI,READM-30-PN-HRRP,219,1.1784,21.1689,17.9641,58,01-07-2019,30-06-2022
BRONSON METHODIST HOSPITAL,230017,MI,READM-30-HF-HRRP,375,0.912,18.149,19.8992,62,01-07-2019,30-06-2022
BRONSON METHODIST HOSPITAL,230017,MI,READM-30-COPD-HRRP,121,0.9932,19.3752,19.5074,23,01-07-2019,30-06-2022
BRONSON METHODIST HOSPITAL,230017,MI,READM-30-CABG-HRRP,169,1.1295,19.7671,17.5015,42,01-07-2019,30-06-2022
"ASCENSION PROVIDENCE HOSPITAL, SOUTHFIELD AND NOVI",230019,MI,READM-30-PN-HRRP,186,1.005,20.787,20.6836,39,01-07-2019,30-06-2022
"ASCENSION PROVIDENCE HOSPITAL, SOUTHFIELD AND NOVI",230019,MI,READM-30-HIP-KNEE-HRRP,83,0.9396,18.1365,19.3026,11,01-07-2019,30-06-2022
"ASCENSION PROVIDENCE HOSPITAL, SOUTHFIELD AND NOVI",230019,MI,READM-30-HF-HRRP,306,1.1113,19.7998,17.8166,68,01-07-2019,30-06-2022
"ASCENSION PROVIDENCE HOSPITAL, SOUTHFIELD AND NOVI",230019,MI,READM-30-CABG-HRRP,300,1.0183,21.5911,21.2041,66,01-07-2019,30-06-2022
"ASCENSION PROVIDENCE HOSPITAL, SOUTHFIELD AND NOVI",230019,MI,READM-30-AMI-HRRP,161,0.9755,19.6511,20.1443,30,01-07-2019,30-06-2022
BEAUMONT HOSPITAL - DEARBORN,230020,MI,READM-30-HIP-KNEE-HRRP,129,0.9944,12.6123,12.6837,16,01-07-2019,30-06-2022
BEAUMONT HOSPITAL - DEARBORN,230020,MI,READM-30-HF-HRRP,264,1.1023,19.7545,17.9211,59,01-07-2019,30-06-2022
BEAUMONT HOSPITAL - DEARBORN,230020,MI,READM-30-COPD-HRRP,371,0.9408,20.2449,21.5199,71,01-07-2019,30-06-2022
BEAUMONT HOSPITAL - DEARBORN,230020,MI,READM-30-CABG-HRRP,152,1.0251,21.9156,21.3791,35,01-07-2019,30-06-2022
BEAUMONT HOSPITAL - DEARBORN,230020,MI,READM-30-AMI-HRRP,89,1.0745,14.0398,13.0669,16,01-07-2019,30-06-2022
"LAKELAND HOSPITAL, ST JOSEPH",230021,MI,READM-30-PN-HRRP,81,1.0293,14.9233,14.4989,14,01-07-2019,30-06-2022
"LAKELAND HOSPITAL, ST JOSEPH",230021,MI,READM-30-AMI-HRRP,53,1.0192,20.27,19.8873,12,01-07-2019,30-06-2022
PROMEDICA COLDWATER REGIONAL HOSPITAL,230022,MI,READM-30-PN-HRRP,131,1.0878,19.2012,17.6511,31,01-07-2019,30-06-2022
PROMEDICA COLDWATER REGIONAL HOSPITAL,230022,MI,READM-30-HIP-KNEE-HRRP,180,1.0264,20.6998,20.1676,39,01-07-2019,30-06-2022
PROMEDICA COLDWATER REGIONAL HOSPITAL,230022,MI,READM-30-HF-HRRP,74,1.0052,19.8108,19.709,15,01-07-2019,30-06-2022
PROMEDICA COLDWATER REGIONAL HOSPITAL,230022,MI,READM-30-CABG-HRRP,345,1.0634,18.1827,17.0994,67,01-07-2019,30-06-2022
SINAI-GRACE HOSPITAL,230024,MI,READM-30-PN-HRRP,335,1.0482,20.8524,19.8938,73,01-07-2019,30-06-2022
SINAI-GRACE HOSPITAL,230024,MI,READM-30-HIP-KNEE-HRRP,168,0.9782,19.313,19.7441,31,01-07-2019,30-06-2022
SINAI-GRACE HOSPITAL,230024,MI,READM-30-HF-HRRP,130,1.0213,13.8126,13.5252,19,01-07-2019,30-06-2022
SINAI-GRACE HOSPITAL,230024,MI,READM-30-CABG-HRRP,82,1.0056,19.0695,18.9638,16,01-07-2019,30-06-2022
TRINITY HEALTH OAKLAND HOSPITAL,230029,MI,READM-30-PN-HRRP,293,0.9781,19.3048,19.7362,55,01-07-2019,30-06-2022
TRINITY HEALTH OAKLAND HOSPITAL,230029,MI,READM-30-HF-HRRP,385,1.0476,24.6045,23.4869,98,01-07-2019,30-06-2022
TRINITY HEALTH OAKLAND HOSPITAL,230029,MI,READM-30-COPD-HRRP,139,0.9311,20.706,22.2391,24,01-07-2019,30-06-2022
TRINITY HEALTH OAKLAND HOSPITAL,230029,MI,READM-30-AMI-HRRP,154,1.059,16.9261,15.9834,29,01-07-2019,30-06-2022
MYMICHIGAN MEDICAL CENTER ALMA,230030,MI,READM-30-PN-HRRP,213,0.9762,17.693,18.1246,36,01-07-2019,30-06-2022
MYMICHIGAN MEDICAL CENTER ALMA,230030,MI,READM-30-HF-HRRP,230,0.9737,19.4705,19.9969,43,01-07-2019,30-06-2022
MYMICHIGAN MEDICAL CENTER ALMA,230030,MI,READM-30-COPD-HRRP,78,0.992,19.9157,20.0757,15,01-07-2019,30-06-2022
MYMICHIGAN MEDICAL CENTER ALMA,230030,MI,READM-30-CABG-HRRP,428,0.9557,16.6133,17.3827,68,01-07-2019,30-06-2022
LAKE HURON MEDICAL CENTER,230031,MI,READM-30-PN-HRRP,771,0.9308,18.3775,19.7435,137,01-07-2019,30-06-2022
LAKE HURON MEDICAL CENTER,230031,MI,READM-30-HIP-KNEE-HRRP,134,1.019,19.2385,18.88,27,01-07-2019,30-06-2022
LAKE HURON MEDICAL CENTER,230031,MI,READM-30-COPD-HRRP,284,0.9435,12.9691,13.7462,34,01-07-2019,30-06-2022
LAKE HURON MEDICAL CENTER,230031,MI,READM-30-AMI-HRRP,92,1.0341,21.4514,20.7433,22,01-07-2019,30-06-2022
SPECTRUM HEALTH UNITED HOSPITAL,230035,MI,READM-30-HIP-KNEE-HRRP,175,1.006,17.4784,17.3748,31,01-07-2019,30-06-2022
SPECTRUM HEALTH UNITED HOSPITAL,230035,MI,READM-30-COPD-HRRP,236,1.0846,22.6504,20.8834,59,01-07-2019,30-06-2022
SPECTRUM HEALTH UNITED HOSPITAL,230035,MI,READM-30-CABG-HRRP,126,0.9805,18.46,18.8272,22,01-07-2019,30-06-2022
SPECTRUM HEALTH UNITED HOSPITAL,230035,MI,READM-30-AMI-HRRP,75,1.0064,15.5713,15.4716,12,01-07-2019,30-06-2022
MYMICHIGAN MEDICAL CENTER ALPENA,230036,MI,READM-30-PN-HRRP,165,0.9871,15.6832,15.8883,25,01-07-2019,30-06-2022
MYMICHIGAN MEDICAL CENTER ALPENA,230036,MI,READM-30-HIP-KNEE-HRRP,210,1.0081,19.2709,19.1161,41,01-07-2019,30-06-2022
MYMICHIGAN MEDICAL CENTER ALPENA,230036,MI,READM-30-HF-HRRP,74,1.1302,20.4652,18.1073,23,01-07-2019,30-06-2022
MYMICHIGAN MEDICAL CENTER ALPENA,230036,MI,READM-30-AMI-HRRP,54,1.0439,20.5844,19.7195,14,01-07-2019,30-06-2022
HILLSDALE HOSPITAL,230037,MI,READM-30-HF-HRRP,559,0.9289,15.2054,16.3697,80,01-07-2019,30-06-2022
HILLSDALE HOSPITAL,230037,MI,READM-30-CABG-HRRP,714,1.0655,20.0014,18.7719,147,01-07-2019,30-06-2022
HILLSDALE HOSPITAL,230037,MI,READM-30-AMI-HRRP,180,1.0314,18.3394,17.7815,35,01-07-2019,30-06-2022
SPECTRUM HEALTH,230038,MI,READM-30-PN-HRRP,143,0.9175,9.3585,10.1999,11,01-07-2019,30-06-2022
SPECTRUM HEALTH,230038,MI,READM-30-HIP-KNEE-HRRP,335,0.9807,12.5197,12.7662,41,01-07-2019,30-06-2022
SPECTRUM HEALTH,230038,MI,READM-30-HF-HRRP,250,1.1048,20.7634,18.7931,59,01-07-2019,30-06-2022
SPECTRUM HEALTH,230038,MI,READM-30-COPD-HRRP,381,0.9162,5.6117,6.1247,20,01-07-2019,30-06-2022
SPECTRUM HEALTH,230038,MI,READM-30-CABG-HRRP,1175,0.9453,20.4076,21.5886,236,01-07-2019,30-06-2022
SPECTRUM HEALTH,230038,MI,READM-30-AMI-HRRP,142,1.0048,20.8973,20.7973,30,01-07-2019,30-06-2022
MCLAREN BAY REGION,230041,MI,READM-30-PN-HRRP,330,0.9195,9.4958,10.3275,29,01-07-2019,30-06-2022
MCLAREN BAY REGION,230041,MI,READM-30-HIP-KNEE-HRRP,457,1.0085,15.2236,15.0946,70,01-07-2019,30-06-2022
MCLAREN BAY REGION,230041,MI,READM-30-HF-HRRP,117,0.972,16.181,16.6477,17,01-07-2019,30-06-2022
MCLAREN BAY REGION,230041,MI,READM-30-CABG-HRRP,99,1.0456,20.2519,19.3681,23,01-07-2019,30-06-2022
UNIVERSITY OF MICHIGAN HEALTH SYSTEM,230046,MI,READM-30-CABG-HRRP,76,1.043,18.7445,17.971,17,01-07-2019,30-06-2022
HENRY FORD MACOMB HOSPITAL,230047,MI,READM-30-HIP-KNEE-HRRP,129,1.0264,17.2259,16.7832,24,01-07-2019,30-06-2022
HENRY FORD MACOMB HOSPITAL,230047,MI,READM-30-HF-HRRP,100,0.947,19.6257,20.7241,16,01-07-2019,30-06-2022
HENRY FORD MACOMB HOSPITAL,230047,MI,READM-30-AMI-HRRP,86,0.9835,18.7074,19.0216,15,01-07-2019,30-06-2022
HENRY FORD HEALTH HOSPITAL,230053,MI,READM-30-HIP-KNEE-HRRP,146,1.0077,18.127,17.9879,27,01-07-2019,30-06-2022
HENRY FORD HEALTH HOSPITAL,230053,MI,READM-30-COPD-HRRP,247,1.0138,21.4862,21.1935,54,01-07-2019,30-06-2022
HENRY FORD HEALTH HOSPITAL,230053,MI,READM-30-CABG-HRRP,99,1.0582,22.3883,21.1568,26,01-07-2019,30-06-2022
UPHS MARQUETTE DLP HOSPITAL,230054,MI,READM-30-PN-HRRP,127,1.0919,15.467,14.1658,24,01-07-2019,30-06-2022
UPHS MARQUETTE DLP HOSPITAL,230054,MI,READM-30-HIP-KNEE-HRRP,178,0.9975,15.8245,15.864,28,01-07-2019,30-06-2022
UPHS MARQUETTE DLP HOSPITAL,230054,MI,READM-30-COPD-HRRP,276,1.0555,20.4377,19.3637,60,01-07-2019,30-06-2022
UPHS MARQUETTE DLP HOSPITAL,230054,MI,READM-30-CABG-HRRP,114,0.9506,16.8526,17.7293,16,01-07-2019,30-06-2022
DICKINSON COUNTY MEMORIAL HOSPITAL,230055,MI,READM-30-PN-HRRP,629,0.9813,17.0582,17.3828,106,01-07-2019,30-06-2022
DICKINSON COUNTY MEMORIAL HOSPITAL,230055,MI,READM-30-HF-HRRP,922,1.061,21.4769,20.2425,202,01-07-2019,30-06-2022
DICKINSON COUNTY MEMORIAL HOSPITAL,230055,MI,READM-30-COPD-HRRP,170,1.042,21.3337,20.473,39,01-07-2019,30-06-2022
DICKINSON COUNTY MEMORIAL HOSPITAL,230055,MI,READM-30-AMI-HRRP,298,0.9722,13.553,13.94,39,01-07-2019,30-06-2022
MUNSON HEALTHCARE GRAYLING HOSPITAL,230058,MI,READM-30-PN-HRRP,411,1.0309,16.7704,16.267,71,01-07-2019,30-06-2022
MUNSON HEALTHCARE GRAYLING HOSPITAL,230058,MI,READM-30-HF-HRRP,344,0.9681,19.2287,19.8619,64,01-07-2019,30-06-2022
MUNSON HEALTHCARE GRAYLING HOSPITAL,230058,MI,READM-30-COPD-HRRP,95,1.017,19.8796,19.5481,20,01-07-2019,30-06-2022
MUNSON HEALTHCARE GRAYLING HOSPITAL,230058,MI,READM-30-CABG-HRRP,147,1.1111,15.4457,13.9017,28,01-07-2019,30-06-2022
MUNSON HEALTHCARE GRAYLING HOSPITAL,230058,MI,READM-30-AMI-HRRP,260,0.9918,17.5269,17.6719,45,01-07-2019,30-06-2022
MERCY HEALTH SAINT MARY'S,230059,MI,READM-30-PN-HRRP,150,0.9951,20.22,20.3203,30,01-07-2019,30-06-2022
MERCY HEALTH SAINT MARY'S,230059,MI,READM-30-HIP-KNEE-HRRP,135,1.0917,20.8759,19.1227,34,01-07-2019,30-06-2022
MERCY HEALTH SAINT MARY'S,230059,MI,READM-30-HF-HRRP,111,0.9799,16.5726,16.9127,17,01-07-2019,30-06-2022
MERCY HEALTH SAINT MARY'S,230059,MI,READM-30-CABG-HRRP,267,1.0496,21.9906,20.9515,62,01-07-2019,30-06-2022
MERCY HEALTH SAINT MARY'S,230059,MI,READM-30-AMI-HRRP,71,0.9958,21.5208,21.6105,15,01-07-2019,30-06-2022
MERCY HEALTH MUSKEGON,230066,MI,READM-30-PN-HRRP,78,1.0151,16.6261,16.3796,14,01-07-2019,30-06-2022
MERCY HEALTH MUSKEGON,230066,MI,READM-30-HF-HRRP,142,0.9923,20.0816,20.2365,28,01-07-2019,30-06-2022
MERCY HEALTH MUSKEGON,230066,MI,READM-30-CABG-HRRP,436,0.9595,3.5836,3.735,15,01-07-2019,30-06-2022
MERCY HEALTH MUSKEGON,230066,MI,READM-30-AMI-HRRP,722,0.7125,3.0625,4.298,17,01-07-2019,30-06-2022
SAINT JOSEPH MERCY LIVINGSTON HOSPITAL,230069,MI,READM-30-PN-HRRP,76,1.0009,17.0199,17.0038,13,01-07-2019,30-06-2022
SAINT JOSEPH MERCY LIVINGSTON HOSPITAL,230069,MI,READM-30-HIP-KNEE-HRRP,110,1.0179,21.6393,21.258,25,01-07-2019,30-06-2022
SAINT JOSEPH MERCY LIVINGSTON HOSPITAL,230069,MI,READM-30-COPD-HRRP,274,1.0085,16.9396,16.7962,47,01-07-2019,30-06-2022
SAINT JOSEPH MERCY LIVINGSTON HOSPITAL,230069,MI,READM-30-AMI-HRRP,430,1.0596,20.7279,19.5621,93,01-07-2019,30-06-2022
COVENANT MEDICAL CENTER,230070,MI,READM-30-PN-HRRP,122,0.9254,16.2911,17.6049,15,01-07-2019,30-06-2022
COVENANT MEDICAL CENTER,230070,MI,READM-30-HF-HRRP,122,0.9962,14.963,15.0203,18,01-07-2019,30-06-2022
COVENANT MEDICAL CENTER,230070,MI,READM-30-CABG-HRRP,179,1.1262,20.2167,17.9507,44,01-07-2019,30-06-2022
STRAITH HOSPITAL FOR SPECIAL SURGERY,230071,MI,READM-30-PN-HRRP,1082,0.8487,3.2783,3.8628,33,01-07-2019,30-06-2022
STRAITH HOSPITAL FOR SPECIAL SURGERY,230071,MI,READM-30-HF-HRRP,327,1.0573,17.1812,16.2505,60,01-07-2019,30-06-2022
STRAITH HOSPITAL FOR SPECIAL SURGERY,230071,MI,READM-30-CABG-HRRP,321,1.1289,21.7673,19.2811,78,01-07-2019,30-06-2022
STRAITH HOSPITAL FOR SPECIAL SURGERY,230071,MI,READM-30-AMI-HRRP,123,0.984,20.3837,20.7144,24,01-07-2019,30-06-2022
HOLLAND COMMUNITY HOSPITAL,230072,MI,READM-30-PN-HRRP,128,1.0155,14.2418,14.0237,19,01-07-2019,30-06-2022
HOLLAND COMMUNITY HOSPITAL,230072,MI,READM-30-HIP-KNEE-HRRP,257,0.9703,16.7609,17.2744,41,01-07-2019,30-06-2022
HOLLAND COMMUNITY HOSPITAL,230072,MI,READM-30-COPD-HRRP,414,1.06,20.5609,19.3973,89,01-07-2019,30-06-2022
HOLLAND COMMUNITY HOSPITAL,230072,MI,READM-30-CABG-HRRP,75,0.9735,19.7092,20.2453,13,01-07-2019,30-06-2022
BRONSON BATTLE CREEK HOSPITAL,230075,MI,READM-30-PN-HRRP,94,1.1159,13.51,12.1065,18,01-07-2019,30-06-2022
BRONSON BATTLE CREEK HOSPITAL,230075,MI,READM-30-HIP-KNEE-HRRP,220,0.9286,16.3989,17.6595,31,01-07-2019,30-06-2022
BRONSON BATTLE CREEK HOSPITAL,230075,MI,READM-30-HF-HRRP,294,1.0912,23.138,21.2037,74,01-07-2019,30-06-2022
BRONSON BATTLE CREEK HOSPITAL,230075,MI,READM-30-COPD-HRRP,118,1.0573,21.4416,20.2794,29,01-07-2019,30-06-2022
BRONSON BATTLE CREEK HOSPITAL,230075,MI,READM-30-CABG-HRRP,93,1.0431,15.9765,15.3162,17,01-07-2019,30-06-2022
ASCENSION ST MARY'S HOSPITAL,230077,MI,READM-30-PN-HRRP,276,0.9746,16.584,17.0163,44,01-07-2019,30-06-2022
ASCENSION ST MARY'S HOSPITAL,230077,MI,READM-30-HF-HRRP,469,1.0358,21.4534,20.7113,103,01-07-2019,30-06-2022
ASCENSION ST MARY'S HOSPITAL,230077,MI,READM-30-COPD-HRRP,98,0.9622,18.8927,19.6339,16,01-07-2019,30-06-2022
LAKELAND HOSPITAL WATERVLIET,230078,MI,READM-30-PN-HRRP,43,1.0196,22.5087,22.0764,11,01-07-2019,30-06-2022
LAKELAND HOSPITAL WATERVLIET,230078,MI,READM-30-COPD-HRRP,88,0.9754,18.9167,19.3948,15,01-07-2019,30-06-2022
LAKELAND HOSPITAL WATERVLIET,230078,MI,READM-30-CABG-HRRP,379,0.9905,18.3822,18.559,69,01-07-2019,30-06-2022
LAKELAND HOSPITAL WATERVLIET,230078,MI,READM-30-AMI-HRRP,140,1.1671,6.1297,5.2522,11,01-07-2019,30-06-2022
MCLAREN CENTRAL MICHIGAN,230080,MI,READM-30-PN-HRRP,549,0.9576,21.67,22.6305,116,01-07-2019,30-06-2022
MCLAREN CENTRAL MICHIGAN,230080,MI,READM-30-HIP-KNEE-HRRP,185,0.9369,20.1736,21.5322,33,01-07-2019,30-06-2022
MCLAREN CENTRAL MICHIGAN,230080,MI,READM-30-HF-HRRP,135,1.1346,12.9071,11.3755,21,01-07-2019,30-06-2022
MCLAREN CENTRAL MICHIGAN,230080,MI,READM-30-COPD-HRRP,240,0.9529,13.9066,14.5933,31,01-07-2019,30-06-2022
MCLAREN CENTRAL MICHIGAN,230080,MI,READM-30-CABG-HRRP,103,0.9967,15.7522,15.8047,16,01-07-2019,30-06-2022
MUNSON HEALTHCARE CADILLAC HOSPITAL,230081,MI,READM-30-AMI-HRRP,96,1.0048,15.2948,15.2223,15,01-07-2019,30-06-2022
BRONSON SOUTH HAVEN HOSPITAL,230085,MI,READM-30-HIP-KNEE-HRRP,73,1.0015,19.0472,19.0196,14,01-07-2019,30-06-2022
BRONSON SOUTH HAVEN HOSPITAL,230085,MI,READM-30-COPD-HRRP,218,0.9417,14.6793,15.5879,28,01-07-2019,30-06-2022
BRONSON SOUTH HAVEN HOSPITAL,230085,MI,READM-30-CABG-HRRP,194,1.2572,5.9038,4.6958,15,01-07-2019,30-06-2022
BRONSON SOUTH HAVEN HOSPITAL,230085,MI,READM-30-AMI-HRRP,221,1.0345,20.2481,19.5736,47,01-07-2019,30-06-2022
BEAUMONT HOSPITAL - GROSSE POINTE,230089,MI,READM-30-PN-HRRP,362,0.9396,18.799,20.0075,64,01-07-2019,30-06-2022
BEAUMONT HOSPITAL - GROSSE POINTE,230089,MI,READM-30-HF-HRRP,189,0.9034,12.1233,13.4197,18,01-07-2019,30-06-2022
BEAUMONT HOSPITAL - GROSSE POINTE,230089,MI,READM-30-COPD-HRRP,566,0.8863,14.5057,16.3667,74,01-07-2019,30-06-2022
BEAUMONT HOSPITAL - GROSSE POINTE,230089,MI,READM-30-AMI-HRRP,164,0.963,19.2031,19.9412,29,01-07-2019,30-06-2022
HENRY FORD ALLEGIANCE HEALTH,230092,MI,READM-30-PN-HRRP,108,1.0154,19.4477,19.1533,22,01-07-2019,30-06-2022
HENRY FORD ALLEGIANCE HEALTH,230092,MI,READM-30-HIP-KNEE-HRRP,284,1.2791,20.9963,16.4155,77,01-07-2019,30-06-2022
HENRY FORD ALLEGIANCE HEALTH,230092,MI,READM-30-COPD-HRRP,175,1.1589,22.8602,19.7255,50,01-07-2019,30-06-2022
HENRY FORD ALLEGIANCE HEALTH,230092,MI,READM-30-CABG-HRRP,190,1.1136,21.9836,19.7402,49,01-07-2019,30-06-2022
HENRY FORD ALLEGIANCE HEALTH,230092,MI,READM-30-AMI-HRRP,138,1.1247,18.7951,16.7111,32,01-07-2019,30-06-2022
SPECTRUM HEALTH BIG RAPIDS HOSPITAL,230093,MI,READM-30-HF-HRRP,119,1.0311,15.1031,14.6475,20,01-07-2019,30-06-2022
SPECTRUM HEALTH BIG RAPIDS HOSPITAL,230093,MI,READM-30-CABG-HRRP,86,0.9981,16.4175,16.4489,14,01-07-2019,30-06-2022
MYMICHIGAN MEDICAL CENTER WEST BRANCH,230095,MI,READM-30-PN-HRRP,172,0.9504,15.3471,16.1487,23,01-07-2019,30-06-2022
MYMICHIGAN MEDICAL CENTER WEST BRANCH,230095,MI,READM-30-HF-HRRP,199,1.0099,20.2754,20.0776,41,01-07-2019,30-06-2022
MYMICHIGAN MEDICAL CENTER WEST BRANCH,230095,MI,READM-30-AMI-HRRP,87,0.9802,15.3217,15.6308,12,01-07-2019,30-06-2022
STURGIS HOSPITAL,230096,MI,READM-30-HIP-KNEE-HRRP,64,0.9996,20.3543,20.3625,13,01-07-2019,30-06-2022
STURGIS HOSPITAL,230096,MI,READM-30-HF-HRRP,202,0.9356,15.6005,16.6752,27,01-07-2019,30-06-2022
STURGIS HOSPITAL,230096,MI,READM-30-CABG-HRRP,186,1.0298,18.3314,17.8008,36,01-07-2019,30-06-2022
STURGIS HOSPITAL,230096,MI,READM-30-AMI-HRRP,62,1.0452,19.5603,18.7145,15,01-07-2019,30-06-2022
MUNSON MEDICAL CENTER,230097,MI,READM-30-PN-HRRP,100,1.0282,15.1585,14.7433,17,01-07-2019,30-06-2022
MUNSON MEDICAL CENTER,230097,MI,READM-30-HF-HRRP,82,0.9641,17.5117,18.1641,12,01-07-2019,30-06-2022
MUNSON MEDICAL CENTER,230097,MI,READM-30-CABG-HRRP,238,0.9805,15.2582,15.5616,35,01-07-2019,30-06-2022
PROMEDICA MONROE REGIONAL HOSPITAL,230099,MI,READM-30-PN-HRRP,185,0.9635,19.1628,19.8883,33,01-07-2019,30-06-2022
PROMEDICA MONROE REGIONAL HOSPITAL,230099,MI,READM-30-HIP-KNEE-HRRP,127,0.9409,17.224,18.3053,18,01-07-2019,30-06-2022
PROMEDICA MONROE REGIONAL HOSPITAL,230099,MI,READM-30-HF-HRRP,377,1.047,18.5161,17.6847,73,01-07-2019,30-06-2022
PROMEDICA MONROE REGIONAL HOSPITAL,230099,MI,READM-30-CABG-HRRP,342,1.0079,22.6474,22.4689,78,01-07-2019,30-06-2022
PROMEDICA MONROE REGIONAL HOSPITAL,230099,MI,READM-30-AMI-HRRP,149,0.9503,19.7308,20.7629,26,01-07-2019,30-06-2022
TAWAS ST JOSEPH HOSPITAL,230100,MI,READM-30-HIP-KNEE-HRRP,203,0.9877,17.1691,17.3837,34,01-07-2019,30-06-2022
TAWAS ST JOSEPH HOSPITAL,230100,MI,READM-30-COPD-HRRP,193,0.971,20.1846,20.787,37,01-07-2019,30-06-2022
TAWAS ST JOSEPH HOSPITAL,230100,MI,READM-30-CABG-HRRP,63,1.0075,19.8537,19.7051,13,01-07-2019,30-06-2022
HARPER UNIVERSITY HOSPITAL,230104,MI,READM-30-PN-HRRP,599,0.8477,14.204,16.7563,74,01-07-2019,30-06-2022
HARPER UNIVERSITY HOSPITAL,230104,MI,READM-30-HF-HRRP,535,0.9457,19.5734,20.6973,101,01-07-2019,30-06-2022
HARPER UNIVERSITY HOSPITAL,230104,MI,READM-30-COPD-HRRP,240,0.9742,18.6269,19.1209,43,01-07-2019,30-06-2022
HARPER UNIVERSITY HOSPITAL,230104,MI,READM-30-CABG-HRRP,178,0.9413,9.9325,10.5524,16,01-07-2019,30-06-2022
HARPER UNIVERSITY HOSPITAL,230104,MI,READM-30-AMI-HRRP,325,1.0678,13.484,12.6276,47,01-07-2019,30-06-2022
MCLAREN NORTHERN MICHIGAN,230105,MI,READM-30-HIP-KNEE-HRRP,162,0.9819,14.9523,15.2286,23,01-07-2019,30-06-2022
MCLAREN NORTHERN MICHIGAN,230105,MI,READM-30-COPD-HRRP,159,0.9853,18.2139,18.4848,28,01-07-2019,30-06-2022
MCLAREN NORTHERN MICHIGAN,230105,MI,READM-30-CABG-HRRP,83,1.0326,18.0045,17.4355,17,01-07-2019,30-06-2022
UP HEALTH SYSTEM PORTAGE,230108,MI,READM-30-PN-HRRP,374,1.0456,17.8925,17.112,70,01-07-2019,30-06-2022
UP HEALTH SYSTEM PORTAGE,230108,MI,READM-30-HIP-KNEE-HRRP,699,0.8648,4.1815,4.8351,27,01-07-2019,30-06-2022
UP HEALTH SYSTEM PORTAGE,230108,MI,READM-30-HF-HRRP,359,1.0512,21.0707,20.0443,79,01-07-2019,30-06-2022
UP HEALTH SYSTEM PORTAGE,230108,MI,READM-30-COPD-HRRP,99,0.9908,17.7678,17.9329,17,01-07-2019,30-06-2022
UP HEALTH SYSTEM PORTAGE,230108,MI,READM-30-AMI-HRRP,148,0.9614,13.4627,14.0038,18,01-07-2019,30-06-2022
SPECTRUM HEALTH LUDINGTON HOSPITAL,230110,MI,READM-30-PN-HRRP,111,0.986,15.2729,15.4897,16,01-07-2019,30-06-2022
SPECTRUM HEALTH LUDINGTON HOSPITAL,230110,MI,READM-30-HF-HRRP,102,0.9118,17.6843,19.3951,12,01-07-2019,30-06-2022
SPECTRUM HEALTH LUDINGTON HOSPITAL,230110,MI,READM-30-COPD-HRRP,70,0.9992,15.7854,15.798,11,01-07-2019,30-06-2022
SPECTRUM HEALTH LUDINGTON HOSPITAL,230110,MI,READM-30-CABG-HRRP,843,0.8226,3.0763,3.7399,23,01-07-2019,30-06-2022
SPECTRUM HEALTH LUDINGTON HOSPITAL,230110,MI,READM-30-AMI-HRRP,319,1.0016,18.1472,18.1184,58,01-07-2019,30-06-2022
BORGESS MEDICAL CENTER,230117,MI,READM-30-HIP-KNEE-HRRP,255,0.8918,18.6635,20.9279,40,01-07-2019,30-06-2022
BORGESS MEDICAL CENTER,230117,MI,READM-30-HF-HRRP,72,1.0584,21.1832,20.0152,19,01-07-2019,30-06-2022
BORGESS MEDICAL CENTER,230117,MI,READM-30-COPD-HRRP,70,1.0431,18.3069,17.5499,15,01-07-2019,30-06-2022
BORGESS MEDICAL CENTER,230117,MI,READM-30-CABG-HRRP,185,1.0724,15.8558,14.7857,34,01-07-2019,30-06-2022
MEMORIAL HEALTHCARE,230121,MI,READM-30-PN-HRRP,173,0.9932,18.1734,18.2973,31,01-07-2019,30-06-2022
MEMORIAL HEALTHCARE,230121,MI,READM-30-HIP-KNEE-HRRP,90,1.0493,17.7411,16.9081,19,01-07-2019,30-06-2022
BEAUMONT HOSPITAL ROYAL OAK,230130,MI,READM-30-PN-HRRP,455,1.1192,20.2284,18.0736,100,01-07-2019,30-06-2022
BEAUMONT HOSPITAL ROYAL OAK,230130,MI,READM-30-HIP-KNEE-HRRP,136,1.4636,6.6964,4.5752,15,01-07-2019,30-06-2022
BEAUMONT HOSPITAL ROYAL OAK,230130,MI,READM-30-HF-HRRP,472,1.0142,20.1403,19.8593,96,01-07-2019,30-06-2022
BEAUMONT HOSPITAL ROYAL OAK,230130,MI,READM-30-COPD-HRRP,193,1.0274,20.3211,19.7787,41,01-07-2019,30-06-2022
BEAUMONT HOSPITAL ROYAL OAK,230130,MI,READM-30-AMI-HRRP,140,1.0507,12.5949,11.9876,20,01-07-2019,30-06-2022
HURLEY MEDICAL CENTER,230132,MI,READM-30-HF-HRRP,113,1.0363,20.897,20.1646,26,01-07-2019,30-06-2022
HURLEY MEDICAL CENTER,230132,MI,READM-30-CABG-HRRP,72,1.0609,15.3416,14.4607,14,01-07-2019,30-06-2022
MUNSON HEALTHCARE OTSEGO MEMORIAL HOSPITAL,230133,MI,READM-30-PN-HRRP,40,1.0306,22.3545,21.6914,11,01-07-2019,30-06-2022
MUNSON HEALTHCARE OTSEGO MEMORIAL HOSPITAL,230133,MI,READM-30-HIP-KNEE-HRRP,109,0.9783,16.0452,16.4005,16,01-07-2019,30-06-2022
MUNSON HEALTHCARE OTSEGO MEMORIAL HOSPITAL,230133,MI,READM-30-COPD-HRRP,135,1.0428,20.8694,20.0124,31,01-07-2019,30-06-2022
MUNSON HEALTHCARE OTSEGO MEMORIAL HOSPITAL,230133,MI,READM-30-CABG-HRRP,50,1.0496,21.5124,20.4956,14,01-07-2019,30-06-2022
MCLAREN FLINT,230141,MI,READM-30-PN-HRRP,847,1.0609,18.9924,17.9026,165,01-07-2019,30-06-2022
MCLAREN FLINT,230141,MI,READM-30-HIP-KNEE-HRRP,322,1.0646,4.9804,4.6783,17,01-07-2019,30-06-2022
MCLAREN FLINT,230141,MI,READM-30-HF-HRRP,869,0.986,20.4775,20.7688,177,01-07-2019,30-06-2022
MCLAREN FLINT,230141,MI,READM-30-COPD-HRRP,337,1.0594,22.2858,21.0353,79,01-07-2019,30-06-2022
MCLAREN FLINT,230141,MI,READM-30-CABG-HRRP,227,1.0206,11.2029,10.9766,26,01-07-2019,30-06-2022
MCLAREN FLINT,230141,MI,READM-30-AMI-HRRP,426,1.0034,14.0453,13.9975,60,01-07-2019,30-06-2022
BEAUMONT HOSPITAL - WAYNE,230142,MI,READM-30-PN-HRRP,221,1.0003,18.5421,18.5363,41,01-07-2019,30-06-2022
BEAUMONT HOSPITAL - WAYNE,230142,MI,READM-30-HF-HRRP,203,1.0111,20.8197,20.592,43,01-07-2019,30-06-2022
BEAUMONT HOSPITAL - WAYNE,230142,MI,READM-30-COPD-HRRP,100,0.9871,19.8535,20.113,19,01-07-2019,30-06-2022
BEAUMONT HOSPITAL - WAYNE,230142,MI,READM-30-CABG-HRRP,97,1.1303,16.3281,14.4453,22,01-07-2019,30-06-2022
BEAUMONT HOSPITAL - WAYNE,230142,MI,READM-30-AMI-HRRP,166,0.9799,16.4966,16.8347,26,01-07-2019,30-06-2022
FOREST HEALTH MEDICAL CENTER,230144,MI,READM-30-HIP-KNEE-HRRP,142,1.0425,22.636,21.7138,35,01-07-2019,30-06-2022
FOREST HEALTH MEDICAL CENTER,230144,MI,READM-30-HF-HRRP,74,0.9685,19.0605,19.6796,12,01-07-2019,30-06-2022
FOREST HEALTH MEDICAL CENTER,230144,MI,READM-30-COPD-HRRP,92,1.0821,17.3505,16.0347,20,01-07-2019,30-06-2022
FOREST HEALTH MEDICAL CENTER,230144,MI,READM-30-CABG-HRRP,152,0.9437,15.0637,15.9616,19,01-07-2019,30-06-2022
HENRY FORD HEALTH WYANDOTTE HOSPITAL,230146,MI,READM-30-PN-HRRP,90,1.0338,20.8446,20.1626,21,01-07-2019,30-06-2022
HENRY FORD HEALTH WYANDOTTE HOSPITAL,230146,MI,READM-30-HIP-KNEE-HRRP,52,1.0567,19.9113,18.8428,14,01-07-2019,30-06-2022
HENRY FORD HEALTH WYANDOTTE HOSPITAL,230146,MI,READM-30-AMI-HRRP,62,1.045,19.493,18.6537,15,01-07-2019,30-06-2022
BEAUMONT HOSPITAL - FARMINGTON HILLS,230151,MI,READM-30-HIP-KNEE-HRRP,270,0.9328,15.0609,16.1452,36,01-07-2019,30-06-2022
BEAUMONT HOSPITAL - FARMINGTON HILLS,230151,MI,READM-30-HF-HRRP,221,0.9299,18.9145,20.3399,37,01-07-2019,30-06-2022
BEAUMONT HOSPITAL - FARMINGTON HILLS,230151,MI,READM-30-COPD-HRRP,127,0.952,18.2605,19.1814,20,01-07-2019,30-06-2022
BEAUMONT HOSPITAL - FARMINGTON HILLS,230151,MI,READM-30-AMI-HRRP,104,1.0064,14.1191,14.0296,15,01-07-2019,30-06-2022
TRINITY HEALTH ANN ARBOR HOSPITAL,230156,MI,READM-30-HF-HRRP,108,0.9952,16.0421,16.1197,17,01-07-2019,30-06-2022
TRINITY HEALTH ANN ARBOR HOSPITAL,230156,MI,READM-30-AMI-HRRP,422,0.9374,15.7361,16.7865,62,01-07-2019,30-06-2022
ASCENSION ST JOHN HOSPITAL,230165,MI,READM-30-PN-HRRP,684,0.9168,19.2703,21.0189,126,01-07-2019,30-06-2022
ASCENSION ST JOHN HOSPITAL,230165,MI,READM-30-HIP-KNEE-HRRP,178,1.013,21.9759,21.6929,40,01-07-2019,30-06-2022
ASCENSION ST JOHN HOSPITAL,230165,MI,READM-30-COPD-HRRP,243,1.0961,15.0122,13.6956,41,01-07-2019,30-06-2022
ASCENSION ST JOHN HOSPITAL,230165,MI,READM-30-AMI-HRRP,149,0.9648,15.7122,16.2862,21,01-07-2019,30-06-2022
MCLAREN GREATER LANSING,230167,MI,READM-30-PN-HRRP,94,0.9429,19.0204,20.1714,14,01-07-2019,30-06-2022
TRINITY HEALTH GRAND HAVEN HOSPITAL,230174,MI,READM-30-PN-HRRP,83,1.0421,15.9435,15.2993,16,01-07-2019,30-06-2022
TRINITY HEALTH GRAND HAVEN HOSPITAL,230174,MI,READM-30-HIP-KNEE-HRRP,68,1.0301,19.2186,18.6574,15,01-07-2019,30-06-2022
BEAUMONT HOSPITAL - TRENTON,230176,MI,READM-30-CABG-HRRP,259,0.9995,16.2295,16.2377,42,01-07-2019,30-06-2022
MYMICHIGAN MEDICAL CENTER CLARE,230180,MI,READM-30-PN-HRRP,330,1.0437,22.7489,21.7954,78,01-07-2019,30-06-2022
MYMICHIGAN MEDICAL CENTER CLARE,230180,MI,READM-30-HIP-KNEE-HRRP,108,0.9786,19.8491,20.2825,20,01-07-2019,30-06-2022
MYMICHIGAN MEDICAL CENTER CLARE,230180,MI,READM-30-HF-HRRP,117,1.0056,13.4399,13.3647,16,01-07-2019,30-06-2022
MYMICHIGAN MEDICAL CENTER CLARE,230180,MI,READM-30-COPD-HRRP,334,0.9394,3.5756,3.8061,11,01-07-2019,30-06-2022
MYMICHIGAN MEDICAL CENTER CLARE,230180,MI,READM-30-CABG-HRRP,1274,0.7766,3.204,4.1258,37,01-07-2019,30-06-2022
MYMICHIGAN MEDICAL CENTER CLARE,230180,MI,READM-30-AMI-HRRP,161,1.0653,15.9949,15.0142,30,01-07-2019,30-06-2022
MCLAREN LAPEER REGION,230193,MI,READM-30-PN-HRRP,75,1.0492,19.7479,18.8212,18,01-07-2019,30-06-2022
MCLAREN LAPEER REGION,230193,MI,READM-30-COPD-HRRP,194,1.0006,17.5039,17.493,34,01-07-2019,30-06-2022
MCLAREN LAPEER REGION,230193,MI,READM-30-CABG-HRRP,888,0.968,18.5951,19.2101,163,01-07-2019,30-06-2022
MCLAREN LAPEER REGION,230193,MI,READM-30-AMI-HRRP,75,1.0523,19.627,18.6508,18,01-07-2019,30-06-2022
ASCENSION MACOMB OAKLAND HOSP-WARREN CAMPUS,230195,MI,READM-30-PN-HRRP,605,0.9841,10.1561,10.3205,61,01-07-2019,30-06-2022
ASCENSION MACOMB OAKLAND HOSP-WARREN CAMPUS,230195,MI,READM-30-HIP-KNEE-HRRP,841,0.9958,12.3905,12.4432,104,01-07-2019,30-06-2022
ASCENSION MACOMB OAKLAND HOSP-WARREN CAMPUS,230195,MI,READM-30-COPD-HRRP,250,1.0653,17.865,16.7703,49,01-07-2019,30-06-2022
ASCENSION MACOMB OAKLAND HOSP-WARREN CAMPUS,230195,MI,READM-30-AMI-HRRP,213,0.9183,17.6287,19.1979,32,01-07-2019,30-06-2022
ASCENSION GENESYS HOSPITAL,230197,MI,READM-30-PN-HRRP,106,0.9962,18.1576,18.2277,19,01-07-2019,30-06-2022
ASCENSION GENESYS HOSPITAL,230197,MI,READM-30-HF-HRRP,1725,0.7277,2.6523,3.6445,41,01-07-2019,30-06-2022
MCLAREN OAKLAND,230207,MI,READM-30-HF-HRRP,92,0.9653,17.8497,18.4904,14,01-07-2019,30-06-2022
MCLAREN OAKLAND,230207,MI,READM-30-COPD-HRRP,477,0.9198,19.4034,21.0945,87,01-07-2019,30-06-2022
SPARROW CARSON HOSPITAL,230208,MI,READM-30-PN-HRRP,353,0.894,12.8788,14.4063,40,01-07-2019,30-06-2022
SPARROW CARSON HOSPITAL,230208,MI,READM-30-HF-HRRP,328,0.9492,3.899,4.1076,12,01-07-2019,30-06-2022
SPARROW CARSON HOSPITAL,230208,MI,READM-30-CABG-HRRP,149,0.9573,14.701,15.3565,19,01-07-2019,30-06-2022
SPARROW CARSON HOSPITAL,230208,MI,READM-30-AMI-HRRP,86,0.9693,18.6623,19.2536,14,01-07-2019,30-06-2022
MCLAREN PORT HURON,230216,MI,READM-30-PN-HRRP,52,1.0142,19.3775,19.1064,11,01-07-2019,30-06-2022
MCLAREN PORT HURON,230216,MI,READM-30-HF-HRRP,124,1.0064,14.9802,14.8848,19,01-07-2019,30-06-2022
OAKLAWN HOSPITAL,230217,MI,READM-30-PN-HRRP,68,1.0181,15.8776,15.5955,12,01-07-2019,30-06-2022
OAKLAWN HOSPITAL,230217,MI,READM-30-COPD-HRRP,153,0.9088,13.2575,14.5874,14,01-07-2019,30-06-2022
OAKLAWN HOSPITAL,230217,MI,READM-30-AMI-HRRP,165,0.8488,15.4487,18.1996,15,01-07-2019,30-06-2022
MYMICHIGAN MEDICAL CENTER MIDLAND,230222,MI,READM-30-HF-HRRP,209,0.9469,14.6552,15.4771,27,01-07-2019,30-06-2022
MYMICHIGAN MEDICAL CENTER MIDLAND,230222,MI,READM-30-CABG-HRRP,617,0.8434,16.0336,19.0104,88,01-07-2019,30-06-2022
MYMICHIGAN MEDICAL CENTER MIDLAND,230222,MI,READM-30-AMI-HRRP,78,0.9632,18.4804,19.1857,12,01-07-2019,30-06-2022
MCLAREN MACOMB,230227,MI,READM-30-HIP-KNEE-HRRP,358,0.8814,10.8925,12.3579,33,01-07-2019,30-06-2022
MCLAREN MACOMB,230227,MI,READM-30-HF-HRRP,57,1.0277,17.7488,17.2698,12,01-07-2019,30-06-2022
MCLAREN MACOMB,230227,MI,READM-30-COPD-HRRP,139,1.0408,21.7937,20.9392,33,01-07-2019,30-06-2022
EDWARD W SPARROW HOSPITAL,230230,MI,READM-30-PN-HRRP,100,0.9832,13.836,14.0731,13,01-07-2019,30-06-2022
EDWARD W SPARROW HOSPITAL,230230,MI,READM-30-HIP-KNEE-HRRP,86,0.9986,17.5583,17.5838,15,01-07-2019,30-06-2022
EDWARD W SPARROW HOSPITAL,230230,MI,READM-30-COPD-HRRP,217,0.9257,19.4156,20.9739,37,01-07-2019,30-06-2022
UNIVERSITY OF MICHIGAN HEALTH - WEST,230236,MI,READM-30-PN-HRRP,115,0.9912,14.4175,14.5448,16,01-07-2019,30-06-2022
UNIVERSITY OF MICHIGAN HEALTH - WEST,230236,MI,READM-30-HF-HRRP,227,0.9037,16.5258,18.2868,31,01-07-2019,30-06-2022
UNIVERSITY OF MICHIGAN HEALTH - WEST,230236,MI,READM-30-AMI-HRRP,176,0.9336,10.3582,11.0952,15,01-07-2019,30-06-2022
CHIPPEWA COUNTY WAR MEMORIAL HOSPITAL,230239,MI,READM-30-PN-HRRP,88,0.9573,15.8629,16.5704,11,01-07-2019,30-06-2022
CHIPPEWA COUNTY WAR MEMORIAL HOSPITAL,230239,MI,READM-30-HF-HRRP,183,1.0598,21.3663,20.1605,43,01-07-2019,30-06-2022
CHIPPEWA COUNTY WAR MEMORIAL HOSPITAL,230239,MI,READM-30-COPD-HRRP,57,0.9851,21.0749,21.3938,11,01-07-2019,30-06-2022
CHIPPEWA COUNTY WAR MEMORIAL HOSPITAL,230239,MI,READM-30-AMI-HRRP,208,0.8524,14.2811,16.7536,19,01-07-2019,30-06-2022
ASCENSION RIVER DISTRICT HOSPITAL,230241,MI,READM-30-HIP-KNEE-HRRP,281,0.7739,14.3183,18.5005,24,01-07-2019,30-06-2022
ASCENSION RIVER DISTRICT HOSPITAL,230241,MI,READM-30-HF-HRRP,62,0.99,20.4309,20.6365,12,01-07-2019,30-06-2022
ASCENSION RIVER DISTRICT HOSPITAL,230241,MI,READM-30-COPD-HRRP,215,0.7846,8.2215,10.4791,11,01-07-2019,30-06-2022
ASCENSION RIVER DISTRICT HOSPITAL,230241,MI,READM-30-CABG-HRRP,306,0.8587,9.5107,11.0758,22,01-07-2019,30-06-2022
GARDEN CITY HOSPITAL,230244,MI,READM-30-HIP-KNEE-HRRP,160,1.0235,17.8144,17.4055,30,01-07-2019,30-06-2022
GARDEN CITY HOSPITAL,230244,MI,READM-30-HF-HRRP,62,1.0317,16.191,15.6934,12,01-07-2019,30-06-2022
GARDEN CITY HOSPITAL,230244,MI,READM-30-CABG-HRRP,106,1.0128,11.6957,11.5484,13,01-07-2019,30-06-2022
ASCENSION PROVIDENCE ROCHESTER HOSPITAL,230254,MI,READM-30-PN-HRRP,100,0.9503,18.3568,19.3171,15,01-07-2019,30-06-2022
CHELSEA HOSPITAL,230259,MI,READM-30-PN-HRRP,74,1.0182,17.2349,16.9269,14,01-07-2019,30-06-2022
CHELSEA HOSPITAL,230259,MI,READM-30-HIP-KNEE-HRRP,171,0.9842,19.332,19.6425,32,01-07-2019,30-06-2022
CHELSEA HOSPITAL,230259,MI,READM-30-COPD-HRRP,183,0.8624,14.1225,16.3759,16,01-07-2019,30-06-2022
CHELSEA HOSPITAL,230259,MI,READM-30-AMI-HRRP,253,0.8439,16.1761,19.1677,30,01-07-2019,30-06-2022
SOUTHEAST MICHIGAN SURGICAL HOSPITAL LLC,230264,MI,READM-30-HIP-KNEE-HRRP,115,0.9707,11.6608,12.0132,12,01-07-2019,30-06-2022
"BEAUMONT HOSPITAL, TROY",230269,MI,READM-30-PN-HRRP,104,1.0177,19.0845,18.7523,21,01-07-2019,30-06-2022
"BEAUMONT HOSPITAL, TROY",230269,MI,READM-30-CABG-HRRP,91,0.9737,17.2743,17.7406,14,01-07-2019,30-06-2022
"BEAUMONT HOSPITAL, TROY",230269,MI,READM-30-AMI-HRRP,263,0.9679,14.8978,15.3916,37,01-07-2019,30-06-2022
BEAUMONT HOSPITAL - TAYLOR,230270,MI,READM-30-PN-HRRP,291,0.9494,4.0508,4.2665,11,01-07-2019,30-06-2022
BEAUMONT HOSPITAL - TAYLOR,230270,MI,READM-30-HIP-KNEE-HRRP,437,0.8265,15.1357,18.314,54,01-07-2019,30-06-2022
BEAUMONT HOSPITAL - TAYLOR,230270,MI,READM-30-CABG-HRRP,337,0.9128,10.4699,11.4698,31,01-07-2019,30-06-2022
BEAUMONT HOSPITAL - TAYLOR,230270,MI,READM-30-AMI-HRRP,166,0.9534,15.1695,15.9116,22,01-07-2019,30-06-2022
DETROIT RECEIVING HOSPITAL,230273,MI,READM-30-HIP-KNEE-HRRP,190,0.9319,18.2149,19.5461,30,01-07-2019,30-06-2022
DETROIT RECEIVING HOSPITAL,230273,MI,READM-30-CABG-HRRP,380,0.9792,15.902,16.2399,59,01-07-2019,30-06-2022
DETROIT RECEIVING HOSPITAL,230273,MI,READM-30-AMI-HRRP,313,0.9951,3.8576,3.8766,12,01-07-2019,30-06-2022
HEALTHSOURCE SAGINAW,230275,MI,READM-30-PN-HRRP,486,1.0409,20.8479,20.0294,104,01-07-2019,30-06-2022
HEALTHSOURCE SAGINAW,230275,MI,READM-30-HIP-KNEE-HRRP,140,1.0154,20.7068,20.3932,30,01-07-2019,30-06-2022
HEALTHSOURCE SAGINAW,230275,MI,READM-30-COPD-HRRP,188,0.8708,10.3871,11.9286,13,01-07-2019,30-06-2022
HURON VALLEY-SINAI HOSPITAL,230277,MI,READM-30-HF-HRRP,112,0.9856,16.9627,17.2103,18,01-07-2019,30-06-2022
HURON VALLEY-SINAI HOSPITAL,230277,MI,READM-30-COPD-HRRP,206,0.9587,19.3194,20.151,37,01-07-2019,30-06-2022
ASCENSION BRIGHTON CENTER FOR RECOVERY,230279,MI,READM-30-PN-HRRP,118,0.9708,13.9675,14.3872,15,01-07-2019,30-06-2022
ASCENSION BRIGHTON CENTER FOR RECOVERY,230279,MI,READM-30-HIP-KNEE-HRRP,112,1.0384,17.3532,16.7113,22,01-07-2019,30-06-2022
ASCENSION BRIGHTON CENTER FOR RECOVERY,230279,MI,READM-30-COPD-HRRP,341,0.8671,17.6987,20.4107,51,01-07-2019,30-06-2022
KARMANOS CANCER CENTER,230297,MI,READM-30-HIP-KNEE-HRRP,121,1.0903,20.0826,18.42,30,01-07-2019,30-06-2022
KARMANOS CANCER CENTER,230297,MI,READM-30-HF-HRRP,43,1.0464,18.8323,17.9978,11,01-07-2019,30-06-2022
KARMANOS CANCER CENTER,230297,MI,READM-30-CABG-HRRP,114,1.0915,15.9463,14.6095,24,01-07-2019,30-06-2022
SURGEONS CHOICE MEDICAL CENTER,230301,MI,READM-30-PN-HRRP,202,1.0489,19.2451,18.348,42,01-07-2019,30-06-2022
SURGEONS CHOICE MEDICAL CENTER,230301,MI,READM-30-CABG-HRRP,99,0.9543,17.1786,18.0008,14,01-07-2019,30-06-2022
SURGEONS CHOICE MEDICAL CENTER,230301,MI,READM-30-AMI-HRRP,125,1.0565,15.4727,14.6448,23,01-07-2019,30-06-2022
HENRY FORD HEALTH WEST BLOOMFIELD HOSPITAL,230302,MI,READM-30-HIP-KNEE-HRRP,186,0.9735,17.0549,17.5191,30,01-07-2019,30-06-2022
HENRY FORD HEALTH WEST BLOOMFIELD HOSPITAL,230302,MI,READM-30-CABG-HRRP,193,0.891,15.4524,17.3434,22,01-07-2019,30-06-2022
MUNSON HEALTHCARE MANISTEE HOSPITAL,230303,MI,READM-30-PN-HRRP,349,0.9825,20.1083,20.466,69,01-07-2019,30-06-2022
MUNSON HEALTHCARE MANISTEE HOSPITAL,230303,MI,READM-30-HIP-KNEE-HRRP,117,0.9756,19.3375,19.8202,21,01-07-2019,30-06-2022
MUNSON HEALTHCARE MANISTEE HOSPITAL,230303,MI,READM-30-HF-HRRP,185,1.0316,14.3101,13.8717,28,01-07-2019,30-06-2022
MUNSON HEALTHCARE MANISTEE HOSPITAL,230303,MI,READM-30-AMI-HRRP,283,0.8844,14.5733,16.4786,33,01-07-2019,30-06-2022
NORTH MEMORIAL HEALTH HOSPITAL,240001,MN,READM-30-PN-HRRP,432,0.9799,4.2384,4.3251,18,01-07-2019,30-06-2022
NORTH MEMORIAL HEALTH HOSPITAL,240001,MN,READM-30-HIP-KNEE-HRRP,559,0.8978,17.9082,19.947,93,01-07-2019,30-06-2022
NORTH MEMORIAL HEALTH HOSPITAL,240001,MN,READM-30-HF-HRRP,107,1.0047,20.27,20.1756,22,01-07-2019,30-06-2022
NORTH MEMORIAL HEALTH HOSPITAL,240001,MN,READM-30-COPD-HRRP,121,1.0398,11.482,11.042,15,01-07-2019,30-06-2022
NORTH MEMORIAL HEALTH HOSPITAL,240001,MN,READM-30-CABG-HRRP,329,0.8859,11.815,13.3366,33,01-07-2019,30-06-2022
NORTH MEMORIAL HEALTH HOSPITAL,240001,MN,READM-30-AMI-HRRP,379,1.0195,16.8032,16.4823,65,01-07-2019,30-06-2022
ESSENTIA HEALTH ST MARY'S MEDICAL CENTER,240002,MN,READM-30-HIP-KNEE-HRRP,483,0.8465,17.161,20.2721,72,01-07-2019,30-06-2022
ESSENTIA HEALTH ST MARY'S MEDICAL CENTER,240002,MN,READM-30-HF-HRRP,118,0.9713,20.2802,20.8788,22,01-07-2019,30-06-2022
ESSENTIA HEALTH ST MARY'S MEDICAL CENTER,240002,MN,READM-30-CABG-HRRP,131,1.0317,14.1063,13.673,20,01-07-2019,30-06-2022
ESSENTIA HEALTH ST MARY'S MEDICAL CENTER,240002,MN,READM-30-AMI-HRRP,59,1.0285,18.6883,18.1697,13,01-07-2019,30-06-2022
HENNEPIN COUNTY MEDICAL CENTER,240004,MN,READM-30-PN-HRRP,82,0.9395,21.0854,22.4443,13,01-07-2019,30-06-2022
HENNEPIN COUNTY MEDICAL CENTER,240004,MN,READM-30-HIP-KNEE-HRRP,44,1.0403,21.17,20.3508,12,01-07-2019,30-06-2022
HENNEPIN COUNTY MEDICAL CENTER,240004,MN,READM-30-CABG-HRRP,270,1.0107,16.7664,16.5884,46,01-07-2019,30-06-2022
OLMSTED MEDICAL CENTER,240006,MN,READM-30-PN-HRRP,312,0.9758,18.783,19.2483,57,01-07-2019,30-06-2022
OLMSTED MEDICAL CENTER,240006,MN,READM-30-HIP-KNEE-HRRP,72,0.9794,18.5427,18.9324,12,01-07-2019,30-06-2022
OLMSTED MEDICAL CENTER,240006,MN,READM-30-COPD-HRRP,130,1.0298,13.51,13.1185,19,01-07-2019,30-06-2022
OLMSTED MEDICAL CENTER,240006,MN,READM-30-CABG-HRRP,396,0.99,17.5997,17.7776,69,01-07-2019,30-06-2022
MAYO CLINIC HOSPITAL ROCHESTER,240010,MN,READM-30-PN-HRRP,609,0.9685,19.8903,20.5379,119,01-07-2019,30-06-2022
MAYO CLINIC HOSPITAL ROCHESTER,240010,MN,READM-30-HIP-KNEE-HRRP,140,0.9867,22.0851,22.3824,30,01-07-2019,30-06-2022
MAYO CLINIC HOSPITAL ROCHESTER,240010,MN,READM-30-HF-HRRP,134,1.0351,10.4802,10.1248,15,01-07-2019,30-06-2022
MAYO CLINIC HOSPITAL ROCHESTER,240010,MN,READM-30-COPD-HRRP,297,0.9622,13.0924,13.6065,37,01-07-2019,30-06-2022
MAYO CLINIC HOSPITAL ROCHESTER,240010,MN,READM-30-CABG-HRRP,210,0.9535,15.8225,16.5935,30,01-07-2019,30-06-2022
NORTHFIELD HOSPITAL,240014,MN,READM-30-PN-HRRP,425,1.0051,20.3909,20.2881,87,01-07-2019,30-06-2022
NORTHFIELD HOSPITAL,240014,MN,READM-30-HIP-KNEE-HRRP,102,0.9709,18.5363,19.0912,17,01-07-2019,30-06-2022
NORTHFIELD HOSPITAL,240014,MN,READM-30-COPD-HRRP,183,0.9073,10.7085,11.802,15,01-07-2019,30-06-2022
NORTHFIELD HOSPITAL,240014,MN,READM-30-CABG-HRRP,219,0.9437,15.0256,15.9221,29,01-07-2019,30-06-2022
MAYO CLINIC HEALTH SYSTEM IN RED WING,240018,MN,READM-30-PN-HRRP,324,1.1101,20.7055,18.6515,74,01-07-2019,30-06-2022
MAYO CLINIC HEALTH SYSTEM IN RED WING,240018,MN,READM-30-HIP-KNEE-HRRP,100,1.1155,20.7992,18.6455,28,01-07-2019,30-06-2022
MAYO CLINIC HEALTH SYSTEM IN RED WING,240018,MN,READM-30-COPD-HRRP,166,0.9608,14.2381,14.8187,21,01-07-2019,30-06-2022
MAYO CLINIC HEALTH SYSTEM IN RED WING,240018,MN,READM-30-AMI-HRRP,199,0.9296,16.4152,17.6575,28,01-07-2019,30-06-2022
ESSENTIA HEALTH DULUTH,240019,MN,READM-30-PN-HRRP,70,1.0915,19.1498,17.545,19,01-07-2019,30-06-2022
ESSENTIA HEALTH DULUTH,240019,MN,READM-30-HF-HRRP,115,1.0531,19.4232,18.4436,26,01-07-2019,30-06-2022
ESSENTIA HEALTH DULUTH,240019,MN,READM-30-CABG-HRRP,191,0.9636,21.2242,22.026,38,01-07-2019,30-06-2022
CAMBRIDGE MEDICAL CENTER,240020,MN,READM-30-HIP-KNEE-HRRP,237,1.0468,18.896,18.0508,48,01-07-2019,30-06-2022
CAMBRIDGE MEDICAL CENTER,240020,MN,READM-30-COPD-HRRP,285,0.9838,20.0321,20.3612,56,01-07-2019,30-06-2022
CAMBRIDGE MEDICAL CENTER,240020,MN,READM-30-CABG-HRRP,68,1.0231,21.2617,20.7827,16,01-07-2019,30-06-2022
SANFORD WORTHINGTON MEDICAL CENTER,240022,MN,READM-30-PN-HRRP,166,0.9874,18.005,18.2345,29,01-07-2019,30-06-2022
SANFORD WORTHINGTON MEDICAL CENTER,240022,MN,READM-30-HF-HRRP,591,1.0142,21.834,21.5286,130,01-07-2019,30-06-2022
SANFORD WORTHINGTON MEDICAL CENTER,240022,MN,READM-30-COPD-HRRP,373,1.0704,19.1856,17.9231,76,01-07-2019,30-06-2022
SANFORD WORTHINGTON MEDICAL CENTER,240022,MN,READM-30-AMI-HRRP,110,0.9815,14.4789,14.7515,15,01-07-2019,30-06-2022
ALOMERE HEALTH,240030,MN,READM-30-PN-HRRP,97,0.9681,18.8769,19.4996,16,01-07-2019,30-06-2022
ALOMERE HEALTH,240030,MN,READM-30-HIP-KNEE-HRRP,143,0.9953,21.906,22.0099,31,01-07-2019,30-06-2022
ALOMERE HEALTH,240030,MN,READM-30-HF-HRRP,46,1.0094,22.4968,22.2865,11,01-07-2019,30-06-2022
ALOMERE HEALTH,240030,MN,READM-30-CABG-HRRP,199,0.9576,16.5634,17.2962,30,01-07-2019,30-06-2022
ST CLOUD HOSPITAL,240036,MN,READM-30-PN-HRRP,238,1.0184,20.4984,20.1278,50,01-07-2019,30-06-2022
ST CLOUD HOSPITAL,240036,MN,READM-30-HIP-KNEE-HRRP,98,1.0019,20.283,20.2456,20,01-07-2019,30-06-2022
ST CLOUD HOSPITAL,240036,MN,READM-30-HF-HRRP,80,1.0026,16.0347,15.9939,13,01-07-2019,30-06-2022
ST CLOUD HOSPITAL,240036,MN,READM-30-COPD-HRRP,147,0.939,18.462,19.6611,23,01-07-2019,30-06-2022
ST CLOUD HOSPITAL,240036,MN,READM-30-AMI-HRRP,109,1.0708,16.7957,15.6858,23,01-07-2019,30-06-2022
ALLINA UNITED HOSPITAL,240038,MN,READM-30-PN-HRRP,195,0.9928,19.2198,19.3599,37,01-07-2019,30-06-2022
ALLINA UNITED HOSPITAL,240038,MN,READM-30-HIP-KNEE-HRRP,151,0.9384,15.4389,16.4526,19,01-07-2019,30-06-2022
ALLINA UNITED HOSPITAL,240038,MN,READM-30-COPD-HRRP,265,1.09,20.838,19.1173,61,01-07-2019,30-06-2022
UNIVERSITY MEDICAL CENTER-MESABI/ MESABA CLINICS,240040,MN,READM-30-PN-HRRP,96,1.0354,13.8396,13.3658,15,01-07-2019,30-06-2022
UNIVERSITY MEDICAL CENTER-MESABI/ MESABA CLINICS,240040,MN,READM-30-HF-HRRP,278,1.1552,3.8955,3.372,13,01-07-2019,30-06-2022
UNIVERSITY MEDICAL CENTER-MESABI/ MESABA CLINICS,240040,MN,READM-30-COPD-HRRP,85,0.9937,18.1314,18.2465,15,01-07-2019,30-06-2022
MAYO CLINIC HEALTH SYSTEM - ALBERT LEA AND AUSTIN,240043,MN,READM-30-COPD-HRRP,107,1.0174,17.5777,17.2769,20,01-07-2019,30-06-2022
MAYO CLINIC HEALTH SYSTEM - ALBERT LEA AND AUSTIN,240043,MN,READM-30-AMI-HRRP,122,1.0872,21.6265,19.892,32,01-07-2019,30-06-2022
WINONA HEALTH SERVICES,240044,MN,READM-30-HF-HRRP,159,0.9523,15.2838,16.0493,21,01-07-2019,30-06-2022
WINONA HEALTH SERVICES,240044,MN,READM-30-CABG-HRRP,189,1,17.9881,17.9873,34,01-07-2019,30-06-2022
ST LUKES HOSPITAL,240047,MN,READM-30-HIP-KNEE-HRRP,75,1.0241,13.1229,12.814,11,01-07-2019,30-06-2022
ST LUKES HOSPITAL,240047,MN,READM-30-HF-HRRP,709,1.0247,17.5342,17.111,126,01-07-2019,30-06-2022
ST LUKES HOSPITAL,240047,MN,READM-30-COPD-HRRP,337,0.8394,4.3627,5.1975,12,01-07-2019,30-06-2022
ST LUKES HOSPITAL,240047,MN,READM-30-CABG-HRRP,1110,0.9641,19.6777,20.4099,216,01-07-2019,30-06-2022
ST LUKES HOSPITAL,240047,MN,READM-30-AMI-HRRP,235,1.1593,23.7651,20.4997,66,01-07-2019,30-06-2022
FAIRVIEW LAKES HEALTH SERVICES,240050,MN,READM-30-PN-HRRP,99,1.0507,11.7235,11.1584,13,01-07-2019,30-06-2022
FAIRVIEW LAKES HEALTH SERVICES,240050,MN,READM-30-HIP-KNEE-HRRP,252,0.8631,11.1328,12.8992,21,01-07-2019,30-06-2022
FAIRVIEW LAKES HEALTH SERVICES,240050,MN,READM-30-HF-HRRP,281,1.0451,18.8282,18.0164,56,01-07-2019,30-06-2022
FAIRVIEW LAKES HEALTH SERVICES,240050,MN,READM-30-CABG-HRRP,347,1.0219,20.621,20.1788,73,01-07-2019,30-06-2022
FAIRVIEW LAKES HEALTH SERVICES,240050,MN,READM-30-AMI-HRRP,103,1.0698,20.9119,19.5478,26,01-07-2019,30-06-2022
LAKE REGION HEALTHCARE CORPORATION,240052,MN,READM-30-HIP-KNEE-HRRP,215,1.0069,12.8677,12.7791,28,01-07-2019,30-06-2022
LAKE REGION HEALTHCARE CORPORATION,240052,MN,READM-30-HF-HRRP,495,0.8847,14.3898,16.2648,63,01-07-2019,30-06-2022
LAKE REGION HEALTHCARE CORPORATION,240052,MN,READM-30-COPD-HRRP,902,0.8538,16.8819,19.7717,142,01-07-2019,30-06-2022
LAKE REGION HEALTHCARE CORPORATION,240052,MN,READM-30-CABG-HRRP,206,0.9917,18.7086,18.8648,38,01-07-2019,30-06-2022
PARK NICOLLET METHODIST HOSPITAL,240053,MN,READM-30-PN-HRRP,322,1.0546,14.0978,13.3682,48,01-07-2019,30-06-2022
PARK NICOLLET METHODIST HOSPITAL,240053,MN,READM-30-HIP-KNEE-HRRP,145,0.9982,17.3285,17.3602,25,01-07-2019,30-06-2022
PARK NICOLLET METHODIST HOSPITAL,240053,MN,READM-30-HF-HRRP,175,0.9307,17.4975,18.8006,26,01-07-2019,30-06-2022
PARK NICOLLET METHODIST HOSPITAL,240053,MN,READM-30-COPD-HRRP,69,0.9797,20.8193,21.2514,13,01-07-2019,30-06-2022
PARK NICOLLET METHODIST HOSPITAL,240053,MN,READM-30-CABG-HRRP,398,1.017,17.5462,17.2529,71,01-07-2019,30-06-2022
RIDGEVIEW MEDICAL CENTER,240056,MN,READM-30-PN-HRRP,949,0.9599,18.2999,19.0634,171,01-07-2019,30-06-2022
RIDGEVIEW MEDICAL CENTER,240056,MN,READM-30-HIP-KNEE-HRRP,170,0.9771,17.9341,18.3551,29,01-07-2019,30-06-2022
RIDGEVIEW MEDICAL CENTER,240056,MN,READM-30-HF-HRRP,172,1.0638,11.2057,10.5334,21,01-07-2019,30-06-2022
RIDGEVIEW MEDICAL CENTER,240056,MN,READM-30-COPD-HRRP,287,1.0855,12.9105,11.8937,41,01-07-2019,30-06-2022
RIDGEVIEW MEDICAL CENTER,240056,MN,READM-30-CABG-HRRP,128,0.9669,18.2685,18.8939,21,01-07-2019,30-06-2022
ABBOTT NORTHWESTERN HOSPITAL,240057,MN,READM-30-PN-HRRP,329,1.1762,25.142,21.3753,94,01-07-2019,30-06-2022
ABBOTT NORTHWESTERN HOSPITAL,240057,MN,READM-30-HIP-KNEE-HRRP,53,1.1169,25.1303,22.5003,21,01-07-2019,30-06-2022
ABBOTT NORTHWESTERN HOSPITAL,240057,MN,READM-30-COPD-HRRP,190,0.9388,14.8156,15.7809,25,01-07-2019,30-06-2022
GRAND ITASCA CLINIC AND HOSPITAL,240064,MN,READM-30-PN-HRRP,100,0.973,17.7717,18.2651,16,01-07-2019,30-06-2022
GRAND ITASCA CLINIC AND HOSPITAL,240064,MN,READM-30-COPD-HRRP,202,1.0551,17.488,16.5755,39,01-07-2019,30-06-2022
GRAND ITASCA CLINIC AND HOSPITAL,240064,MN,READM-30-AMI-HRRP,209,1.0212,19.4338,19.0297,42,01-07-2019,30-06-2022
LAKEVIEW MEMORIAL HOSPITAL,240066,MN,READM-30-HF-HRRP,136,0.9311,15.3253,16.4592,16,01-07-2019,30-06-2022
LAKEVIEW MEMORIAL HOSPITAL,240066,MN,READM-30-CABG-HRRP,188,0.9531,18.7036,19.6232,32,01-07-2019,30-06-2022
LAKEVIEW MEMORIAL HOSPITAL,240066,MN,READM-30-AMI-HRRP,61,0.9898,19.1188,19.3151,11,01-07-2019,30-06-2022
OWATONNA HOSPITAL,240069,MN,READM-30-CABG-HRRP,211,1.0326,18.8333,18.2388,42,01-07-2019,30-06-2022
ALLINA HEALTH FARIBAULT MEDICAL CENTER,240071,MN,READM-30-PN-HRRP,586,1.117,22.6058,20.2382,140,01-07-2019,30-06-2022
ALLINA HEALTH FARIBAULT MEDICAL CENTER,240071,MN,READM-30-HIP-KNEE-HRRP,121,1.0258,20.0895,19.5844,26,01-07-2019,30-06-2022
ALLINA HEALTH FARIBAULT MEDICAL CENTER,240071,MN,READM-30-HF-HRRP,84,1.0731,10.7635,10.0302,11,01-07-2019,30-06-2022
ALLINA HEALTH FARIBAULT MEDICAL CENTER,240071,MN,READM-30-COPD-HRRP,270,1.017,13.7693,13.5395,38,01-07-2019,30-06-2022
ALLINA HEALTH FARIBAULT MEDICAL CENTER,240071,MN,READM-30-CABG-HRRP,198,0.9654,16.8807,17.4848,31,01-07-2019,30-06-2022
ESSENTIA HEALTH ST JOSEPH'S MEDICAL CENTER,240075,MN,READM-30-PN-HRRP,255,0.9108,18.4999,20.3118,41,01-07-2019,30-06-2022
ESSENTIA HEALTH ST JOSEPH'S MEDICAL CENTER,240075,MN,READM-30-HIP-KNEE-HRRP,102,0.9688,18.6987,19.3006,17,01-07-2019,30-06-2022
ESSENTIA HEALTH ST JOSEPH'S MEDICAL CENTER,240075,MN,READM-30-HF-HRRP,126,0.9049,12.6105,13.9354,11,01-07-2019,30-06-2022
ESSENTIA HEALTH ST JOSEPH'S MEDICAL CENTER,240075,MN,READM-30-COPD-HRRP,160,1.0593,18.1419,17.1262,33,01-07-2019,30-06-2022
ESSENTIA HEALTH ST JOSEPH'S MEDICAL CENTER,240075,MN,READM-30-CABG-HRRP,353,1.0497,21.175,20.1732,78,01-07-2019,30-06-2022
ESSENTIA HEALTH ST JOSEPH'S MEDICAL CENTER,240075,MN,READM-30-AMI-HRRP,80,0.9955,17.8678,17.9494,14,01-07-2019,30-06-2022
BUFFALO HOSPITAL,240076,MN,READM-30-HF-HRRP,545,0.9474,15.9065,16.7902,83,01-07-2019,30-06-2022
BUFFALO HOSPITAL,240076,MN,READM-30-COPD-HRRP,977,0.9628,3.8459,3.9945,37,01-07-2019,30-06-2022
BUFFALO HOSPITAL,240076,MN,READM-30-CABG-HRRP,933,0.9112,18.2318,20.0087,164,01-07-2019,30-06-2022
BUFFALO HOSPITAL,240076,MN,READM-30-AMI-HRRP,185,0.9858,18.3381,18.602,33,01-07-2019,30-06-2022
M HEALTH FAIRVIEW SOUTHDALE HOSPITAL,240078,MN,READM-30-PN-HRRP,213,0.8599,9.4916,11.0386,16,01-07-2019,30-06-2022
M HEALTH FAIRVIEW SOUTHDALE HOSPITAL,240078,MN,READM-30-HIP-KNEE-HRRP,332,1.0738,13.7146,12.772,49,01-07-2019,30-06-2022
M HEALTH FAIRVIEW SOUTHDALE HOSPITAL,240078,MN,READM-30-HF-HRRP,68,1.0427,15.054,14.4375,13,01-07-2019,30-06-2022
M HEALTH FAIRVIEW SOUTHDALE HOSPITAL,240078,MN,READM-30-CABG-HRRP,86,0.9988,17.5318,17.5529,15,01-07-2019,30-06-2022
M HEALTH FAIRVIEW UNIVERSITY OF MN,240080,MN,READM-30-HIP-KNEE-HRRP,50,1.062,21.8331,20.5594,15,01-07-2019,30-06-2022
ESSENTIA HEALTH VIRGINIA,240084,MN,READM-30-PN-HRRP,316,0.9689,18.4271,19.0192,56,01-07-2019,30-06-2022
ESSENTIA HEALTH VIRGINIA,240084,MN,READM-30-HF-HRRP,426,1.0586,23.7229,22.4105,105,01-07-2019,30-06-2022
ESSENTIA HEALTH VIRGINIA,240084,MN,READM-30-COPD-HRRP,95,0.9625,20.5874,21.3894,17,01-07-2019,30-06-2022
ESSENTIA HEALTH VIRGINIA,240084,MN,READM-30-AMI-HRRP,162,1.0451,15.8996,15.2138,28,01-07-2019,30-06-2022
CENTRACARE- RICE MEMORIAL HOSPITAL,240088,MN,READM-30-PN-HRRP,229,0.9256,15.8542,17.1289,31,01-07-2019,30-06-2022
CENTRACARE- RICE MEMORIAL HOSPITAL,240088,MN,READM-30-HIP-KNEE-HRRP,204,1.0394,5.5849,5.3731,12,01-07-2019,30-06-2022
CENTRACARE- RICE MEMORIAL HOSPITAL,240088,MN,READM-30-HF-HRRP,348,0.9908,20.0045,20.1898,69,01-07-2019,30-06-2022
CENTRACARE- RICE MEMORIAL HOSPITAL,240088,MN,READM-30-COPD-HRRP,101,0.9504,17.0756,17.9662,14,01-07-2019,30-06-2022
CENTRACARE- RICE MEMORIAL HOSPITAL,240088,MN,READM-30-AMI-HRRP,180,1.0838,13.3939,12.3579,28,01-07-2019,30-06-2022
MAYO CLINIC HEALTH SYSTEM - MANKATO,240093,MN,READM-30-PN-HRRP,78,0.9936,17.2368,17.3487,13,01-07-2019,30-06-2022
MAYO CLINIC HEALTH SYSTEM - MANKATO,240093,MN,READM-30-HF-HRRP,90,1.0097,19.2901,19.1047,18,01-07-2019,30-06-2022
MAYO CLINIC HEALTH SYSTEM - MANKATO,240093,MN,READM-30-COPD-HRRP,41,1.0432,20.0563,19.2261,11,01-07-2019,30-06-2022
MAYO CLINIC HEALTH SYSTEM - MANKATO,240093,MN,READM-30-CABG-HRRP,195,1.004,16.7847,16.7187,33,01-07-2019,30-06-2022
SANFORD BEMIDJI MEDICAL CENTER,240100,MN,READM-30-PN-HRRP,326,0.9268,18.7135,20.1914,56,01-07-2019,30-06-2022
SANFORD BEMIDJI MEDICAL CENTER,240100,MN,READM-30-HIP-KNEE-HRRP,134,0.9809,19.6,19.9825,25,01-07-2019,30-06-2022
SANFORD BEMIDJI MEDICAL CENTER,240100,MN,READM-30-COPD-HRRP,158,1.0601,12.7973,12.0722,23,01-07-2019,30-06-2022
SANFORD BEMIDJI MEDICAL CENTER,240100,MN,READM-30-AMI-HRRP,64,0.9888,21.5214,21.7649,13,01-07-2019,30-06-2022
ESSENTIA HEALTH ST MARYS - DETROIT LAKES,240101,MN,READM-30-HIP-KNEE-HRRP,193,1.0697,18.8095,17.5847,41,01-07-2019,30-06-2022
ESSENTIA HEALTH ST MARYS - DETROIT LAKES,240101,MN,READM-30-COPD-HRRP,203,0.8929,18.4639,20.6778,30,01-07-2019,30-06-2022
ESSENTIA HEALTH ST MARYS - DETROIT LAKES,240101,MN,READM-30-CABG-HRRP,55,1.0362,19.4355,18.7561,13,01-07-2019,30-06-2022
ST FRANCIS REGIONAL MEDICAL CENTER,240104,MN,READM-30-PN-HRRP,65,0.9876,18.1671,18.3944,11,01-07-2019,30-06-2022
ST FRANCIS REGIONAL MEDICAL CENTER,240104,MN,READM-30-HIP-KNEE-HRRP,168,1.0192,16.4985,16.1884,29,01-07-2019,30-06-2022
ST FRANCIS REGIONAL MEDICAL CENTER,240104,MN,READM-30-HF-HRRP,431,0.8768,17.5375,20.0007,67,01-07-2019,30-06-2022
ST FRANCIS REGIONAL MEDICAL CENTER,240104,MN,READM-30-COPD-HRRP,85,0.961,17.0629,17.7551,12,01-07-2019,30-06-2022
ST FRANCIS REGIONAL MEDICAL CENTER,240104,MN,READM-30-AMI-HRRP,280,1.0782,16.7479,15.5326,52,01-07-2019,30-06-2022
REGIONS HOSPITAL,240106,MN,READM-30-HIP-KNEE-HRRP,364,0.9871,18.9167,19.1642,68,01-07-2019,30-06-2022
REGIONS HOSPITAL,240106,MN,READM-30-HF-HRRP,81,0.979,19.0233,19.4314,14,01-07-2019,30-06-2022
REGIONS HOSPITAL,240106,MN,READM-30-CABG-HRRP,471,0.9135,14.4451,15.8124,62,01-07-2019,30-06-2022
REGIONS HOSPITAL,240106,MN,READM-30-AMI-HRRP,385,0.9421,4.914,5.2159,18,01-07-2019,30-06-2022
MERCY HOSPITAL,240115,MN,READM-30-PN-HRRP,1058,0.7105,14.1531,19.9192,128,01-07-2019,30-06-2022
MERCY HOSPITAL,240115,MN,READM-30-HIP-KNEE-HRRP,216,0.9586,19.3407,20.1763,39,01-07-2019,30-06-2022
MERCY HOSPITAL,240115,MN,READM-30-HF-HRRP,143,0.9978,9.8324,9.854,14,01-07-2019,30-06-2022
MERCY HOSPITAL,240115,MN,READM-30-COPD-HRRP,463,0.9046,12.713,14.0531,54,01-07-2019,30-06-2022
MERCY HOSPITAL,240115,MN,READM-30-CABG-HRRP,116,0.9764,14.3,14.6464,15,01-07-2019,30-06-2022
FAIRVIEW NORTHLAND REGIONAL HOSPITAL,240141,MN,READM-30-PN-HRRP,185,0.9126,17.261,18.915,26,01-07-2019,30-06-2022
FAIRVIEW NORTHLAND REGIONAL HOSPITAL,240141,MN,READM-30-HF-HRRP,61,1.0768,15.2759,14.1867,13,01-07-2019,30-06-2022
FAIRVIEW NORTHLAND REGIONAL HOSPITAL,240141,MN,READM-30-COPD-HRRP,144,0.8837,14.0714,15.9239,12,01-07-2019,30-06-2022
FAIRVIEW NORTHLAND REGIONAL HOSPITAL,240141,MN,READM-30-CABG-HRRP,274,1.1216,4.1088,3.6634,13,01-07-2019,30-06-2022
FAIRVIEW NORTHLAND REGIONAL HOSPITAL,240141,MN,READM-30-AMI-HRRP,242,0.9986,19.0475,19.075,46,01-07-2019,30-06-2022
MAYO CLINIC HEALTH SYSTEM - FAIRMONT,240166,MN,READM-30-HIP-KNEE-HRRP,223,1.0074,17.2621,17.1352,39,01-07-2019,30-06-2022
MAYO CLINIC HEALTH SYSTEM - FAIRMONT,240166,MN,READM-30-COPD-HRRP,388,0.9212,18.4051,19.9798,66,01-07-2019,30-06-2022
MAYO CLINIC HEALTH SYSTEM - FAIRMONT,240166,MN,READM-30-CABG-HRRP,68,0.9753,18.5678,19.0387,11,01-07-2019,30-06-2022
HUTCHINSON HEALTH,240187,MN,READM-30-PN-HRRP,127,1.1041,15.0748,13.6531,24,01-07-2019,30-06-2022
HUTCHINSON HEALTH,240187,MN,READM-30-HIP-KNEE-HRRP,200,1.0167,18.4235,18.1212,38,01-07-2019,30-06-2022
HUTCHINSON HEALTH,240187,MN,READM-30-COPD-HRRP,242,1.1428,22.7357,19.8952,64,01-07-2019,30-06-2022
RED LAKE HOSPITAL A,240206,MN,READM-30-PN-HRRP,104,0.9985,15.4551,15.4777,16,01-07-2019,30-06-2022
RED LAKE HOSPITAL A,240206,MN,READM-30-HIP-KNEE-HRRP,223,0.9805,19.4635,19.8515,42,01-07-2019,30-06-2022
RED LAKE HOSPITAL A,240206,MN,READM-30-HF-HRRP,493,0.9172,20.2455,22.0739,94,01-07-2019,30-06-2022
RED LAKE HOSPITAL A,240206,MN,READM-30-COPD-HRRP,89,0.9921,20.8322,20.9991,18,01-07-2019,30-06-2022
RED LAKE HOSPITAL A,240206,MN,READM-30-CABG-HRRP,192,0.9452,10.7209,11.3427,19,01-07-2019,30-06-2022
RED LAKE HOSPITAL A,240206,MN,READM-30-AMI-HRRP,92,0.9786,14.2042,14.515,12,01-07-2019,30-06-2022
M HEALTH FAIRVIEW RIDGES HOSPITAL,240207,MN,READM-30-COPD-HRRP,137,0.9844,16.1079,16.3635,21,01-07-2019,30-06-2022
M HEALTH FAIRVIEW RIDGES HOSPITAL,240207,MN,READM-30-AMI-HRRP,199,1.0023,19.0195,18.9759,38,01-07-2019,30-06-2022
M HEALTH FAIRVIEW ST JOHN'S HOSPITAL,240210,MN,READM-30-HF-HRRP,334,1.1368,3.913,3.4421,15,01-07-2019,30-06-2022
M HEALTH FAIRVIEW ST JOHN'S HOSPITAL,240210,MN,READM-30-CABG-HRRP,440,1.0639,17.8887,16.814,83,01-07-2019,30-06-2022
M HEALTH FAIRVIEW WOODWINDS HOSPITAL,240213,MN,READM-30-PN-HRRP,682,1.1163,22.6585,20.2975,162,01-07-2019,30-06-2022
M HEALTH FAIRVIEW WOODWINDS HOSPITAL,240213,MN,READM-30-HIP-KNEE-HRRP,273,1.0281,18.3887,17.8853,52,01-07-2019,30-06-2022
M HEALTH FAIRVIEW WOODWINDS HOSPITAL,240213,MN,READM-30-HF-HRRP,73,1.0962,11.517,10.506,11,01-07-2019,30-06-2022
M HEALTH FAIRVIEW WOODWINDS HOSPITAL,240213,MN,READM-30-COPD-HRRP,161,1.1001,14.4908,13.1725,28,01-07-2019,30-06-2022
M HEALTH FAIRVIEW WOODWINDS HOSPITAL,240213,MN,READM-30-CABG-HRRP,99,0.9926,18.7142,18.8534,18,01-07-2019,30-06-2022
M HEALTH FAIRVIEW WOODWINDS HOSPITAL,240213,MN,READM-30-AMI-HRRP,48,1.0147,20.8754,20.5721,11,01-07-2019,30-06-2022
MAPLE GROVE HOSPITAL,240214,MN,READM-30-PN-HRRP,90,0.9483,16.2409,17.1268,11,01-07-2019,30-06-2022
MAPLE GROVE HOSPITAL,240214,MN,READM-30-HF-HRRP,174,1.0709,17.9726,16.7823,36,01-07-2019,30-06-2022
MAPLE GROVE HOSPITAL,240214,MN,READM-30-CABG-HRRP,101,1.0363,20.4146,19.6989,23,01-07-2019,30-06-2022
MAPLE GROVE HOSPITAL,240214,MN,READM-30-AMI-HRRP,55,1.0425,18.7038,17.9411,13,01-07-2019,30-06-2022
UNIVERSITY OF MISSISSIPPI MED CENTER,250001,MS,READM-30-PN-HRRP,188,1.023,16.7336,16.3573,33,01-07-2019,30-06-2022
UNIVERSITY OF MISSISSIPPI MED CENTER,250001,MS,READM-30-HF-HRRP,187,1.0034,19.6654,19.5984,37,01-07-2019,30-06-2022
UNIVERSITY OF MISSISSIPPI MED CENTER,250001,MS,READM-30-COPD-HRRP,75,1.0468,18.7402,17.9015,17,01-07-2019,30-06-2022
UNIVERSITY OF MISSISSIPPI MED CENTER,250001,MS,READM-30-CABG-HRRP,193,0.9414,13.4385,14.275,22,01-07-2019,30-06-2022
TISHOMINGO HEALTH SERVICES INC,250002,MS,READM-30-PN-HRRP,174,0.9746,16.4557,16.8837,27,01-07-2019,30-06-2022
TISHOMINGO HEALTH SERVICES INC,250002,MS,READM-30-HIP-KNEE-HRRP,121,0.9694,14.7878,15.2541,16,01-07-2019,30-06-2022
TISHOMINGO HEALTH SERVICES INC,250002,MS,READM-30-COPD-HRRP,219,1.073,17.4482,16.2609,43,01-07-2019,30-06-2022
TISHOMINGO HEALTH SERVICES INC,250002,MS,READM-30-CABG-HRRP,284,1.0509,20.3183,19.3334,61,01-07-2019,30-06-2022
TISHOMINGO HEALTH SERVICES INC,250002,MS,READM-30-AMI-HRRP,94,1.0543,19.7189,18.7026,22,01-07-2019,30-06-2022
NORTH MISSISSIPPI MEDICAL CENTER,250004,MS,READM-30-PN-HRRP,136,1.0698,14.4472,13.5044,23,01-07-2019,30-06-2022
NORTH MISSISSIPPI MEDICAL CENTER,250004,MS,READM-30-HIP-KNEE-HRRP,815,0.9716,16.069,16.5389,129,01-07-2019,30-06-2022
NORTH MISSISSIPPI MEDICAL CENTER,250004,MS,READM-30-HF-HRRP,523,0.9914,4.9969,5.0404,26,01-07-2019,30-06-2022
NORTH MISSISSIPPI MEDICAL CENTER,250004,MS,READM-30-COPD-HRRP,2148,1.0821,21.0312,19.4362,457,01-07-2019,30-06-2022
NORTH MISSISSIPPI MEDICAL CENTER,250004,MS,READM-30-CABG-HRRP,452,1.1034,21.9962,19.9356,106,01-07-2019,30-06-2022
NORTH MISSISSIPPI MEDICAL CENTER,250004,MS,READM-30-AMI-HRRP,211,1.0455,12.1956,11.665,27,01-07-2019,30-06-2022
BAPTIST MEMORIAL HOSPITAL UNION COUNTY,250006,MS,READM-30-PN-HRRP,668,1.0324,13.9876,13.5485,95,01-07-2019,30-06-2022
BAPTIST MEMORIAL HOSPITAL UNION COUNTY,250006,MS,READM-30-HIP-KNEE-HRRP,236,0.9976,16.5953,16.6355,39,01-07-2019,30-06-2022
BAPTIST MEMORIAL HOSPITAL UNION COUNTY,250006,MS,READM-30-COPD-HRRP,539,0.9372,18.6023,19.8485,96,01-07-2019,30-06-2022
BAPTIST MEMORIAL HOSPITAL UNION COUNTY,250006,MS,READM-30-CABG-HRRP,238,1.0059,20.4253,20.3059,49,01-07-2019,30-06-2022
MERIT HEALTH BILOXI,250007,MS,READM-30-PN-HRRP,150,1.0324,15.6032,15.1129,25,01-07-2019,30-06-2022
MERIT HEALTH BILOXI,250007,MS,READM-30-HIP-KNEE-HRRP,112,1.0012,15.1051,15.0865,17,01-07-2019,30-06-2022
MERIT HEALTH BILOXI,250007,MS,READM-30-HF-HRRP,128,0.9642,18.2535,18.9315,21,01-07-2019,30-06-2022
MERIT HEALTH BILOXI,250007,MS,READM-30-COPD-HRRP,56,1.0446,18.2606,17.4814,13,01-07-2019,30-06-2022
MERIT HEALTH BILOXI,250007,MS,READM-30-CABG-HRRP,406,1.0253,17.0647,16.6439,71,01-07-2019,30-06-2022
MERIT HEALTH BILOXI,250007,MS,READM-30-AMI-HRRP,418,0.9804,4.6187,4.7111,19,01-07-2019,30-06-2022
MAGNOLIA REGIONAL HEALTH CENTER,250009,MS,READM-30-PN-HRRP,495,1.0753,20.8406,19.3815,108,01-07-2019,30-06-2022
MAGNOLIA REGIONAL HEALTH CENTER,250009,MS,READM-30-HIP-KNEE-HRRP,174,1.121,21.5411,19.2164,45,01-07-2019,30-06-2022
MAGNOLIA REGIONAL HEALTH CENTER,250009,MS,READM-30-HF-HRRP,110,0.9742,12.0468,12.3661,12,01-07-2019,30-06-2022
MAGNOLIA REGIONAL HEALTH CENTER,250009,MS,READM-30-COPD-HRRP,108,1.0874,20.3747,18.7373,28,01-07-2019,30-06-2022
MAGNOLIA REGIONAL HEALTH CENTER,250009,MS,READM-30-AMI-HRRP,354,1.1146,26.3502,23.6415,101,01-07-2019,30-06-2022
ALLIANCE HEALTHCARE SYSTEM,250012,MS,READM-30-PN-HRRP,97,0.9505,18.8911,19.8753,15,01-07-2019,30-06-2022
ALLIANCE HEALTHCARE SYSTEM,250012,MS,READM-30-HIP-KNEE-HRRP,86,1.0396,18.5691,17.861,18,01-07-2019,30-06-2022
ALLIANCE HEALTHCARE SYSTEM,250012,MS,READM-30-HF-HRRP,240,0.8866,16.388,18.4831,31,01-07-2019,30-06-2022
ALLIANCE HEALTHCARE SYSTEM,250012,MS,READM-30-COPD-HRRP,346,1.0138,3.4087,3.3622,12,01-07-2019,30-06-2022
ALLIANCE HEALTHCARE SYSTEM,250012,MS,READM-30-CABG-HRRP,205,1.1581,24.3071,20.9891,60,01-07-2019,30-06-2022
ALLIANCE HEALTHCARE SYSTEM,250012,MS,READM-30-AMI-HRRP,60,0.9824,20.3009,20.6642,11,01-07-2019,30-06-2022
TRACE REGIONAL HOSPITAL AND SWING BED,250017,MS,READM-30-HIP-KNEE-HRRP,136,0.9613,13.1724,13.7021,16,01-07-2019,30-06-2022
TRACE REGIONAL HOSPITAL AND SWING BED,250017,MS,READM-30-HF-HRRP,116,1.0235,16.7381,16.3542,21,01-07-2019,30-06-2022
TRACE REGIONAL HOSPITAL AND SWING BED,250017,MS,READM-30-CABG-HRRP,64,1.0217,18.1487,17.763,13,01-07-2019,30-06-2022
TRACE REGIONAL HOSPITAL AND SWING BED,250017,MS,READM-30-AMI-HRRP,65,1.0734,21.8117,20.3206,19,01-07-2019,30-06-2022
JASPER GENERAL HOSPITAL,250018,MS,READM-30-HF-HRRP,91,1.1462,19.8944,17.3566,27,01-07-2019,30-06-2022
JASPER GENERAL HOSPITAL,250018,MS,READM-30-AMI-HRRP,391,0.9536,15.3961,16.1455,57,01-07-2019,30-06-2022
MEMORIAL HOSPITAL AT GULFPORT,250019,MS,READM-30-HIP-KNEE-HRRP,513,0.9056,17.6331,19.4713,84,01-07-2019,30-06-2022
MEMORIAL HOSPITAL AT GULFPORT,250019,MS,READM-30-HF-HRRP,118,0.955,17.771,18.6087,18,01-07-2019,30-06-2022
MEMORIAL HOSPITAL AT GULFPORT,250019,MS,READM-30-COPD-HRRP,235,0.8839,11.4547,12.9589,21,01-07-2019,30-06-2022
MEMORIAL HOSPITAL AT GULFPORT,250019,MS,READM-30-CABG-HRRP,436,1.0178,16.9259,16.6302,75,01-07-2019,30-06-2022
WEBSTER GENERAL HOSPITAL/ SWING BED,250020,MS,READM-30-PN-HRRP,520,0.9545,19.0514,19.9589,96,01-07-2019,30-06-2022
WEBSTER GENERAL HOSPITAL/ SWING BED,250020,MS,READM-30-HIP-KNEE-HRRP,142,1.0011,19.6669,19.645,28,01-07-2019,30-06-2022
WEBSTER GENERAL HOSPITAL/ SWING BED,250020,MS,READM-30-HF-HRRP,144,0.9856,13.6865,13.8859,19,01-07-2019,30-06-2022
WEBSTER GENERAL HOSPITAL/ SWING BED,250020,MS,READM-30-COPD-HRRP,85,1.0895,19.9443,18.3064,23,01-07-2019,30-06-2022
WEBSTER GENERAL HOSPITAL/ SWING BED,250020,MS,READM-30-CABG-HRRP,159,1.0758,24.4381,22.7163,44,01-07-2019,30-06-2022
WEBSTER GENERAL HOSPITAL/ SWING BED,250020,MS,READM-30-AMI-HRRP,90,1.062,22.1272,20.836,24,01-07-2019,30-06-2022
NORTH MISSISSIPPI MEDICAL CENTER-GILMORE AMORY,250025,MS,READM-30-HF-HRRP,50,1.0619,18.2424,17.1794,13,01-07-2019,30-06-2022
NORTH MISSISSIPPI MEDICAL CENTER-GILMORE AMORY,250025,MS,READM-30-AMI-HRRP,74,1.0478,17.2702,16.4823,16,01-07-2019,30-06-2022
WINSTON MEDICAL CENTER & SWINGBED,250027,MS,READM-30-PN-HRRP,117,0.9854,19.6317,19.9216,22,01-07-2019,30-06-2022
WINSTON MEDICAL CENTER & SWINGBED,250027,MS,READM-30-HIP-KNEE-HRRP,51,1.0294,17.9476,17.4358,11,01-07-2019,30-06-2022
WINSTON MEDICAL CENTER & SWINGBED,250027,MS,READM-30-HF-HRRP,59,1.028,15.5278,15.1055,11,01-07-2019,30-06-2022
MERIT HEALTH RIVER REGION,250031,MS,READM-30-PN-HRRP,343,1.0052,18.8444,18.7477,65,01-07-2019,30-06-2022
MERIT HEALTH RIVER REGION,250031,MS,READM-30-HIP-KNEE-HRRP,320,1.009,4.332,4.2932,14,01-07-2019,30-06-2022
MERIT HEALTH RIVER REGION,250031,MS,READM-30-HF-HRRP,465,0.9374,20.2942,21.6491,90,01-07-2019,30-06-2022
MERIT HEALTH RIVER REGION,250031,MS,READM-30-COPD-HRRP,102,0.9835,19.7043,20.0356,19,01-07-2019,30-06-2022
MERIT HEALTH RIVER REGION,250031,MS,READM-30-CABG-HRRP,119,0.9934,11.9231,12.0026,14,01-07-2019,30-06-2022
MERIT HEALTH RIVER REGION,250031,MS,READM-30-AMI-HRRP,224,0.9868,15.4805,15.6881,34,01-07-2019,30-06-2022
BAPTIST MEMORIAL HOSPITAL NORTH MS,250034,MS,READM-30-PN-HRRP,112,0.9101,15.5177,17.0514,11,01-07-2019,30-06-2022
BAPTIST MEMORIAL HOSPITAL NORTH MS,250034,MS,READM-30-HF-HRRP,196,1.0949,21.3936,19.5384,48,01-07-2019,30-06-2022
BAPTIST MEMORIAL HOSPITAL NORTH MS,250034,MS,READM-30-COPD-HRRP,67,1.0179,19.1991,18.8616,14,01-07-2019,30-06-2022
BAPTIST MEMORIAL HOSPITAL NORTH MS,250034,MS,READM-30-AMI-HRRP,143,1.0206,13.2868,13.0181,20,01-07-2019,30-06-2022
GEORGE REGIONAL HEALTH SYSTEM,250036,MS,READM-30-PN-HRRP,103,0.9966,15.7612,15.8156,16,01-07-2019,30-06-2022
GEORGE REGIONAL HEALTH SYSTEM,250036,MS,READM-30-HF-HRRP,124,1.0073,17.364,17.2383,22,01-07-2019,30-06-2022
GEORGE REGIONAL HEALTH SYSTEM,250036,MS,READM-30-AMI-HRRP,268,0.9652,17.3344,17.9599,44,01-07-2019,30-06-2022
MERIT HEALTH MADISON,250038,MS,READM-30-PN-HRRP,573,1.124,5.4443,4.8438,33,01-07-2019,30-06-2022
MERIT HEALTH MADISON,250038,MS,READM-30-HIP-KNEE-HRRP,629,1.1203,23.8734,21.3097,158,01-07-2019,30-06-2022
MERIT HEALTH MADISON,250038,MS,READM-30-HF-HRRP,154,1.0594,21.4993,20.2931,37,01-07-2019,30-06-2022
MERIT HEALTH MADISON,250038,MS,READM-30-CABG-HRRP,171,0.9681,14.3948,14.8699,23,01-07-2019,30-06-2022
MERIT HEALTH MADISON,250038,MS,READM-30-AMI-HRRP,90,0.9879,17.6025,17.8176,15,01-07-2019,30-06-2022
SINGING RIVER HEALTH SYSTEM,250040,MS,READM-30-HIP-KNEE-HRRP,93,0.9887,19.0776,19.2948,17,01-07-2019,30-06-2022
SINGING RIVER HEALTH SYSTEM,250040,MS,READM-30-HF-HRRP,415,0.9156,14.9297,16.3065,56,01-07-2019,30-06-2022
SINGING RIVER HEALTH SYSTEM,250040,MS,READM-30-CABG-HRRP,673,0.9411,18.5733,19.7349,121,01-07-2019,30-06-2022
SINGING RIVER HEALTH SYSTEM,250040,MS,READM-30-AMI-HRRP,184,1.07,20.8977,19.5302,43,01-07-2019,30-06-2022
DELTA HEALTH-NORTHWEST REGIONAL,250042,MS,READM-30-HIP-KNEE-HRRP,222,1.0667,13.4488,12.6082,33,01-07-2019,30-06-2022
DELTA HEALTH-NORTHWEST REGIONAL,250042,MS,READM-30-HF-HRRP,295,0.9784,17.1215,17.4992,49,01-07-2019,30-06-2022
DELTA HEALTH-NORTHWEST REGIONAL,250042,MS,READM-30-CABG-HRRP,288,1.0581,21.9373,20.7323,67,01-07-2019,30-06-2022
DELTA HEALTH-NORTHWEST REGIONAL,250042,MS,READM-30-AMI-HRRP,148,0.9874,19.4824,19.7303,28,01-07-2019,30-06-2022
NESHOBA COUNTY GENERAL HOSPITAL,250043,MS,READM-30-HIP-KNEE-HRRP,124,1.0305,12.5449,12.1738,17,01-07-2019,30-06-2022
NESHOBA COUNTY GENERAL HOSPITAL,250043,MS,READM-30-HF-HRRP,101,0.9917,16.4064,16.5443,16,01-07-2019,30-06-2022
NESHOBA COUNTY GENERAL HOSPITAL,250043,MS,READM-30-COPD-HRRP,216,1.0678,22.0231,20.6256,52,01-07-2019,30-06-2022
NESHOBA COUNTY GENERAL HOSPITAL,250043,MS,READM-30-AMI-HRRP,215,1.0151,16.7353,16.487,37,01-07-2019,30-06-2022
BAPTIST MEMORIAL HOSPITAL BOONEVILLE,250044,MS,READM-30-PN-HRRP,343,1.0218,19.9912,19.5644,70,01-07-2019,30-06-2022
BAPTIST MEMORIAL HOSPITAL BOONEVILLE,250044,MS,READM-30-HIP-KNEE-HRRP,118,1.0624,19.5427,18.3955,27,01-07-2019,30-06-2022
BAPTIST MEMORIAL HOSPITAL BOONEVILLE,250044,MS,READM-30-HF-HRRP,309,1.0805,18.9592,17.5463,64,01-07-2019,30-06-2022
BAPTIST MEMORIAL HOSPITAL BOONEVILLE,250044,MS,READM-30-COPD-HRRP,152,1.2525,6.2651,5.0021,13,01-07-2019,30-06-2022
BAPTIST MEMORIAL HOSPITAL BOONEVILLE,250044,MS,READM-30-CABG-HRRP,859,0.9818,20.1659,20.5389,172,01-07-2019,30-06-2022
BAPTIST MEMORIAL HOSPITAL BOONEVILLE,250044,MS,READM-30-AMI-HRRP,90,1.0553,19.4313,18.4133,21,01-07-2019,30-06-2022
ST DOMINIC-JACKSON MEMORIAL HOSPITAL,250048,MS,READM-30-PN-HRRP,318,1.0406,11.9108,11.4459,39,01-07-2019,30-06-2022
ST DOMINIC-JACKSON MEMORIAL HOSPITAL,250048,MS,READM-30-HIP-KNEE-HRRP,199,1.0642,16.0186,15.0523,35,01-07-2019,30-06-2022
BEACHAM MEMORIAL HOSPITAL,250049,MS,READM-30-PN-HRRP,250,1.0519,17.7993,16.9203,48,01-07-2019,30-06-2022
BEACHAM MEMORIAL HOSPITAL,250049,MS,READM-30-HF-HRRP,322,0.9752,18.5223,18.9938,58,01-07-2019,30-06-2022
BEACHAM MEMORIAL HOSPITAL,250049,MS,READM-30-COPD-HRRP,184,1.037,20.4316,19.7025,40,01-07-2019,30-06-2022
BEACHAM MEMORIAL HOSPITAL,250049,MS,READM-30-AMI-HRRP,114,1.0925,14.5866,13.351,21,01-07-2019,30-06-2022
OCH REGIONAL MEDICAL CENTER,250050,MS,READM-30-PN-HRRP,393,1.0473,17.0096,16.2416,70,01-07-2019,30-06-2022
OCH REGIONAL MEDICAL CENTER,250050,MS,READM-30-HIP-KNEE-HRRP,391,1.183,6.2374,5.2727,27,01-07-2019,30-06-2022
OCH REGIONAL MEDICAL CENTER,250050,MS,READM-30-HF-HRRP,771,1.0128,19.9942,19.7416,155,01-07-2019,30-06-2022
OCH REGIONAL MEDICAL CENTER,250050,MS,READM-30-COPD-HRRP,153,1.0106,19.8057,19.5972,31,01-07-2019,30-06-2022
OCH REGIONAL MEDICAL CENTER,250050,MS,READM-30-AMI-HRRP,236,0.9761,11.5063,11.7884,26,01-07-2019,30-06-2022
KING'S DAUGHTERS MEDICAL CENTER-BROOKHAVEN,250057,MS,READM-30-PN-HRRP,171,1,19.2992,19.2996,33,01-07-2019,30-06-2022
KING'S DAUGHTERS MEDICAL CENTER-BROOKHAVEN,250057,MS,READM-30-HIP-KNEE-HRRP,255,1.065,23.7628,22.3132,65,01-07-2019,30-06-2022
KING'S DAUGHTERS MEDICAL CENTER-BROOKHAVEN,250057,MS,READM-30-HF-HRRP,75,1.1003,22.0216,20.0135,23,01-07-2019,30-06-2022
KING'S DAUGHTERS MEDICAL CENTER-BROOKHAVEN,250057,MS,READM-30-CABG-HRRP,112,1.0142,16.999,16.7614,20,01-07-2019,30-06-2022
SOUTH CENTRAL REG MED CTR,250058,MS,READM-30-PN-HRRP,183,1.0204,20.0328,19.6333,38,01-07-2019,30-06-2022
SOUTH CENTRAL REG MED CTR,250058,MS,READM-30-HF-HRRP,66,1.0648,13.5873,12.7605,12,01-07-2019,30-06-2022
SOUTH CENTRAL REG MED CTR,250058,MS,READM-30-CABG-HRRP,63,0.9835,20.8318,21.1817,12,01-07-2019,30-06-2022
SOUTH CENTRAL REG MED CTR,250058,MS,READM-30-AMI-HRRP,135,1.0035,17.5974,17.5355,24,01-07-2019,30-06-2022
JEFFERSON COUNTY HOSPITAL,250060,MS,READM-30-HIP-KNEE-HRRP,117,0.9493,20.1099,21.1839,20,01-07-2019,30-06-2022
JEFFERSON COUNTY HOSPITAL,250060,MS,READM-30-HF-HRRP,51,1.0256,22.1249,21.5729,13,01-07-2019,30-06-2022
JEFFERSON COUNTY HOSPITAL,250060,MS,READM-30-COPD-HRRP,418,0.9697,15.3277,15.8073,62,01-07-2019,30-06-2022
JEFFERSON COUNTY HOSPITAL,250060,MS,READM-30-CABG-HRRP,305,1.211,5.5883,4.6146,20,01-07-2019,30-06-2022
JEFFERSON COUNTY HOSPITAL,250060,MS,READM-30-AMI-HRRP,451,0.9359,17.807,19.0267,76,01-07-2019,30-06-2022
YALOBUSHA GENERAL HOSPITAL,250061,MS,READM-30-PN-HRRP,112,0.9699,17.8211,18.3746,18,01-07-2019,30-06-2022
YALOBUSHA GENERAL HOSPITAL,250061,MS,READM-30-HIP-KNEE-HRRP,106,0.9475,12.8543,13.5672,11,01-07-2019,30-06-2022
YALOBUSHA GENERAL HOSPITAL,250061,MS,READM-30-HF-HRRP,96,1.0198,19.3951,19.019,20,01-07-2019,30-06-2022
YALOBUSHA GENERAL HOSPITAL,250061,MS,READM-30-COPD-HRRP,555,0.875,3.9719,4.5396,20,01-07-2019,30-06-2022
YALOBUSHA GENERAL HOSPITAL,250061,MS,READM-30-CABG-HRRP,439,0.9912,21.0925,21.2795,92,01-07-2019,30-06-2022
YALOBUSHA GENERAL HOSPITAL,250061,MS,READM-30-AMI-HRRP,93,1.0842,22.009,20.2991,26,01-07-2019,30-06-2022
CLAY COUNTY MEDICAL CORPORATION,250067,MS,READM-30-PN-HRRP,141,1.0087,10.4661,10.3762,15,01-07-2019,30-06-2022
CLAY COUNTY MEDICAL CORPORATION,250067,MS,READM-30-HIP-KNEE-HRRP,249,0.9559,13.7495,14.3842,32,01-07-2019,30-06-2022
CLAY COUNTY MEDICAL CORPORATION,250067,MS,READM-30-HF-HRRP,96,0.9799,14.952,15.258,13,01-07-2019,30-06-2022
CLAY COUNTY MEDICAL CORPORATION,250067,MS,READM-30-CABG-HRRP,197,0.9003,17.6853,19.6432,28,01-07-2019,30-06-2022
OCHSNER RUSH HOSPITAL,250069,MS,READM-30-HIP-KNEE-HRRP,120,1.1018,19.2806,17.499,30,01-07-2019,30-06-2022
OCHSNER RUSH HOSPITAL,250069,MS,READM-30-COPD-HRRP,266,0.9049,17.8722,19.7515,41,01-07-2019,30-06-2022
OCHSNER RUSH HOSPITAL,250069,MS,READM-30-CABG-HRRP,77,1.0161,19.427,19.1192,16,01-07-2019,30-06-2022
MERIT HEALTH CENTRAL,250072,MS,READM-30-PN-HRRP,340,1.0009,15.2763,15.2624,52,01-07-2019,30-06-2022
MERIT HEALTH CENTRAL,250072,MS,READM-30-HF-HRRP,424,0.9977,17.724,17.765,75,01-07-2019,30-06-2022
MERIT HEALTH CENTRAL,250072,MS,READM-30-COPD-HRRP,69,1.0418,16.547,15.8836,14,01-07-2019,30-06-2022
MERIT HEALTH CENTRAL,250072,MS,READM-30-AMI-HRRP,122,1.099,12.7041,11.5601,20,01-07-2019,30-06-2022
WAYNE GENERAL HOSPITAL,250077,MS,READM-30-PN-HRRP,650,1.1106,18.1175,16.3134,125,01-07-2019,30-06-2022
WAYNE GENERAL HOSPITAL,250077,MS,READM-30-HIP-KNEE-HRRP,226,1.0381,4.6143,4.4449,11,01-07-2019,30-06-2022
WAYNE GENERAL HOSPITAL,250077,MS,READM-30-HF-HRRP,985,1.0555,19.6397,18.6076,197,01-07-2019,30-06-2022
WAYNE GENERAL HOSPITAL,250077,MS,READM-30-COPD-HRRP,211,0.9646,18.1673,18.8344,36,01-07-2019,30-06-2022
WAYNE GENERAL HOSPITAL,250077,MS,READM-30-CABG-HRRP,86,1.1138,12.6708,11.376,14,01-07-2019,30-06-2022
WAYNE GENERAL HOSPITAL,250077,MS,READM-30-AMI-HRRP,231,1.0224,12.9563,12.6725,31,01-07-2019,30-06-2022
FORREST GENERAL HOSPITAL,250078,MS,READM-30-PN-HRRP,291,1.0177,15.7453,15.4711,47,01-07-2019,30-06-2022
FORREST GENERAL HOSPITAL,250078,MS,READM-30-HF-HRRP,268,1.0682,20.3891,19.0882,59,01-07-2019,30-06-2022
FORREST GENERAL HOSPITAL,250078,MS,READM-30-COPD-HRRP,106,0.9133,16.7678,18.359,12,01-07-2019,30-06-2022
FORREST GENERAL HOSPITAL,250078,MS,READM-30-CABG-HRRP,81,1.1307,13.5929,12.022,17,01-07-2019,30-06-2022
FORREST GENERAL HOSPITAL,250078,MS,READM-30-AMI-HRRP,361,1.0843,18.1104,16.7019,71,01-07-2019,30-06-2022
ANDERSON REGIONAL MEDICAL CENTER SOUTH CAMPUS,250081,MS,READM-30-HIP-KNEE-HRRP,562,1.0772,21.3567,19.8269,125,01-07-2019,30-06-2022
ANDERSON REGIONAL MEDICAL CENTER SOUTH CAMPUS,250081,MS,READM-30-HF-HRRP,110,0.9878,18.9145,19.1484,20,01-07-2019,30-06-2022
ANDERSON REGIONAL MEDICAL CENTER SOUTH CAMPUS,250081,MS,READM-30-CABG-HRRP,270,0.9693,12.7839,13.1889,33,01-07-2019,30-06-2022
ANDERSON REGIONAL MEDICAL CENTER SOUTH CAMPUS,250081,MS,READM-30-AMI-HRRP,198,1.0619,18.1191,17.063,40,01-07-2019,30-06-2022
DELTA HEALTH SYSTEM - THE MEDICAL CENTER,250082,MS,READM-30-HIP-KNEE-HRRP,484,0.9896,20.8067,21.0256,100,01-07-2019,30-06-2022
DELTA HEALTH SYSTEM - THE MEDICAL CENTER,250082,MS,READM-30-HF-HRRP,138,0.9826,21.1519,21.5258,28,01-07-2019,30-06-2022
DELTA HEALTH SYSTEM - THE MEDICAL CENTER,250082,MS,READM-30-COPD-HRRP,101,1.0237,10.2448,10.0075,11,01-07-2019,30-06-2022
DELTA HEALTH SYSTEM - THE MEDICAL CENTER,250082,MS,READM-30-CABG-HRRP,142,0.9423,13.3315,14.1478,16,01-07-2019,30-06-2022
DELTA HEALTH SYSTEM - THE MEDICAL CENTER,250082,MS,READM-30-AMI-HRRP,521,1.0382,16.9734,16.3491,91,01-07-2019,30-06-2022
MERIT HEALTH NATCHEZ,250084,MS,READM-30-PN-HRRP,248,1.2819,5.3165,4.1475,17,01-07-2019,30-06-2022
MERIT HEALTH NATCHEZ,250084,MS,READM-30-HIP-KNEE-HRRP,634,1.0332,20.1622,19.5137,130,01-07-2019,30-06-2022
MERIT HEALTH NATCHEZ,250084,MS,READM-30-HF-HRRP,208,1.119,22.3392,19.964,54,01-07-2019,30-06-2022
MERIT HEALTH NATCHEZ,250084,MS,READM-30-CABG-HRRP,265,1.0288,13.4432,13.0672,37,01-07-2019,30-06-2022
MERIT HEALTH NATCHEZ,250084,MS,READM-30-AMI-HRRP,172,1.0243,18.2115,17.7797,33,01-07-2019,30-06-2022
MARION GENERAL HOSPITAL,250085,MS,READM-30-HIP-KNEE-HRRP,258,1.0461,20.5426,19.6379,56,01-07-2019,30-06-2022
MARION GENERAL HOSPITAL,250085,MS,READM-30-HF-HRRP,93,0.9654,17.4793,18.1049,14,01-07-2019,30-06-2022
MARION GENERAL HOSPITAL,250085,MS,READM-30-CABG-HRRP,99,1.1251,14.378,12.7794,20,01-07-2019,30-06-2022
BOLIVAR MEDICAL CENTER,250093,MS,READM-30-PN-HRRP,49,1.0339,19.9905,19.3359,12,01-07-2019,30-06-2022
BOLIVAR MEDICAL CENTER,250093,MS,READM-30-HF-HRRP,164,1.0186,16.9127,16.6033,29,01-07-2019,30-06-2022
BOLIVAR MEDICAL CENTER,250093,MS,READM-30-CABG-HRRP,297,1.0063,20.7329,20.6029,62,01-07-2019,30-06-2022
BOLIVAR MEDICAL CENTER,250093,MS,READM-30-AMI-HRRP,49,1.0897,19.3624,17.7689,15,01-07-2019,30-06-2022
MERIT HEALTH WESLEY,250094,MS,READM-30-HIP-KNEE-HRRP,76,1.0207,13.1607,12.8942,11,01-07-2019,30-06-2022
MERIT HEALTH WESLEY,250094,MS,READM-30-HF-HRRP,248,0.9549,15.3694,16.0952,35,01-07-2019,30-06-2022
MERIT HEALTH WESLEY,250094,MS,READM-30-CABG-HRRP,242,0.932,18.8614,20.2374,41,01-07-2019,30-06-2022
MERIT HEALTH WESLEY,250094,MS,READM-30-AMI-HRRP,93,1.024,18.8008,18.3607,19,01-07-2019,30-06-2022
SOUTH SUNFLOWER COUNTY HOSPITAL,250095,MS,READM-30-HIP-KNEE-HRRP,378,1.0235,18.6157,18.1876,72,01-07-2019,30-06-2022
SOUTH SUNFLOWER COUNTY HOSPITAL,250095,MS,READM-30-COPD-HRRP,612,0.9939,20.8183,20.9452,127,01-07-2019,30-06-2022
SOUTH SUNFLOWER COUNTY HOSPITAL,250095,MS,READM-30-CABG-HRRP,176,1.0433,21.1107,20.2349,40,01-07-2019,30-06-2022
SOUTH SUNFLOWER COUNTY HOSPITAL,250095,MS,READM-30-AMI-HRRP,56,1.1465,12.7246,11.0986,11,01-07-2019,30-06-2022
CROSSGATES RIVER OAKS HOSPITAL,250096,MS,READM-30-PN-HRRP,170,0.9861,13.9349,14.1312,23,01-07-2019,30-06-2022
CROSSGATES RIVER OAKS HOSPITAL,250096,MS,READM-30-HF-HRRP,76,0.9898,23.303,23.5421,17,01-07-2019,30-06-2022
CROSSGATES RIVER OAKS HOSPITAL,250096,MS,READM-30-AMI-HRRP,388,0.9749,3.707,3.8024,14,01-07-2019,30-06-2022
SOUTHWEST MS REGIONAL MEDICAL CENTER,250097,MS,READM-30-PN-HRRP,1230,0.8497,2.6356,3.1017,30,01-07-2019,30-06-2022
SOUTHWEST MS REGIONAL MEDICAL CENTER,250097,MS,READM-30-HF-HRRP,1129,0.7218,1.9308,2.6749,17,01-07-2019,30-06-2022
SOUTHWEST MS REGIONAL MEDICAL CENTER,250097,MS,READM-30-COPD-HRRP,714,0.8336,3.6071,4.3271,23,01-07-2019,30-06-2022
SOUTHWEST MS REGIONAL MEDICAL CENTER,250097,MS,READM-30-CABG-HRRP,280,1.0113,16.1569,15.9763,46,01-07-2019,30-06-2022
GREENWOOD LEFLORE HOSPITAL,250099,MS,READM-30-PN-HRRP,533,1.0301,18.9612,18.4065,103,01-07-2019,30-06-2022
GREENWOOD LEFLORE HOSPITAL,250099,MS,READM-30-HIP-KNEE-HRRP,91,1.0568,19.1729,18.1428,21,01-07-2019,30-06-2022
GREENWOOD LEFLORE HOSPITAL,250099,MS,READM-30-COPD-HRRP,138,0.9796,19.9175,20.3323,26,01-07-2019,30-06-2022
GREENWOOD LEFLORE HOSPITAL,250099,MS,READM-30-AMI-HRRP,194,0.9763,20.4175,20.9139,38,01-07-2019,30-06-2022
BMH-GOLDEN TRIANGLE,250100,MS,READM-30-HF-HRRP,222,1.0133,17.6039,17.3734,40,01-07-2019,30-06-2022
BMH-GOLDEN TRIANGLE,250100,MS,READM-30-CABG-HRRP,444,1.1203,22.5923,20.1659,108,01-07-2019,30-06-2022
BMH-GOLDEN TRIANGLE,250100,MS,READM-30-AMI-HRRP,108,1.0167,17.5414,17.2526,20,01-07-2019,30-06-2022
MISSISSIPPI BAPTIST MEDICAL CENTER,250102,MS,READM-30-HIP-KNEE-HRRP,144,1.0159,14.7338,14.5031,22,01-07-2019,30-06-2022
MISSISSIPPI BAPTIST MEDICAL CENTER,250102,MS,READM-30-HF-HRRP,194,1.0526,18.2532,17.3404,39,01-07-2019,30-06-2022
MISSISSIPPI BAPTIST MEDICAL CENTER,250102,MS,READM-30-CABG-HRRP,403,1.0784,21.3271,19.7758,91,01-07-2019,30-06-2022
MISSISSIPPI BAPTIST MEDICAL CENTER,250102,MS,READM-30-AMI-HRRP,114,1.0929,21.1971,19.3952,30,01-07-2019,30-06-2022
ANDERSON REGIONAL MEDICAL CENTER,250104,MS,READM-30-HIP-KNEE-HRRP,98,1.069,17.7743,16.6266,22,01-07-2019,30-06-2022
ANDERSON REGIONAL MEDICAL CENTER,250104,MS,READM-30-HF-HRRP,176,1.0048,19.7053,19.6104,35,01-07-2019,30-06-2022
HIGHLAND COMMUNITY  HOSPITAL,250117,MS,READM-30-PN-HRRP,49,1.0276,18.8664,18.3605,11,01-07-2019,30-06-2022
HIGHLAND COMMUNITY  HOSPITAL,250117,MS,READM-30-HF-HRRP,104,0.9765,18.8159,19.2692,18,01-07-2019,30-06-2022
HIGHLAND COMMUNITY  HOSPITAL,250117,MS,READM-30-CABG-HRRP,73,1.0022,14.8693,14.8367,11,01-07-2019,30-06-2022
HIGHLAND COMMUNITY  HOSPITAL,250117,MS,READM-30-AMI-HRRP,125,1.0109,18.6335,18.432,24,01-07-2019,30-06-2022
SINGING RIVER GULFPORT,250123,MS,READM-30-HIP-KNEE-HRRP,128,0.9807,14.2827,14.5635,17,01-07-2019,30-06-2022
SINGING RIVER GULFPORT,250123,MS,READM-30-COPD-HRRP,186,0.9892,17.5793,17.7712,32,01-07-2019,30-06-2022
SINGING RIVER GULFPORT,250123,MS,READM-30-CABG-HRRP,63,0.9808,19.5002,19.8829,11,01-07-2019,30-06-2022
SINGING RIVER GULFPORT,250123,MS,READM-30-AMI-HRRP,304,0.9583,16.7522,17.4813,48,01-07-2019,30-06-2022
MAGEE GENERAL HOSPITAL,250124,MS,READM-30-HIP-KNEE-HRRP,552,1.067,21.8512,20.4797,125,01-07-2019,30-06-2022
MAGEE GENERAL HOSPITAL,250124,MS,READM-30-HF-HRRP,95,1.0077,20.5136,20.3565,20,01-07-2019,30-06-2022
MAGEE GENERAL HOSPITAL,250124,MS,READM-30-COPD-HRRP,126,0.9937,10.4567,10.5228,13,01-07-2019,30-06-2022
MAGEE GENERAL HOSPITAL,250124,MS,READM-30-CABG-HRRP,282,1.1065,14.5448,13.1443,46,01-07-2019,30-06-2022
MAGEE GENERAL HOSPITAL,250124,MS,READM-30-AMI-HRRP,190,1.0942,16.8071,15.3605,38,01-07-2019,30-06-2022
CHOCTAW HEALTH CENTER,250127,MS,READM-30-PN-HRRP,781,1.0885,4.3167,3.9657,35,01-07-2019,30-06-2022
CHOCTAW HEALTH CENTER,250127,MS,READM-30-HIP-KNEE-HRRP,236,0.9941,18.8075,18.9185,44,01-07-2019,30-06-2022
CHOCTAW HEALTH CENTER,250127,MS,READM-30-HF-HRRP,103,1.0478,16.5888,15.8319,20,01-07-2019,30-06-2022
CHOCTAW HEALTH CENTER,250127,MS,READM-30-COPD-HRRP,309,1.0116,16.5744,16.3851,52,01-07-2019,30-06-2022
CHOCTAW HEALTH CENTER,250127,MS,READM-30-AMI-HRRP,516,0.919,18.7203,20.3709,91,01-07-2019,30-06-2022
PANOLA MEDICAL CENTER,250128,MS,READM-30-PN-HRRP,196,1.1346,22.6831,19.9919,53,01-07-2019,30-06-2022
PANOLA MEDICAL CENTER,250128,MS,READM-30-HIP-KNEE-HRRP,145,1.0881,14.3692,13.2063,25,01-07-2019,30-06-2022
PANOLA MEDICAL CENTER,250128,MS,READM-30-HF-HRRP,146,1.0775,18.3792,17.0568,32,01-07-2019,30-06-2022
PANOLA MEDICAL CENTER,250128,MS,READM-30-COPD-HRRP,175,1.0454,22.261,21.2943,42,01-07-2019,30-06-2022
PANOLA MEDICAL CENTER,250128,MS,READM-30-AMI-HRRP,91,1.0305,16.9965,16.494,17,01-07-2019,30-06-2022
WHITFIELD MEDICAL SURGICAL HOSPITAL,250134,MS,READM-30-PN-HRRP,390,1.0401,16.244,15.6181,66,01-07-2019,30-06-2022
WHITFIELD MEDICAL SURGICAL HOSPITAL,250134,MS,READM-30-HIP-KNEE-HRRP,350,0.8901,3.649,4.0998,11,01-07-2019,30-06-2022
WHITFIELD MEDICAL SURGICAL HOSPITAL,250134,MS,READM-30-HF-HRRP,700,0.9688,18.2953,18.884,126,01-07-2019,30-06-2022
WHITFIELD MEDICAL SURGICAL HOSPITAL,250134,MS,READM-30-COPD-HRRP,144,1.127,20.8895,18.5363,38,01-07-2019,30-06-2022
WHITFIELD MEDICAL SURGICAL HOSPITAL,250134,MS,READM-30-CABG-HRRP,253,0.9551,12.3368,12.9168,29,01-07-2019,30-06-2022
WHITFIELD MEDICAL SURGICAL HOSPITAL,250134,MS,READM-30-AMI-HRRP,161,0.9629,13.9708,14.5091,20,01-07-2019,30-06-2022
MERIT HEALTH WOMEN'S HOSPITAL,250136,MS,READM-30-PN-HRRP,205,0.907,17.7438,19.5622,30,01-07-2019,30-06-2022
MERIT HEALTH WOMEN'S HOSPITAL,250136,MS,READM-30-HF-HRRP,393,1.0277,16.0716,15.6383,65,01-07-2019,30-06-2022
MERIT HEALTH WOMEN'S HOSPITAL,250136,MS,READM-30-CABG-HRRP,462,0.9265,18.6207,20.0969,81,01-07-2019,30-06-2022
MERIT HEALTH WOMEN'S HOSPITAL,250136,MS,READM-30-AMI-HRRP,112,1.0138,18.8432,18.586,22,01-07-2019,30-06-2022
MERIT HEALTH RIVER OAKS,250138,MS,READM-30-HIP-KNEE-HRRP,235,1.0552,13.7854,13.0639,35,01-07-2019,30-06-2022
MERIT HEALTH RIVER OAKS,250138,MS,READM-30-HF-HRRP,270,1.0788,18.787,17.4151,56,01-07-2019,30-06-2022
MERIT HEALTH RIVER OAKS,250138,MS,READM-30-COPD-HRRP,168,1.2127,6.5349,5.3888,14,01-07-2019,30-06-2022
MERIT HEALTH RIVER OAKS,250138,MS,READM-30-CABG-HRRP,487,1.0044,21.2943,21.2012,104,01-07-2019,30-06-2022
MERIT HEALTH RIVER OAKS,250138,MS,READM-30-AMI-HRRP,120,1.0535,24.4609,23.2193,33,01-07-2019,30-06-2022
BAPTIST MEMORIAL HOSPITAL DESOTO,250141,MS,READM-30-PN-HRRP,127,1.0499,10.7453,10.2351,15,01-07-2019,30-06-2022
BAPTIST MEMORIAL HOSPITAL DESOTO,250141,MS,READM-30-HIP-KNEE-HRRP,262,1.0684,14.037,13.1386,40,01-07-2019,30-06-2022
BAPTIST MEMORIAL HOSPITAL DESOTO,250141,MS,READM-30-HF-HRRP,101,1.0361,16.4366,15.8638,19,01-07-2019,30-06-2022
BAPTIST MEMORIAL HOSPITAL DESOTO,250141,MS,READM-30-COPD-HRRP,57,1.0435,19.6092,18.7917,14,01-07-2019,30-06-2022
BAPTIST MEMORIAL HOSPITAL DESOTO,250141,MS,READM-30-AMI-HRRP,680,1.0108,15.776,15.6072,108,01-07-2019,30-06-2022
ALLIANCE HEALTH CENTER,250151,MS,READM-30-HIP-KNEE-HRRP,712,1.0041,19.9058,19.8249,142,01-07-2019,30-06-2022
ALLIANCE HEALTH CENTER,250151,MS,READM-30-HF-HRRP,256,1.014,18.789,18.5293,49,01-07-2019,30-06-2022
ALLIANCE HEALTH CENTER,250151,MS,READM-30-COPD-HRRP,171,1.0876,11.4908,10.5658,22,01-07-2019,30-06-2022
ALLIANCE HEALTH CENTER,250151,MS,READM-30-CABG-HRRP,445,0.8986,10.8015,12.0198,43,01-07-2019,30-06-2022
ALLIANCE HEALTH CENTER,250151,MS,READM-30-AMI-HRRP,326,0.9529,14.7921,15.5234,45,01-07-2019,30-06-2022
MISSISSIPPI METHODIST REHAB CTR,250152,MS,READM-30-HIP-KNEE-HRRP,196,0.9828,17.9216,18.2353,34,01-07-2019,30-06-2022
MISSISSIPPI METHODIST REHAB CTR,250152,MS,READM-30-HF-HRRP,97,1.0976,20.5333,18.7078,26,01-07-2019,30-06-2022
MISSISSIPPI METHODIST REHAB CTR,250152,MS,READM-30-CABG-HRRP,217,1.0986,18.2105,16.5766,46,01-07-2019,30-06-2022
OCHSNER MEDICAL CENTER-HANCOCK,250162,MS,READM-30-PN-HRRP,97,1.0867,23.9441,22.0337,29,01-07-2019,30-06-2022
OCHSNER MEDICAL CENTER-HANCOCK,250162,MS,READM-30-COPD-HRRP,181,0.945,15.3577,16.2519,24,01-07-2019,30-06-2022
OCHSNER MEDICAL CENTER-HANCOCK,250162,MS,READM-30-CABG-HRRP,115,0.9851,19.1134,19.4017,21,01-07-2019,30-06-2022
PATIENTS CHOICE MEDICAL CENTER OF SMITH COUNTY,250163,MS,READM-30-PN-HRRP,279,1.0377,17.3748,16.7436,51,01-07-2019,30-06-2022
PATIENTS CHOICE MEDICAL CENTER OF SMITH COUNTY,250163,MS,READM-30-HF-HRRP,657,0.9797,19.8421,20.2539,129,01-07-2019,30-06-2022
PATIENTS CHOICE MEDICAL CENTER OF SMITH COUNTY,250163,MS,READM-30-COPD-HRRP,62,1.0126,18.0771,17.8524,12,01-07-2019,30-06-2022
PATIENTS CHOICE MEDICAL CENTER OF SMITH COUNTY,250163,MS,READM-30-CABG-HRRP,156,1.0471,10.7165,10.2349,18,01-07-2019,30-06-2022
PATIENTS CHOICE MEDICAL CENTER OF SMITH COUNTY,250163,MS,READM-30-AMI-HRRP,370,0.9916,13.0836,13.1945,48,01-07-2019,30-06-2022
METHODIST HEALTHCARE - OLIVE BRANCH HOSPITAL,250167,MS,READM-30-HIP-KNEE-HRRP,119,1.0591,16.8857,15.9431,24,01-07-2019,30-06-2022
METHODIST HEALTHCARE - OLIVE BRANCH HOSPITAL,250167,MS,READM-30-HF-HRRP,117,1.1337,21.1255,18.6335,33,01-07-2019,30-06-2022
METHODIST HEALTHCARE - OLIVE BRANCH HOSPITAL,250167,MS,READM-30-CABG-HRRP,144,1.0534,11.4858,10.9037,19,01-07-2019,30-06-2022
METHODIST HEALTHCARE - OLIVE BRANCH HOSPITAL,250167,MS,READM-30-AMI-HRRP,470,0.9716,14.6618,15.09,67,01-07-2019,30-06-2022
UNIVERSITY OF MISSISSIPPI MEDICAL CENTER- GRENADA,250168,MS,READM-30-PN-HRRP,709,0.9644,4.168,4.3218,29,01-07-2019,30-06-2022
UNIVERSITY OF MISSISSIPPI MEDICAL CENTER- GRENADA,250168,MS,READM-30-HIP-KNEE-HRRP,540,0.9802,18.2035,18.5713,97,01-07-2019,30-06-2022
UNIVERSITY OF MISSISSIPPI MEDICAL CENTER- GRENADA,250168,MS,READM-30-HF-HRRP,140,0.9192,17.4116,18.9422,19,01-07-2019,30-06-2022
UNIVERSITY OF MISSISSIPPI MEDICAL CENTER- GRENADA,250168,MS,READM-30-COPD-HRRP,117,1.07,10.3734,9.695,14,01-07-2019,30-06-2022
UNIVERSITY OF MISSISSIPPI MEDICAL CENTER- GRENADA,250168,MS,READM-30-CABG-HRRP,182,0.9896,11.2606,11.3786,20,01-07-2019,30-06-2022
UNIVERSITY OF MISSISSIPPI MEDICAL CENTER- GRENADA,250168,MS,READM-30-AMI-HRRP,203,1.0579,16.8431,15.9214,38,01-07-2019,30-06-2022
HIGHLAND HILLS MEDICAL CENTER,250172,MS,READM-30-HIP-KNEE-HRRP,402,0.8892,17.3262,19.4862,62,01-07-2019,30-06-2022
HIGHLAND HILLS MEDICAL CENTER,250172,MS,READM-30-COPD-HRRP,139,1.018,10.4334,10.2488,15,01-07-2019,30-06-2022
HIGHLAND HILLS MEDICAL CENTER,250172,MS,READM-30-CABG-HRRP,282,0.9188,11.728,12.7642,29,01-07-2019,30-06-2022
HIGHLAND HILLS MEDICAL CENTER,250172,MS,READM-30-AMI-HRRP,612,1.0544,16.8955,16.0242,107,01-07-2019,30-06-2022
MERCY HOSPITAL JOPLIN,260001,MO,READM-30-HIP-KNEE-HRRP,603,0.9584,18.5385,19.3435,109,01-07-2019,30-06-2022
MERCY HOSPITAL JOPLIN,260001,MO,READM-30-HF-HRRP,189,0.9935,19.8051,19.9356,37,01-07-2019,30-06-2022
MERCY HOSPITAL JOPLIN,260001,MO,READM-30-CABG-HRRP,159,0.9312,11.6048,12.4628,15,01-07-2019,30-06-2022
MERCY HOSPITAL JOPLIN,260001,MO,READM-30-AMI-HRRP,98,1.036,17.9117,17.289,20,01-07-2019,30-06-2022
SSM ST JOSEPH HEALTH CENTER,260005,MO,READM-30-PN-HRRP,117,1.0919,21.4599,19.6545,31,01-07-2019,30-06-2022
SSM ST JOSEPH HEALTH CENTER,260005,MO,READM-30-HIP-KNEE-HRRP,48,1.0155,20.7693,20.452,11,01-07-2019,30-06-2022
SSM ST JOSEPH HEALTH CENTER,260005,MO,READM-30-HF-HRRP,124,0.9149,13.5967,14.8611,11,01-07-2019,30-06-2022
SSM ST JOSEPH HEALTH CENTER,260005,MO,READM-30-COPD-HRRP,170,0.995,18.4246,18.5163,31,01-07-2019,30-06-2022
SSM ST JOSEPH HEALTH CENTER,260005,MO,READM-30-AMI-HRRP,115,1.0591,17.4616,16.4865,24,01-07-2019,30-06-2022
MOSAIC LIFE CARE AT ST JOSEPH,260006,MO,READM-30-PN-HRRP,143,1.0219,20.6711,20.2288,31,01-07-2019,30-06-2022
MOSAIC LIFE CARE AT ST JOSEPH,260006,MO,READM-30-HIP-KNEE-HRRP,121,1.0098,19.3026,19.115,24,01-07-2019,30-06-2022
MOSAIC LIFE CARE AT ST JOSEPH,260006,MO,READM-30-COPD-HRRP,89,0.9883,17.7077,17.9176,15,01-07-2019,30-06-2022
MOSAIC LIFE CARE AT ST JOSEPH,260006,MO,READM-30-AMI-HRRP,137,1.0246,17.0383,16.6285,25,01-07-2019,30-06-2022
BOTHWELL REGIONAL HEALTH CENTER,260009,MO,READM-30-PN-HRRP,124,0.9511,18.7986,19.7657,20,01-07-2019,30-06-2022
BOTHWELL REGIONAL HEALTH CENTER,260009,MO,READM-30-HF-HRRP,57,1.069,16.6677,15.5917,14,01-07-2019,30-06-2022
BOTHWELL REGIONAL HEALTH CENTER,260009,MO,READM-30-AMI-HRRP,118,0.9169,14.1988,15.4848,11,01-07-2019,30-06-2022
SSM HEALTH ST MARY'S HOSPITAL JEFFERSON CITY,260011,MO,READM-30-HIP-KNEE-HRRP,140,0.9263,19.3496,20.8884,22,01-07-2019,30-06-2022
SSM HEALTH ST MARY'S HOSPITAL JEFFERSON CITY,260011,MO,READM-30-COPD-HRRP,216,1.052,15.1111,14.3646,36,01-07-2019,30-06-2022
SSM HEALTH ST MARY'S HOSPITAL JEFFERSON CITY,260011,MO,READM-30-AMI-HRRP,238,1.0376,18.3261,17.6621,46,01-07-2019,30-06-2022
PHELPS COUNTY REGIONAL MEDICAL CENTER,260017,MO,READM-30-PN-HRRP,160,0.9853,16.8317,17.0825,26,01-07-2019,30-06-2022
PHELPS COUNTY REGIONAL MEDICAL CENTER,260017,MO,READM-30-HIP-KNEE-HRRP,81,1.088,12.2805,11.2875,14,01-07-2019,30-06-2022
PHELPS COUNTY REGIONAL MEDICAL CENTER,260017,MO,READM-30-HF-HRRP,633,1.0296,17.534,17.0298,113,01-07-2019,30-06-2022
PHELPS COUNTY REGIONAL MEDICAL CENTER,260017,MO,READM-30-CABG-HRRP,826,1.0673,22.5868,21.1632,191,01-07-2019,30-06-2022
PHELPS COUNTY REGIONAL MEDICAL CENTER,260017,MO,READM-30-AMI-HRRP,256,1.02,20.1916,19.7948,53,01-07-2019,30-06-2022
MERCY HOSPITAL ST LOUIS,260020,MO,READM-30-PN-HRRP,180,1.0032,11.6165,11.5795,21,01-07-2019,30-06-2022
MERCY HOSPITAL ST LOUIS,260020,MO,READM-30-HIP-KNEE-HRRP,385,1.0313,14.4106,13.9736,57,01-07-2019,30-06-2022
MERCY HOSPITAL ST LOUIS,260020,MO,READM-30-HF-HRRP,79,1.0291,15.3264,14.8933,14,01-07-2019,30-06-2022
MERCY HOSPITAL ST LOUIS,260020,MO,READM-30-AMI-HRRP,90,1.0198,16.2994,15.9825,16,01-07-2019,30-06-2022
NORTHEAST REGIONAL MEDICAL CENTER,260022,MO,READM-30-PN-HRRP,78,1.0493,20.2914,19.3387,19,01-07-2019,30-06-2022
NORTHEAST REGIONAL MEDICAL CENTER,260022,MO,READM-30-HF-HRRP,203,0.946,14.1234,14.9298,25,01-07-2019,30-06-2022
NORTHEAST REGIONAL MEDICAL CENTER,260022,MO,READM-30-COPD-HRRP,216,0.9904,18.8094,18.9913,40,01-07-2019,30-06-2022
NORTHEAST REGIONAL MEDICAL CENTER,260022,MO,READM-30-CABG-HRRP,86,0.9959,17.7485,17.8222,15,01-07-2019,30-06-2022
NORTHEAST REGIONAL MEDICAL CENTER,260022,MO,READM-30-AMI-HRRP,178,1.0624,17.3396,16.3219,35,01-07-2019,30-06-2022
MERCY HOSPITAL JEFFERSON,260023,MO,READM-30-HIP-KNEE-HRRP,199,1.0202,19.9362,19.5413,41,01-07-2019,30-06-2022
MERCY HOSPITAL JEFFERSON,260023,MO,READM-30-HF-HRRP,106,0.9415,17.8428,18.9516,15,01-07-2019,30-06-2022
MERCY HOSPITAL JEFFERSON,260023,MO,READM-30-COPD-HRRP,78,1.0518,13.4703,12.8072,13,01-07-2019,30-06-2022
MERCY HOSPITAL JEFFERSON,260023,MO,READM-30-CABG-HRRP,162,0.9975,16.1537,16.1941,26,01-07-2019,30-06-2022
TEXAS COUNTY MEMORIAL HOSPITAL,260024,MO,READM-30-PN-HRRP,316,0.947,19.5007,20.5914,58,01-07-2019,30-06-2022
TEXAS COUNTY MEMORIAL HOSPITAL,260024,MO,READM-30-HIP-KNEE-HRRP,98,1.0253,17.7698,17.3317,19,01-07-2019,30-06-2022
TEXAS COUNTY MEMORIAL HOSPITAL,260024,MO,READM-30-COPD-HRRP,223,1.0069,15.0401,14.9364,34,01-07-2019,30-06-2022
TEXAS COUNTY MEMORIAL HOSPITAL,260024,MO,READM-30-AMI-HRRP,320,0.9548,17.8093,18.6515,54,01-07-2019,30-06-2022
HANNIBAL REGIONAL HOSPITAL,260025,MO,READM-30-PN-HRRP,103,0.9663,16.6476,17.2281,15,01-07-2019,30-06-2022
HANNIBAL REGIONAL HOSPITAL,260025,MO,READM-30-HF-HRRP,173,1.0035,12.0418,11.9994,21,01-07-2019,30-06-2022
HANNIBAL REGIONAL HOSPITAL,260025,MO,READM-30-AMI-HRRP,761,1.029,16.0418,15.5902,124,01-07-2019,30-06-2022
RESEARCH MEDICAL CENTER,260027,MO,READM-30-HIP-KNEE-HRRP,975,1.0174,19.781,19.4431,194,01-07-2019,30-06-2022
RESEARCH MEDICAL CENTER,260027,MO,READM-30-HF-HRRP,222,1.0658,19.3101,18.1179,47,01-07-2019,30-06-2022
RESEARCH MEDICAL CENTER,260027,MO,READM-30-COPD-HRRP,183,1.1413,10.5766,9.2672,23,01-07-2019,30-06-2022
RESEARCH MEDICAL CENTER,260027,MO,READM-30-CABG-HRRP,352,1.0716,12.4126,11.5829,47,01-07-2019,30-06-2022
RESEARCH MEDICAL CENTER,260027,MO,READM-30-AMI-HRRP,392,0.9186,15.4962,16.87,55,01-07-2019,30-06-2022
BARNES JEWISH HOSPITAL,260032,MO,READM-30-PN-HRRP,610,0.975,18.9609,19.4462,114,01-07-2019,30-06-2022
BARNES JEWISH HOSPITAL,260032,MO,READM-30-HIP-KNEE-HRRP,106,1.0373,19.4757,18.7755,23,01-07-2019,30-06-2022
BARNES JEWISH HOSPITAL,260032,MO,READM-30-HF-HRRP,180,1.1751,11.3938,9.6957,25,01-07-2019,30-06-2022
BARNES JEWISH HOSPITAL,260032,MO,READM-30-COPD-HRRP,434,1.0131,12.0696,11.9137,53,01-07-2019,30-06-2022
BARNES JEWISH HOSPITAL,260032,MO,READM-30-CABG-HRRP,448,0.9169,15.1506,16.5231,62,01-07-2019,30-06-2022
BARNES JEWISH HOSPITAL,260032,MO,READM-30-AMI-HRRP,146,1.3383,6.4913,4.8502,14,01-07-2019,30-06-2022
BATES COUNTY MEMORIAL HOSPITAL,260034,MO,READM-30-PN-HRRP,674,1.081,22.9451,21.2254,160,01-07-2019,30-06-2022
BATES COUNTY MEMORIAL HOSPITAL,260034,MO,READM-30-HIP-KNEE-HRRP,174,0.9544,18.4112,19.2914,29,01-07-2019,30-06-2022
BATES COUNTY MEMORIAL HOSPITAL,260034,MO,READM-30-COPD-HRRP,359,1.0882,16.0854,14.7822,62,01-07-2019,30-06-2022
BATES COUNTY MEMORIAL HOSPITAL,260034,MO,READM-30-CABG-HRRP,374,1.0131,15.5424,15.3412,59,01-07-2019,30-06-2022
COX MEDICAL CENTERS,260040,MO,READM-30-PN-HRRP,352,1.1057,20.2705,18.3328,78,01-07-2019,30-06-2022
COX MEDICAL CENTERS,260040,MO,READM-30-HIP-KNEE-HRRP,53,1.0355,16.673,16.102,11,01-07-2019,30-06-2022
COX MEDICAL CENTERS,260040,MO,READM-30-COPD-HRRP,178,1.0218,12.3325,12.069,23,01-07-2019,30-06-2022
COX MEDICAL CENTERS,260040,MO,READM-30-CABG-HRRP,178,0.9744,15.5829,15.9915,26,01-07-2019,30-06-2022
CAPITAL REGION MEDICAL CENTER,260047,MO,READM-30-PN-HRRP,308,0.9837,18.2055,18.5081,55,01-07-2019,30-06-2022
CAPITAL REGION MEDICAL CENTER,260047,MO,READM-30-HIP-KNEE-HRRP,79,0.9795,18.1305,18.5106,13,01-07-2019,30-06-2022
CAPITAL REGION MEDICAL CENTER,260047,MO,READM-30-COPD-HRRP,663,1.0458,17.3358,16.577,118,01-07-2019,30-06-2022
CAPITAL REGION MEDICAL CENTER,260047,MO,READM-30-AMI-HRRP,849,1.0321,20.0119,19.3888,172,01-07-2019,30-06-2022
TRUMAN MEDICAL CENTER HOSPITAL HILL,260048,MO,READM-30-PN-HRRP,186,0.9197,16.8616,18.3334,26,01-07-2019,30-06-2022
TRUMAN MEDICAL CENTER HOSPITAL HILL,260048,MO,READM-30-HIP-KNEE-HRRP,212,0.9992,9.9167,9.9251,21,01-07-2019,30-06-2022
TRUMAN MEDICAL CENTER HOSPITAL HILL,260048,MO,READM-30-HF-HRRP,537,0.9705,12.0006,12.3654,63,01-07-2019,30-06-2022
TRUMAN MEDICAL CENTER HOSPITAL HILL,260048,MO,READM-30-COPD-HRRP,153,1.0005,16.3173,16.3091,25,01-07-2019,30-06-2022
TRUMAN MEDICAL CENTER HOSPITAL HILL,260048,MO,READM-30-AMI-HRRP,110,0.9804,19.373,19.7596,20,01-07-2019,30-06-2022
Mosaic Medical Center - Maryville,260050,MO,READM-30-HIP-KNEE-HRRP,246,0.9596,16.1868,16.8682,37,01-07-2019,30-06-2022
Mosaic Medical Center - Maryville,260050,MO,READM-30-COPD-HRRP,636,0.9484,18.3136,19.3091,113,01-07-2019,30-06-2022
Mosaic Medical Center - Maryville,260050,MO,READM-30-CABG-HRRP,77,0.9959,18.5231,18.5986,14,01-07-2019,30-06-2022
Mosaic Medical Center - Maryville,260050,MO,READM-30-AMI-HRRP,191,0.9659,9.9245,10.2745,18,01-07-2019,30-06-2022
MERCY HOSPITAL WASHINGTON,260052,MO,READM-30-PN-HRRP,264,0.9306,10.7587,11.561,25,01-07-2019,30-06-2022
MERCY HOSPITAL WASHINGTON,260052,MO,READM-30-HIP-KNEE-HRRP,94,1.0296,16.0032,15.5426,17,01-07-2019,30-06-2022
MERCY HOSPITAL WASHINGTON,260052,MO,READM-30-AMI-HRRP,264,1.0798,17.6991,16.3909,52,01-07-2019,30-06-2022
CAMERON REGIONAL MEDICAL CENTER,260057,MO,READM-30-PN-HRRP,309,0.9957,20.4824,20.5716,63,01-07-2019,30-06-2022
CAMERON REGIONAL MEDICAL CENTER,260057,MO,READM-30-HIP-KNEE-HRRP,156,0.9443,18.4214,19.5077,25,01-07-2019,30-06-2022
CAMERON REGIONAL MEDICAL CENTER,260057,MO,READM-30-COPD-HRRP,153,0.9703,14.0484,14.4777,20,01-07-2019,30-06-2022
CAMERON REGIONAL MEDICAL CENTER,260057,MO,READM-30-CABG-HRRP,283,0.9727,14.0728,14.4675,38,01-07-2019,30-06-2022
CAMERON REGIONAL MEDICAL CENTER,260057,MO,READM-30-AMI-HRRP,246,1.1405,4.0712,3.5696,12,01-07-2019,30-06-2022
MERCY HOSPITAL LEBANON,260059,MO,READM-30-PN-HRRP,282,1.0112,19.2431,19.0296,55,01-07-2019,30-06-2022
MERCY HOSPITAL LEBANON,260059,MO,READM-30-HIP-KNEE-HRRP,135,1.0179,16.2188,15.9341,23,01-07-2019,30-06-2022
MERCY HOSPITAL LEBANON,260059,MO,READM-30-COPD-HRRP,151,0.9607,15.7036,16.3458,21,01-07-2019,30-06-2022
MERCY HOSPITAL LEBANON,260059,MO,READM-30-CABG-HRRP,105,0.9722,18.9169,19.4579,18,01-07-2019,30-06-2022
NEVADA REGIONAL MEDICAL CENTER,260061,MO,READM-30-HIP-KNEE-HRRP,108,1.0206,15.4004,15.089,18,01-07-2019,30-06-2022
NEVADA REGIONAL MEDICAL CENTER,260061,MO,READM-30-HF-HRRP,72,0.9819,16.8875,17.199,11,01-07-2019,30-06-2022
NEVADA REGIONAL MEDICAL CENTER,260061,MO,READM-30-CABG-HRRP,88,0.9762,14.3188,14.6684,11,01-07-2019,30-06-2022
SAINT LUKES NORTH HOSPITAL,260062,MO,READM-30-PN-HRRP,100,0.9317,16.5104,17.7214,12,01-07-2019,30-06-2022
SAINT LUKES NORTH HOSPITAL,260062,MO,READM-30-HF-HRRP,408,0.969,15.7201,16.2237,62,01-07-2019,30-06-2022
SAINT LUKES NORTH HOSPITAL,260062,MO,READM-30-CABG-HRRP,441,0.9753,18.9664,19.4473,82,01-07-2019,30-06-2022
SAINT LUKES NORTH HOSPITAL,260062,MO,READM-30-AMI-HRRP,120,1.0009,18.2858,18.2696,22,01-07-2019,30-06-2022
MERCY HOSPITAL SPRINGFIELD,260065,MO,READM-30-HIP-KNEE-HRRP,157,0.9896,14.4506,14.6017,22,01-07-2019,30-06-2022
MERCY HOSPITAL SPRINGFIELD,260065,MO,READM-30-COPD-HRRP,127,0.9694,17.3194,17.8661,20,01-07-2019,30-06-2022
MERCY HOSPITAL SPRINGFIELD,260065,MO,READM-30-AMI-HRRP,126,1.0672,17.1287,16.0497,26,01-07-2019,30-06-2022
BOONE HOSPITAL CENTER,260068,MO,READM-30-PN-HRRP,59,1.0482,21.7016,20.7041,16,01-07-2019,30-06-2022
BOONE HOSPITAL CENTER,260068,MO,READM-30-HF-HRRP,69,1.041,14.9996,14.4083,13,01-07-2019,30-06-2022
PEMISCOT COUNTY MEMORIAL HOSPITAL,260070,MO,READM-30-PN-HRRP,100,1.0533,20.5578,19.5182,24,01-07-2019,30-06-2022
PEMISCOT COUNTY MEMORIAL HOSPITAL,260070,MO,READM-30-CABG-HRRP,59,1.007,17.8803,17.7565,11,01-07-2019,30-06-2022
MOBERLY REGIONAL MEDICAL CENTER,260074,MO,READM-30-CABG-HRRP,116,0.9984,14.747,14.7706,17,01-07-2019,30-06-2022
MERCY HOSPITAL SOUTH,260077,MO,READM-30-HF-HRRP,123,0.9104,13.993,15.371,11,01-07-2019,30-06-2022
MERCY HOSPITAL SOUTH,260077,MO,READM-30-CABG-HRRP,164,0.8787,17.3242,19.7152,20,01-07-2019,30-06-2022
OZARKS HEALTHCARE,260078,MO,READM-30-HIP-KNEE-HRRP,89,1.0058,15.2938,15.2056,14,01-07-2019,30-06-2022
OZARKS HEALTHCARE,260078,MO,READM-30-CABG-HRRP,451,0.8937,14.9852,16.7668,60,01-07-2019,30-06-2022
OZARKS HEALTHCARE,260078,MO,READM-30-AMI-HRRP,411,1.0705,5.3392,4.9876,23,01-07-2019,30-06-2022
SSM ST CLARE HEALTH CENTER,260081,MO,READM-30-PN-HRRP,320,0.9399,18.4569,19.6365,55,01-07-2019,30-06-2022
SSM ST CLARE HEALTH CENTER,260081,MO,READM-30-HIP-KNEE-HRRP,169,0.9437,17.5888,18.6389,26,01-07-2019,30-06-2022
SSM ST CLARE HEALTH CENTER,260081,MO,READM-30-COPD-HRRP,326,0.8837,15.7844,17.8607,43,01-07-2019,30-06-2022
SSM ST CLARE HEALTH CENTER,260081,MO,READM-30-CABG-HRRP,151,1.2479,6.9835,5.5963,14,01-07-2019,30-06-2022
SSM ST CLARE HEALTH CENTER,260081,MO,READM-30-AMI-HRRP,573,0.8281,16.6162,20.0644,83,01-07-2019,30-06-2022
ST JOSEPH MEDICAL CENTER,260085,MO,READM-30-PN-HRRP,159,0.9217,17.7674,19.2768,23,01-07-2019,30-06-2022
ST JOSEPH MEDICAL CENTER,260085,MO,READM-30-HF-HRRP,360,0.8735,11.5327,13.2025,35,01-07-2019,30-06-2022
SSM HEALTH ST MARY'S HOSPITAL - ST LOUIS,260091,MO,READM-30-PN-HRRP,396,0.9075,14.2625,15.7165,50,01-07-2019,30-06-2022
SSM HEALTH ST MARY'S HOSPITAL - ST LOUIS,260091,MO,READM-30-HF-HRRP,513,0.8426,15.9867,18.9737,71,01-07-2019,30-06-2022
SSM HEALTH ST MARY'S HOSPITAL - ST LOUIS,260091,MO,READM-30-COPD-HRRP,175,0.9925,17.4158,17.5474,30,01-07-2019,30-06-2022
SSM HEALTH ST MARY'S HOSPITAL - ST LOUIS,260091,MO,READM-30-AMI-HRRP,329,0.8659,10.2777,11.8692,27,01-07-2019,30-06-2022
COX MEDICAL CENTER BRANSON,260094,MO,READM-30-HIP-KNEE-HRRP,697,0.9548,3.6869,3.8615,25,01-07-2019,30-06-2022
COX MEDICAL CENTER BRANSON,260094,MO,READM-30-HF-HRRP,940,0.7347,2.51,3.4161,19,01-07-2019,30-06-2022
COX MEDICAL CENTER BRANSON,260094,MO,READM-30-COPD-HRRP,233,0.8451,15.3007,18.1042,25,01-07-2019,30-06-2022
COX MEDICAL CENTER BRANSON,260094,MO,READM-30-CABG-HRRP,202,1.0495,10.2286,9.7458,22,01-07-2019,30-06-2022
COX MEDICAL CENTER BRANSON,260094,MO,READM-30-AMI-HRRP,465,0.8404,9.9251,11.8098,38,01-07-2019,30-06-2022
CENTERPOINT MEDICAL CENTER,260095,MO,READM-30-PN-HRRP,59,1.0177,18.2579,17.9407,12,01-07-2019,30-06-2022
CENTERPOINT MEDICAL CENTER,260095,MO,READM-30-CABG-HRRP,896,0.9436,16.4036,17.3847,143,01-07-2019,30-06-2022
NORTH KANSAS CITY HOSPITAL,260096,MO,READM-30-PN-HRRP,1117,1.0573,21.9544,20.7645,249,01-07-2019,30-06-2022
NORTH KANSAS CITY HOSPITAL,260096,MO,READM-30-HIP-KNEE-HRRP,277,0.9841,20.6002,20.9325,56,01-07-2019,30-06-2022
NORTH KANSAS CITY HOSPITAL,260096,MO,READM-30-HF-HRRP,177,0.9406,9.999,10.6303,16,01-07-2019,30-06-2022
NORTH KANSAS CITY HOSPITAL,260096,MO,READM-30-COPD-HRRP,744,1.0476,13.9421,13.3084,106,01-07-2019,30-06-2022
NORTH KANSAS CITY HOSPITAL,260096,MO,READM-30-CABG-HRRP,147,0.9942,16.5975,16.695,24,01-07-2019,30-06-2022
NORTH KANSAS CITY HOSPITAL,260096,MO,READM-30-AMI-HRRP,203,0.9908,20.9971,21.1917,42,01-07-2019,30-06-2022
WESTERN MISSOURI MEDICAL CENTER,260097,MO,READM-30-PN-HRRP,118,1.096,21.1454,19.2933,31,01-07-2019,30-06-2022
WESTERN MISSOURI MEDICAL CENTER,260097,MO,READM-30-HF-HRRP,338,1.0062,18.2159,18.1043,62,01-07-2019,30-06-2022
WESTERN MISSOURI MEDICAL CENTER,260097,MO,READM-30-CABG-HRRP,218,1.0906,22.512,20.6428,55,01-07-2019,30-06-2022
WESTERN MISSOURI MEDICAL CENTER,260097,MO,READM-30-AMI-HRRP,92,1.0232,22.1956,21.6921,22,01-07-2019,30-06-2022
UNIVERSITY HEALTH LAKEWOOD MEDICAL CENTER,260102,MO,READM-30-PN-HRRP,47,1.0874,14.5882,13.416,11,01-07-2019,30-06-2022
UNIVERSITY HEALTH LAKEWOOD MEDICAL CENTER,260102,MO,READM-30-HIP-KNEE-HRRP,99,0.9758,13.7383,14.0792,12,01-07-2019,30-06-2022
UNIVERSITY HEALTH LAKEWOOD MEDICAL CENTER,260102,MO,READM-30-COPD-HRRP,178,0.9552,15.7786,16.5181,25,01-07-2019,30-06-2022
UNIVERSITY HEALTH LAKEWOOD MEDICAL CENTER,260102,MO,READM-30-AMI-HRRP,228,1.0355,20.0419,19.3557,48,01-07-2019,30-06-2022
SSM HEALTH DEPAUL HOSPITAL ST LOUIS,260104,MO,READM-30-PN-HRRP,116,0.9051,17.64,19.4895,14,01-07-2019,30-06-2022
SSM HEALTH DEPAUL HOSPITAL ST LOUIS,260104,MO,READM-30-HF-HRRP,422,0.9696,16.8513,17.3798,69,01-07-2019,30-06-2022
SSM HEALTH DEPAUL HOSPITAL ST LOUIS,260104,MO,READM-30-CABG-HRRP,296,1.0154,20.937,20.6195,63,01-07-2019,30-06-2022
SSM HEALTH DEPAUL HOSPITAL ST LOUIS,260104,MO,READM-30-AMI-HRRP,99,0.9136,16.8872,18.484,11,01-07-2019,30-06-2022
SSM HEALTH SAINT LOUIS UNIVERSITY HOSPITAL,260105,MO,READM-30-PN-HRRP,120,1.0508,13.8101,13.1428,19,01-07-2019,30-06-2022
SSM HEALTH SAINT LOUIS UNIVERSITY HOSPITAL,260105,MO,READM-30-HIP-KNEE-HRRP,380,1.0601,17.3678,16.3837,70,01-07-2019,30-06-2022
SSM HEALTH SAINT LOUIS UNIVERSITY HOSPITAL,260105,MO,READM-30-COPD-HRRP,361,1.2125,24.3244,20.0609,101,01-07-2019,30-06-2022
SSM HEALTH SAINT LOUIS UNIVERSITY HOSPITAL,260105,MO,READM-30-CABG-HRRP,140,1.0481,20.6281,19.681,32,01-07-2019,30-06-2022
MISSOURI BAPTIST MEDICAL CENTER,260108,MO,READM-30-PN-HRRP,183,1.0191,13.1609,12.9138,25,01-07-2019,30-06-2022
MISSOURI BAPTIST MEDICAL CENTER,260108,MO,READM-30-HIP-KNEE-HRRP,686,0.9958,17.8274,17.9035,122,01-07-2019,30-06-2022
MISSOURI BAPTIST MEDICAL CENTER,260108,MO,READM-30-COPD-HRRP,541,0.9587,19.9282,20.7867,105,01-07-2019,30-06-2022
MISSOURI BAPTIST MEDICAL CENTER,260108,MO,READM-30-CABG-HRRP,169,0.9667,19.0567,19.7134,30,01-07-2019,30-06-2022
SOUTHEASTHEALTH,260110,MO,READM-30-PN-HRRP,159,1.0357,13.3938,12.9325,23,01-07-2019,30-06-2022
SOUTHEASTHEALTH,260110,MO,READM-30-HIP-KNEE-HRRP,75,1.0447,16.0943,15.4053,15,01-07-2019,30-06-2022
SOUTHEASTHEALTH,260110,MO,READM-30-CABG-HRRP,330,0.9892,17.1965,17.3836,56,01-07-2019,30-06-2022
MISSOURI DELTA MEDICAL CENTER,260113,MO,READM-30-PN-HRRP,346,0.9842,19.6693,19.9848,67,01-07-2019,30-06-2022
MISSOURI DELTA MEDICAL CENTER,260113,MO,READM-30-HIP-KNEE-HRRP,138,0.9288,19.5076,21.0025,22,01-07-2019,30-06-2022
MISSOURI DELTA MEDICAL CENTER,260113,MO,READM-30-COPD-HRRP,244,1.0122,12.8769,12.7221,32,01-07-2019,30-06-2022
MISSOURI DELTA MEDICAL CENTER,260113,MO,READM-30-CABG-HRRP,108,1.1191,17.9126,16.0064,27,01-07-2019,30-06-2022
POPLAR BLUFF REGIONAL MEDICAL CENTER,260119,MO,READM-30-PN-HRRP,62,1.0325,22.2752,21.5747,16,01-07-2019,30-06-2022
POPLAR BLUFF REGIONAL MEDICAL CENTER,260119,MO,READM-30-AMI-HRRP,316,0.8866,13.2766,14.9755,34,01-07-2019,30-06-2022
FREEMAN HEALTH SYSTEM - FREEMAN WEST,260137,MO,READM-30-PN-HRRP,434,0.9055,3.3387,3.6869,13,01-07-2019,30-06-2022
FREEMAN HEALTH SYSTEM - FREEMAN WEST,260137,MO,READM-30-HIP-KNEE-HRRP,282,0.8713,14.7712,16.9527,33,01-07-2019,30-06-2022
FREEMAN HEALTH SYSTEM - FREEMAN WEST,260137,MO,READM-30-CABG-HRRP,223,1.1422,18.7246,16.3928,51,01-07-2019,30-06-2022
FREEMAN HEALTH SYSTEM - FREEMAN WEST,260137,MO,READM-30-AMI-HRRP,148,1.029,20.3316,19.7581,32,01-07-2019,30-06-2022
ST LUKES HOSPITAL OF KANSAS CITY,260138,MO,READM-30-PN-HRRP,133,0.9599,17.7666,18.5095,21,01-07-2019,30-06-2022
ST LUKES HOSPITAL OF KANSAS CITY,260138,MO,READM-30-HF-HRRP,129,0.9684,14.8311,15.3154,17,01-07-2019,30-06-2022
ST LUKES HOSPITAL OF KANSAS CITY,260138,MO,READM-30-COPD-HRRP,116,0.9411,17.1827,18.2586,16,01-07-2019,30-06-2022
ST LUKES HOSPITAL OF KANSAS CITY,260138,MO,READM-30-AMI-HRRP,98,0.9931,16.8106,16.9281,16,01-07-2019,30-06-2022
UNIVERSITY OF MISSOURI HEALTH CARE,260141,MO,READM-30-HF-HRRP,260,0.947,15.655,16.5316,37,01-07-2019,30-06-2022
UNIVERSITY OF MISSOURI HEALTH CARE,260141,MO,READM-30-CABG-HRRP,354,0.9829,18.6809,19.0065,65,01-07-2019,30-06-2022
UNIVERSITY OF MISSOURI HEALTH CARE,260141,MO,READM-30-AMI-HRRP,116,1.0369,21.1979,20.4427,27,01-07-2019,30-06-2022
FITZGIBBON HOSPITAL,260142,MO,READM-30-HIP-KNEE-HRRP,101,0.987,12.5031,12.6675,12,01-07-2019,30-06-2022
FITZGIBBON HOSPITAL,260142,MO,READM-30-HF-HRRP,342,1.1256,18.6653,16.5824,72,01-07-2019,30-06-2022
FITZGIBBON HOSPITAL,260142,MO,READM-30-CABG-HRRP,276,1.0129,20.3427,20.0843,57,01-07-2019,30-06-2022
FITZGIBBON HOSPITAL,260142,MO,READM-30-AMI-HRRP,203,1.1542,22.8252,19.7759,56,01-07-2019,30-06-2022
SOUTHEASTHEALTH CENTER OF STODDARD COUNTY,260160,MO,READM-30-PN-HRRP,98,0.9589,13.3428,13.9148,11,01-07-2019,30-06-2022
SOUTHEASTHEALTH CENTER OF STODDARD COUNTY,260160,MO,READM-30-HIP-KNEE-HRRP,312,1.0168,19.813,19.4863,63,01-07-2019,30-06-2022
SOUTHEASTHEALTH CENTER OF STODDARD COUNTY,260160,MO,READM-30-COPD-HRRP,740,0.8533,18.4485,21.621,126,01-07-2019,30-06-2022
SOUTHEASTHEALTH CENTER OF STODDARD COUNTY,260160,MO,READM-30-CABG-HRRP,125,1.001,21.5437,21.5212,27,01-07-2019,30-06-2022
SOUTHEASTHEALTH CENTER OF STODDARD COUNTY,260160,MO,READM-30-AMI-HRRP,243,1.0129,10.9643,10.8251,27,01-07-2019,30-06-2022
BARNES-JEWISH WEST COUNTY HOSPITAL,260162,MO,READM-30-PN-HRRP,291,1.1098,16.0841,14.4927,52,01-07-2019,30-06-2022
BARNES-JEWISH WEST COUNTY HOSPITAL,260162,MO,READM-30-HIP-KNEE-HRRP,179,0.9461,15.4946,16.3772,24,01-07-2019,30-06-2022
BARNES-JEWISH WEST COUNTY HOSPITAL,260162,MO,READM-30-COPD-HRRP,226,0.9861,19.8807,20.1612,44,01-07-2019,30-06-2022
BARNES-JEWISH WEST COUNTY HOSPITAL,260162,MO,READM-30-CABG-HRRP,63,0.9974,19.3191,19.3698,12,01-07-2019,30-06-2022
PARKLAND HEALTH CENTER,260163,MO,READM-30-PN-HRRP,902,1.0749,17.4103,16.1971,162,01-07-2019,30-06-2022
PARKLAND HEALTH CENTER,260163,MO,READM-30-HIP-KNEE-HRRP,239,1.0731,4.5688,4.2574,12,01-07-2019,30-06-2022
PARKLAND HEALTH CENTER,260163,MO,READM-30-HF-HRRP,1160,1.1559,23.0331,19.9269,277,01-07-2019,30-06-2022
PARKLAND HEALTH CENTER,260163,MO,READM-30-COPD-HRRP,215,1.1556,20.7231,17.9325,54,01-07-2019,30-06-2022
PARKLAND HEALTH CENTER,260163,MO,READM-30-CABG-HRRP,198,0.9453,9.8818,10.4539,18,01-07-2019,30-06-2022
PARKLAND HEALTH CENTER,260163,MO,READM-30-AMI-HRRP,289,0.9759,13.5614,13.8956,38,01-07-2019,30-06-2022
GOLDEN VALLEY MEMORIAL HOSPITAL,260175,MO,READM-30-PN-HRRP,691,0.9496,15.4117,16.2289,103,01-07-2019,30-06-2022
GOLDEN VALLEY MEMORIAL HOSPITAL,260175,MO,READM-30-HIP-KNEE-HRRP,798,0.7259,2.9935,4.1238,19,01-07-2019,30-06-2022
GOLDEN VALLEY MEMORIAL HOSPITAL,260175,MO,READM-30-HF-HRRP,1178,0.9496,19.1362,20.1509,222,01-07-2019,30-06-2022
GOLDEN VALLEY MEMORIAL HOSPITAL,260175,MO,READM-30-COPD-HRRP,280,1.0165,18.9033,18.5965,54,01-07-2019,30-06-2022
GOLDEN VALLEY MEMORIAL HOSPITAL,260175,MO,READM-30-CABG-HRRP,138,1.0305,11.6967,11.3506,17,01-07-2019,30-06-2022
GOLDEN VALLEY MEMORIAL HOSPITAL,260175,MO,READM-30-AMI-HRRP,431,1.0704,15.4511,14.4345,70,01-07-2019,30-06-2022
ST LUKE'S DES PERES HOSPITAL,260176,MO,READM-30-PN-HRRP,156,1.0031,15.8925,15.8438,25,01-07-2019,30-06-2022
ST LUKE'S DES PERES HOSPITAL,260176,MO,READM-30-HIP-KNEE-HRRP,108,1.0716,18.9831,17.7151,25,01-07-2019,30-06-2022
ST LUKE'S DES PERES HOSPITAL,260176,MO,READM-30-HF-HRRP,59,1.0356,19.8568,19.1738,14,01-07-2019,30-06-2022
ST LUKE'S DES PERES HOSPITAL,260176,MO,READM-30-COPD-HRRP,636,0.9724,16.4961,16.9638,103,01-07-2019,30-06-2022
ST LUKE'S DES PERES HOSPITAL,260176,MO,READM-30-CABG-HRRP,204,1.195,5.5035,4.6053,14,01-07-2019,30-06-2022
ST LUKE'S DES PERES HOSPITAL,260176,MO,READM-30-AMI-HRRP,588,1.0021,20.3841,20.3411,120,01-07-2019,30-06-2022
NEW LIBERTY HOSPITAL DISTRICT,260177,MO,READM-30-PN-HRRP,240,0.9927,19.3667,19.5092,46,01-07-2019,30-06-2022
NEW LIBERTY HOSPITAL DISTRICT,260177,MO,READM-30-HIP-KNEE-HRRP,214,1.0512,13.8194,13.1465,32,01-07-2019,30-06-2022
NEW LIBERTY HOSPITAL DISTRICT,260177,MO,READM-30-HF-HRRP,113,0.9429,14.0456,14.8959,12,01-07-2019,30-06-2022
NEW LIBERTY HOSPITAL DISTRICT,260177,MO,READM-30-COPD-HRRP,74,1.0282,17.874,17.3832,15,01-07-2019,30-06-2022
ST LUKES HOSPITAL,260179,MO,READM-30-PN-HRRP,144,1.0443,16.7031,15.9942,27,01-07-2019,30-06-2022
ST LUKES HOSPITAL,260179,MO,READM-30-HF-HRRP,75,0.9705,20.0121,20.6208,13,01-07-2019,30-06-2022
ST LUKES HOSPITAL,260179,MO,READM-30-AMI-HRRP,760,1.1126,19.28,17.3289,154,01-07-2019,30-06-2022
CHRISTIAN HOSPITAL NORTHEAST,260180,MO,READM-30-HIP-KNEE-HRRP,644,1.0995,22.7542,20.6941,153,01-07-2019,30-06-2022
CHRISTIAN HOSPITAL NORTHEAST,260180,MO,READM-30-HF-HRRP,267,1.0543,20.4213,19.3691,58,01-07-2019,30-06-2022
CHRISTIAN HOSPITAL NORTHEAST,260180,MO,READM-30-COPD-HRRP,96,1.1273,12.1164,10.7486,15,01-07-2019,30-06-2022
CHRISTIAN HOSPITAL NORTHEAST,260180,MO,READM-30-CABG-HRRP,314,1.0659,12.7236,11.937,43,01-07-2019,30-06-2022
SAINT FRANCIS MEDICAL CENTER,260183,MO,READM-30-COPD-HRRP,359,1.1549,20.2957,17.5731,83,01-07-2019,30-06-2022
SAINT FRANCIS MEDICAL CENTER,260183,MO,READM-30-AMI-HRRP,370,1.079,23.1772,21.48,91,01-07-2019,30-06-2022
LAKE REGIONAL HEALTH SYSTEM,260186,MO,READM-30-PN-HRRP,118,0.92,19.9774,21.7141,18,01-07-2019,30-06-2022
LAKE REGIONAL HEALTH SYSTEM,260186,MO,READM-30-HIP-KNEE-HRRP,83,1.1736,11.5204,9.8161,14,01-07-2019,30-06-2022
LAKE REGIONAL HEALTH SYSTEM,260186,MO,READM-30-HF-HRRP,333,1.1967,16.2381,13.5694,63,01-07-2019,30-06-2022
LAKE REGIONAL HEALTH SYSTEM,260186,MO,READM-30-COPD-HRRP,124,1.0111,17.1304,16.9416,22,01-07-2019,30-06-2022
LAKE REGIONAL HEALTH SYSTEM,260186,MO,READM-30-AMI-HRRP,49,1.0261,20.9524,20.4186,12,01-07-2019,30-06-2022
LEE'S SUMMIT MEDICAL CENTER,260190,MO,READM-30-PN-HRRP,53,1.0313,22.4541,21.7728,14,01-07-2019,30-06-2022
LEE'S SUMMIT MEDICAL CENTER,260190,MO,READM-30-CABG-HRRP,194,1.0608,19.0244,17.9343,41,01-07-2019,30-06-2022
LEE'S SUMMIT MEDICAL CENTER,260190,MO,READM-30-AMI-HRRP,161,0.9728,22.3011,22.925,34,01-07-2019,30-06-2022
BARNES-JEWISH ST PETERS HOSPITAL,260191,MO,READM-30-PN-HRRP,75,1.0454,22.6414,21.6588,20,01-07-2019,30-06-2022
BARNES-JEWISH ST PETERS HOSPITAL,260191,MO,READM-30-HF-HRRP,441,1.0628,16.3052,15.3422,76,01-07-2019,30-06-2022
BARNES-JEWISH ST PETERS HOSPITAL,260191,MO,READM-30-CABG-HRRP,551,0.9737,18.1013,18.5893,98,01-07-2019,30-06-2022
BARNES-JEWISH ST PETERS HOSPITAL,260191,MO,READM-30-AMI-HRRP,166,1.0928,19.4344,17.7843,38,01-07-2019,30-06-2022
ST MARY'S MEDICAL CENTER,260193,MO,READM-30-PN-HRRP,168,1.0192,10.7791,10.5757,19,01-07-2019,30-06-2022
ST MARY'S MEDICAL CENTER,260193,MO,READM-30-HIP-KNEE-HRRP,107,0.9644,14.392,14.9229,13,01-07-2019,30-06-2022
ST MARY'S MEDICAL CENTER,260193,MO,READM-30-HF-HRRP,136,0.9383,16.9912,18.1086,19,01-07-2019,30-06-2022
ST MARY'S MEDICAL CENTER,260193,MO,READM-30-CABG-HRRP,612,0.9434,15.8439,16.7938,93,01-07-2019,30-06-2022
ST MARY'S MEDICAL CENTER,260193,MO,READM-30-AMI-HRRP,371,0.7984,3.8912,4.8736,11,01-07-2019,30-06-2022
CITIZENS MEMORIAL HOSPITAL,260195,MO,READM-30-PN-HRRP,1246,0.9307,18.9208,20.3294,231,01-07-2019,30-06-2022
CITIZENS MEMORIAL HOSPITAL,260195,MO,READM-30-HIP-KNEE-HRRP,184,1.0086,19.2607,19.0967,36,01-07-2019,30-06-2022
CITIZENS MEMORIAL HOSPITAL,260195,MO,READM-30-HF-HRRP,507,1.0078,10.6079,10.5255,54,01-07-2019,30-06-2022
CITIZENS MEMORIAL HOSPITAL,260195,MO,READM-30-COPD-HRRP,810,1.0532,14.7471,14.002,122,01-07-2019,30-06-2022
CITIZENS MEMORIAL HOSPITAL,260195,MO,READM-30-CABG-HRRP,111,1.04,15.6368,15.0359,20,01-07-2019,30-06-2022
SSM ST JOSEPH HOSPITAL WEST,260200,MO,READM-30-HIP-KNEE-HRRP,604,0.8955,15.3158,17.1021,85,01-07-2019,30-06-2022
SSM ST JOSEPH HOSPITAL WEST,260200,MO,READM-30-HF-HRRP,426,0.7591,3.8042,5.0115,12,01-07-2019,30-06-2022
SSM ST JOSEPH HOSPITAL WEST,260200,MO,READM-30-COPD-HRRP,878,0.8173,16.7634,20.5096,134,01-07-2019,30-06-2022
SSM ST JOSEPH HOSPITAL WEST,260200,MO,READM-30-CABG-HRRP,165,0.9427,19.9594,21.1726,29,01-07-2019,30-06-2022
SSM ST JOSEPH HOSPITAL WEST,260200,MO,READM-30-AMI-HRRP,208,0.9757,10.4245,10.6842,21,01-07-2019,30-06-2022
ST ALEXIUS HOSPITAL,260210,MO,READM-30-PN-HRRP,430,0.8782,11.6865,13.3075,44,01-07-2019,30-06-2022
ST ALEXIUS HOSPITAL,260210,MO,READM-30-CABG-HRRP,336,0.9014,14.2716,15.833,41,01-07-2019,30-06-2022
BELTON REGIONAL MEDICAL CENTER,260214,MO,READM-30-PN-HRRP,393,0.9058,17.681,19.5191,63,01-07-2019,30-06-2022
BELTON REGIONAL MEDICAL CENTER,260214,MO,READM-30-HIP-KNEE-HRRP,110,0.9035,17.8408,19.7459,13,01-07-2019,30-06-2022
BELTON REGIONAL MEDICAL CENTER,260214,MO,READM-30-HF-HRRP,103,1.0563,12.0612,11.4181,14,01-07-2019,30-06-2022
BELTON REGIONAL MEDICAL CENTER,260214,MO,READM-30-COPD-HRRP,226,1.1494,13.8319,12.034,38,01-07-2019,30-06-2022
BELTON REGIONAL MEDICAL CENTER,260214,MO,READM-30-AMI-HRRP,89,1.0276,14.8217,14.4233,15,01-07-2019,30-06-2022
SAINT LUKE'S EAST  HOSPITAL,260216,MO,READM-30-PN-HRRP,66,1.0107,18.6455,18.4472,13,01-07-2019,30-06-2022
SAINT LUKE'S EAST  HOSPITAL,260216,MO,READM-30-HF-HRRP,336,1.002,17.2209,17.1864,58,01-07-2019,30-06-2022
SAINT LUKE'S EAST  HOSPITAL,260216,MO,READM-30-CABG-HRRP,398,1.0128,20.6391,20.3776,83,01-07-2019,30-06-2022
SAINT LUKE'S EAST  HOSPITAL,260216,MO,READM-30-AMI-HRRP,67,0.9921,20.1832,20.3446,13,01-07-2019,30-06-2022
PROGRESS WEST HOSPITAL,260219,MO,READM-30-PN-HRRP,103,1.0088,10.4432,10.352,11,01-07-2019,30-06-2022
PROGRESS WEST HOSPITAL,260219,MO,READM-30-HIP-KNEE-HRRP,291,1.113,14.6965,13.2042,48,01-07-2019,30-06-2022
PROGRESS WEST HOSPITAL,260219,MO,READM-30-HF-HRRP,229,1.0354,16.8675,16.2905,41,01-07-2019,30-06-2022
PROGRESS WEST HOSPITAL,260219,MO,READM-30-CABG-HRRP,239,1.0063,19.493,19.3717,47,01-07-2019,30-06-2022
PROGRESS WEST HOSPITAL,260219,MO,READM-30-AMI-HRRP,135,1.0945,22.8359,20.8646,37,01-07-2019,30-06-2022
ST PETERS HEALTH,270003,MT,READM-30-HIP-KNEE-HRRP,130,1.0052,12.1162,12.0535,16,01-07-2019,30-06-2022
ST PETERS HEALTH,270003,MT,READM-30-HF-HRRP,82,1.0055,15.4091,15.3253,13,01-07-2019,30-06-2022
ST PETERS HEALTH,270003,MT,READM-30-COPD-HRRP,114,0.9248,18.5561,20.0652,16,01-07-2019,30-06-2022
ST PETERS HEALTH,270003,MT,READM-30-AMI-HRRP,75,0.9937,15.2304,15.3267,11,01-07-2019,30-06-2022
BILLINGS CLINIC,270004,MT,READM-30-HF-HRRP,146,0.9594,14.9081,15.539,19,01-07-2019,30-06-2022
BILLINGS CLINIC,270004,MT,READM-30-CABG-HRRP,115,1.0118,18.4629,18.2467,22,01-07-2019,30-06-2022
BILLINGS CLINIC,270004,MT,READM-30-AMI-HRRP,78,0.9803,15.6715,15.986,11,01-07-2019,30-06-2022
BENEFIS HOSPITALS INC,270012,MT,READM-30-COPD-HRRP,137,1.0494,17.2875,16.4732,27,01-07-2019,30-06-2022
BENEFIS HOSPITALS INC,270012,MT,READM-30-CABG-HRRP,175,0.9166,17.5373,19.1333,25,01-07-2019,30-06-2022
ST. PATRICK HOSPITAL,270014,MT,READM-30-HF-HRRP,336,1.0252,16.4607,16.0562,57,01-07-2019,30-06-2022
ST. PATRICK HOSPITAL,270014,MT,READM-30-CABG-HRRP,320,1.0493,21.1756,20.1815,71,01-07-2019,30-06-2022
ST. PATRICK HOSPITAL,270014,MT,READM-30-AMI-HRRP,97,1.0925,20.7351,18.9788,26,01-07-2019,30-06-2022
ST JAMES HEALTHCARE,270017,MT,READM-30-PN-HRRP,99,1.0147,12.426,12.2463,13,01-07-2019,30-06-2022
ST JAMES HEALTHCARE,270017,MT,READM-30-HIP-KNEE-HRRP,141,0.9148,14.8603,16.2443,15,01-07-2019,30-06-2022
ST JAMES HEALTHCARE,270017,MT,READM-30-HF-HRRP,101,0.966,19.0862,19.7575,17,01-07-2019,30-06-2022
ST JAMES HEALTHCARE,270017,MT,READM-30-CABG-HRRP,98,1.0004,15.2762,15.2694,15,01-07-2019,30-06-2022
ST JAMES HEALTHCARE,270017,MT,READM-30-AMI-HRRP,60,0.9987,21.8092,21.8366,13,01-07-2019,30-06-2022
COMMUNITY MEDICAL CENTER,270023,MT,READM-30-PN-HRRP,280,0.8783,14.5558,16.5735,32,01-07-2019,30-06-2022
COMMUNITY MEDICAL CENTER,270023,MT,READM-30-HIP-KNEE-HRRP,309,0.9187,3.9788,4.331,11,01-07-2019,30-06-2022
COMMUNITY MEDICAL CENTER,270023,MT,READM-30-HF-HRRP,364,1.027,20.6625,20.1188,77,01-07-2019,30-06-2022
COMMUNITY MEDICAL CENTER,270023,MT,READM-30-COPD-HRRP,96,1.0517,19.4848,18.5266,22,01-07-2019,30-06-2022
COMMUNITY MEDICAL CENTER,270023,MT,READM-30-AMI-HRRP,185,1.074,15.8888,14.7937,33,01-07-2019,30-06-2022
NORTHERN MONTANA HOSPITAL,270032,MT,READM-30-PN-HRRP,299,1.069,18.5158,17.3199,60,01-07-2019,30-06-2022
NORTHERN MONTANA HOSPITAL,270032,MT,READM-30-HIP-KNEE-HRRP,506,0.8243,3.7428,4.5404,16,01-07-2019,30-06-2022
NORTHERN MONTANA HOSPITAL,270032,MT,READM-30-HF-HRRP,550,0.97,20.1897,20.8148,109,01-07-2019,30-06-2022
NORTHERN MONTANA HOSPITAL,270032,MT,READM-30-COPD-HRRP,81,1.0289,19.9126,19.3538,18,01-07-2019,30-06-2022
NORTHERN MONTANA HOSPITAL,270032,MT,READM-30-CABG-HRRP,255,0.9194,10.7303,11.6708,25,01-07-2019,30-06-2022
NORTHERN MONTANA HOSPITAL,270032,MT,READM-30-AMI-HRRP,400,0.9574,14.0357,14.6602,54,01-07-2019,30-06-2022
ST VINCENT HEALTHCARE,270049,MT,READM-30-PN-HRRP,352,1.0197,15.821,15.5161,57,01-07-2019,30-06-2022
ST VINCENT HEALTHCARE,270049,MT,READM-30-HIP-KNEE-HRRP,610,1.2765,5.7745,4.5238,39,01-07-2019,30-06-2022
ST VINCENT HEALTHCARE,270049,MT,READM-30-HF-HRRP,462,0.9904,18.9687,19.153,87,01-07-2019,30-06-2022
ST VINCENT HEALTHCARE,270049,MT,READM-30-COPD-HRRP,152,1.0035,18.9311,18.8657,29,01-07-2019,30-06-2022
ST VINCENT HEALTHCARE,270049,MT,READM-30-CABG-HRRP,200,1.0639,10.149,9.5394,22,01-07-2019,30-06-2022
ST VINCENT HEALTHCARE,270049,MT,READM-30-AMI-HRRP,333,1.1029,12.9942,11.7821,48,01-07-2019,30-06-2022
LOGAN HEALTH MEDICAL CENTER,270051,MT,READM-30-PN-HRRP,137,0.9753,14.3484,14.7123,18,01-07-2019,30-06-2022
LOGAN HEALTH MEDICAL CENTER,270051,MT,READM-30-HIP-KNEE-HRRP,67,0.9801,19.9082,20.313,12,01-07-2019,30-06-2022
LOGAN HEALTH MEDICAL CENTER,270051,MT,READM-30-COPD-HRRP,70,1.0138,15.8184,15.6032,12,01-07-2019,30-06-2022
LOGAN HEALTH MEDICAL CENTER,270051,MT,READM-30-AMI-HRRP,134,0.9569,15.6706,16.3764,18,01-07-2019,30-06-2022
BOZEMAN HEALTH DEACONESS HOSPITAL,270057,MT,READM-30-HIP-KNEE-HRRP,204,1.0115,20.7019,20.4662,43,01-07-2019,30-06-2022
BOZEMAN HEALTH DEACONESS HOSPITAL,270057,MT,READM-30-CABG-HRRP,90,1.0387,14.5734,14.0308,15,01-07-2019,30-06-2022
BOZEMAN HEALTH DEACONESS HOSPITAL,270057,MT,READM-30-AMI-HRRP,129,1.0426,16.4336,15.7622,24,01-07-2019,30-06-2022
P H S INDIAN HOSPITAL AT BROWNING - BLACKFEET,270074,MT,READM-30-PN-HRRP,70,0.984,18.6531,18.9556,12,01-07-2019,30-06-2022
P H S INDIAN HOSPITAL AT BROWNING - BLACKFEET,270074,MT,READM-30-HF-HRRP,268,0.8848,15.4101,17.4168,33,01-07-2019,30-06-2022
P H S INDIAN HOSPITAL AT BROWNING - BLACKFEET,270074,MT,READM-30-CABG-HRRP,264,1.0294,22.3576,21.7181,61,01-07-2019,30-06-2022
P H S INDIAN HOSPITAL AT BROWNING - BLACKFEET,270074,MT,READM-30-AMI-HRRP,100,1.096,21.9127,19.9936,28,01-07-2019,30-06-2022
GREAT FALLS CLINIC HOSPITAL,270086,MT,READM-30-PN-HRRP,111,0.9677,14.9908,15.4917,15,01-07-2019,30-06-2022
GREAT FALLS CLINIC HOSPITAL,270086,MT,READM-30-HIP-KNEE-HRRP,107,1.0192,14.7112,14.4337,17,01-07-2019,30-06-2022
GREAT FALLS CLINIC HOSPITAL,270086,MT,READM-30-HF-HRRP,98,1.0493,19.2172,18.3136,22,01-07-2019,30-06-2022
GREAT FALLS CLINIC HOSPITAL,270086,MT,READM-30-AMI-HRRP,191,1.0502,17.6091,16.7678,37,01-07-2019,30-06-2022
BRYAN MEDICAL CENTER,280003,NE,READM-30-HIP-KNEE-HRRP,115,0.9855,19.9817,20.2764,22,01-07-2019,30-06-2022
BRYAN MEDICAL CENTER,280003,NE,READM-30-HF-HRRP,72,0.9954,19.8648,19.9558,14,01-07-2019,30-06-2022
BRYAN MEDICAL CENTER,280003,NE,READM-30-COPD-HRRP,237,1.0363,17.9466,17.3177,45,01-07-2019,30-06-2022
BRYAN MEDICAL CENTER,280003,NE,READM-30-AMI-HRRP,178,1.0133,22.5269,22.2317,41,01-07-2019,30-06-2022
CHI HEALTH GOOD SAMARITAN,280009,NE,READM-30-PN-HRRP,69,1.0055,22.644,22.5208,16,01-07-2019,30-06-2022
CHI HEALTH GOOD SAMARITAN,280009,NE,READM-30-HF-HRRP,83,0.9814,14.7471,15.0259,11,01-07-2019,30-06-2022
CHI HEALTH GOOD SAMARITAN,280009,NE,READM-30-COPD-HRRP,107,1.0442,21.553,20.6413,26,01-07-2019,30-06-2022
CHI HEALTH GOOD SAMARITAN,280009,NE,READM-30-AMI-HRRP,126,1.0005,16.6387,16.6301,21,01-07-2019,30-06-2022
THE NEBRASKA MEDICAL CENTER,280013,NE,READM-30-PN-HRRP,129,1.0379,21.3167,20.5384,30,01-07-2019,30-06-2022
THE NEBRASKA MEDICAL CENTER,280013,NE,READM-30-HIP-KNEE-HRRP,48,1.0452,19.0022,18.1812,12,01-07-2019,30-06-2022
THE NEBRASKA MEDICAL CENTER,280013,NE,READM-30-COPD-HRRP,242,0.9855,16.1134,16.3507,38,01-07-2019,30-06-2022
THE NEBRASKA MEDICAL CENTER,280013,NE,READM-30-AMI-HRRP,238,0.998,18.9622,18.9996,45,01-07-2019,30-06-2022
CHI HEALTH ST. ELIZABETH,280020,NE,READM-30-PN-HRRP,82,1.0102,16.3091,16.1445,14,01-07-2019,30-06-2022
CHI HEALTH ST. ELIZABETH,280020,NE,READM-30-HF-HRRP,85,0.9738,17.4603,17.9307,13,01-07-2019,30-06-2022
CHI HEALTH ST. ELIZABETH,280020,NE,READM-30-CABG-HRRP,57,1.0335,19.0248,18.4087,13,01-07-2019,30-06-2022
CHI HEALTH ST. ELIZABETH,280020,NE,READM-30-AMI-HRRP,161,1.0194,14.1232,13.8545,24,01-07-2019,30-06-2022
CHI HEALTH ST. FRANCIS,280023,NE,READM-30-HIP-KNEE-HRRP,170,0.9287,16.3042,17.5559,23,01-07-2019,30-06-2022
CHI HEALTH ST. FRANCIS,280023,NE,READM-30-HF-HRRP,64,1.0191,16.8552,16.539,12,01-07-2019,30-06-2022
CHI HEALTH ST. FRANCIS,280023,NE,READM-30-CABG-HRRP,817,0.9037,15.0324,16.6334,116,01-07-2019,30-06-2022
MARY LANNING HEALTHCARE,280032,NE,READM-30-PN-HRRP,555,0.9998,20.3632,20.3681,113,01-07-2019,30-06-2022
MARY LANNING HEALTHCARE,280032,NE,READM-30-HIP-KNEE-HRRP,212,0.9898,19.6565,19.8592,41,01-07-2019,30-06-2022
MARY LANNING HEALTHCARE,280032,NE,READM-30-COPD-HRRP,222,0.9673,13.3392,13.7896,28,01-07-2019,30-06-2022
MARY LANNING HEALTHCARE,280032,NE,READM-30-CABG-HRRP,407,0.8274,13.9219,16.8262,44,01-07-2019,30-06-2022
THE NEBRASKA METHODIST HOSPITAL,280040,NE,READM-30-PN-HRRP,558,1.0093,20.3193,20.1311,114,01-07-2019,30-06-2022
THE NEBRASKA METHODIST HOSPITAL,280040,NE,READM-30-HIP-KNEE-HRRP,118,1.0405,19.0012,18.2617,25,01-07-2019,30-06-2022
THE NEBRASKA METHODIST HOSPITAL,280040,NE,READM-30-HF-HRRP,106,1.1282,11.9086,10.5556,16,01-07-2019,30-06-2022
THE NEBRASKA METHODIST HOSPITAL,280040,NE,READM-30-COPD-HRRP,160,1.0482,13.5762,12.9517,24,01-07-2019,30-06-2022
THE NEBRASKA METHODIST HOSPITAL,280040,NE,READM-30-CABG-HRRP,68,1.042,19.2937,18.5167,16,01-07-2019,30-06-2022
THE NEBRASKA METHODIST HOSPITAL,280040,NE,READM-30-AMI-HRRP,241,0.8993,20.4108,22.6961,42,01-07-2019,30-06-2022
CHI HEALTH BERGAN MERCY,280060,NE,READM-30-PN-HRRP,49,1.008,21.3705,21.2019,11,01-07-2019,30-06-2022
CHI HEALTH BERGAN MERCY,280060,NE,READM-30-HF-HRRP,348,1.0586,17.8368,16.8487,66,01-07-2019,30-06-2022
CHI HEALTH BERGAN MERCY,280060,NE,READM-30-CABG-HRRP,959,1.0913,22.8389,20.9273,225,01-07-2019,30-06-2022
CHI HEALTH BERGAN MERCY,280060,NE,READM-30-AMI-HRRP,171,1.0505,21.4513,20.4203,40,01-07-2019,30-06-2022
REGIONAL WEST MEDICAL CENTER,280061,NE,READM-30-PN-HRRP,82,1.1529,13.3132,11.5474,15,01-07-2019,30-06-2022
REGIONAL WEST MEDICAL CENTER,280061,NE,READM-30-HIP-KNEE-HRRP,233,1.2215,18.7787,15.373,54,01-07-2019,30-06-2022
REGIONAL WEST MEDICAL CENTER,280061,NE,READM-30-HF-HRRP,469,0.9588,17.4685,18.2183,79,01-07-2019,30-06-2022
REGIONAL WEST MEDICAL CENTER,280061,NE,READM-30-CABG-HRRP,607,0.8907,18.8957,21.2133,107,01-07-2019,30-06-2022
REGIONAL WEST MEDICAL CENTER,280061,NE,READM-30-AMI-HRRP,176,0.9688,19.9447,20.5866,33,01-07-2019,30-06-2022
GREAT PLAINS HEALTH,280065,NE,READM-30-PN-HRRP,183,1.0645,12.6851,11.9159,25,01-07-2019,30-06-2022
GREAT PLAINS HEALTH,280065,NE,READM-30-HIP-KNEE-HRRP,57,1.0836,17.4795,16.1306,14,01-07-2019,30-06-2022
GREAT PLAINS HEALTH,280065,NE,READM-30-HF-HRRP,209,1.0354,16.0973,15.5468,36,01-07-2019,30-06-2022
GREAT PLAINS HEALTH,280065,NE,READM-30-COPD-HRRP,231,0.934,17.9508,19.2188,37,01-07-2019,30-06-2022
GREAT PLAINS HEALTH,280065,NE,READM-30-CABG-HRRP,73,0.9725,17.5015,17.9958,11,01-07-2019,30-06-2022
GREAT PLAINS HEALTH,280065,NE,READM-30-AMI-HRRP,127,0.9944,13.6032,13.6801,17,01-07-2019,30-06-2022
METHODIST FREMONT HEALTH,280077,NE,READM-30-HIP-KNEE-HRRP,67,1.0994,20.4274,18.5801,20,01-07-2019,30-06-2022
METHODIST FREMONT HEALTH,280077,NE,READM-30-COPD-HRRP,141,0.9337,17.6112,18.8618,20,01-07-2019,30-06-2022
METHODIST FREMONT HEALTH,280077,NE,READM-30-CABG-HRRP,147,1.0911,23.1555,21.2224,40,01-07-2019,30-06-2022
CHI HEALTH IMMANUEL,280081,NE,READM-30-PN-HRRP,75,1.0071,16.8539,16.7355,13,01-07-2019,30-06-2022
CHI HEALTH IMMANUEL,280081,NE,READM-30-HIP-KNEE-HRRP,263,0.8429,15.8968,18.8602,30,01-07-2019,30-06-2022
CHI HEALTH IMMANUEL,280081,NE,READM-30-HF-HRRP,303,1.0597,22.775,21.492,73,01-07-2019,30-06-2022
CHI HEALTH IMMANUEL,280081,NE,READM-30-COPD-HRRP,62,0.9755,20.3897,20.9009,11,01-07-2019,30-06-2022
CHI HEALTH IMMANUEL,280081,NE,READM-30-AMI-HRRP,711,1.0065,16.3937,16.2878,117,01-07-2019,30-06-2022
CHI HEALTH MIDLANDS,280105,NE,READM-30-HIP-KNEE-HRRP,477,1.116,22.3436,20.0203,114,01-07-2019,30-06-2022
CHI HEALTH MIDLANDS,280105,NE,READM-30-HF-HRRP,228,0.9823,18.4899,18.8238,41,01-07-2019,30-06-2022
CHI HEALTH MIDLANDS,280105,NE,READM-30-CABG-HRRP,193,1.1957,16.6111,13.893,41,01-07-2019,30-06-2022
CHI HEALTH MIDLANDS,280105,NE,READM-30-AMI-HRRP,278,1.061,17.6103,16.5982,53,01-07-2019,30-06-2022
COLUMBUS COMMUNITY HOSPITAL,280111,NE,READM-30-HIP-KNEE-HRRP,207,0.9192,19.1344,20.8171,34,01-07-2019,30-06-2022
COLUMBUS COMMUNITY HOSPITAL,280111,NE,READM-30-COPD-HRRP,90,0.9719,16.0398,16.5039,13,01-07-2019,30-06-2022
COLUMBUS COMMUNITY HOSPITAL,280111,NE,READM-30-CABG-HRRP,241,1.0103,16.7235,16.5534,41,01-07-2019,30-06-2022
FAITH REGIONAL HEALTH SERVICES,280125,NE,READM-30-PN-HRRP,389,0.9472,19.7025,20.8011,73,01-07-2019,30-06-2022
FAITH REGIONAL HEALTH SERVICES,280125,NE,READM-30-HIP-KNEE-HRRP,122,0.9579,17.8387,18.623,19,01-07-2019,30-06-2022
FAITH REGIONAL HEALTH SERVICES,280125,NE,READM-30-COPD-HRRP,156,1.0036,13.3482,13.3001,21,01-07-2019,30-06-2022
LINCOLN SURGICAL HOSPITAL,280127,NE,READM-30-HF-HRRP,83,0.9867,19.207,19.4656,15,01-07-2019,30-06-2022
LINCOLN SURGICAL HOSPITAL,280127,NE,READM-30-COPD-HRRP,164,0.9359,20.4005,21.7981,29,01-07-2019,30-06-2022
LINCOLN SURGICAL HOSPITAL,280127,NE,READM-30-AMI-HRRP,481,0.8685,15.078,17.3608,63,01-07-2019,30-06-2022
CHI HEALTH NEBRASKA HEART,280128,NE,READM-30-HIP-KNEE-HRRP,462,0.8931,19.1688,21.4627,81,01-07-2019,30-06-2022
CHI HEALTH NEBRASKA HEART,280128,NE,READM-30-HF-HRRP,122,0.9154,18.6269,20.3473,17,01-07-2019,30-06-2022
CHI HEALTH NEBRASKA HEART,280128,NE,READM-30-CABG-HRRP,272,0.8407,12.698,15.1048,26,01-07-2019,30-06-2022
CHI HEALTH NEBRASKA HEART,280128,NE,READM-30-AMI-HRRP,323,0.8943,14.3733,16.0714,39,01-07-2019,30-06-2022
NEBRASKA ORTHOPAEDIC HOSPITAL,280129,NE,READM-30-HIP-KNEE-HRRP,490,0.9709,19.1739,19.7483,92,01-07-2019,30-06-2022
NEBRASKA ORTHOPAEDIC HOSPITAL,280129,NE,READM-30-HF-HRRP,156,0.9953,18.7855,18.8746,29,01-07-2019,30-06-2022
NEBRASKA ORTHOPAEDIC HOSPITAL,280129,NE,READM-30-CABG-HRRP,214,0.9416,11.6138,12.3335,22,01-07-2019,30-06-2022
NEBRASKA ORTHOPAEDIC HOSPITAL,280129,NE,READM-30-AMI-HRRP,402,1.0876,21.6183,19.8768,93,01-07-2019,30-06-2022
CHI HEALTH LAKESIDE,280130,NE,READM-30-HIP-KNEE-HRRP,526,0.9523,21.354,22.4243,109,01-07-2019,30-06-2022
CHI HEALTH LAKESIDE,280130,NE,READM-30-HF-HRRP,111,1.0225,19.4055,18.9791,23,01-07-2019,30-06-2022
CHI HEALTH LAKESIDE,280130,NE,READM-30-CABG-HRRP,94,1.0717,17.4666,16.2984,20,01-07-2019,30-06-2022
CHI HEALTH LAKESIDE,280130,NE,READM-30-AMI-HRRP,286,0.9325,16.3654,17.5493,42,01-07-2019,30-06-2022
MIDWEST SURGICAL HOSPITAL LLC,280131,NE,READM-30-PN-HRRP,297,0.8535,18.3831,21.5389,44,01-07-2019,30-06-2022
MIDWEST SURGICAL HOSPITAL LLC,280131,NE,READM-30-COPD-HRRP,225,0.9532,15.3047,16.056,32,01-07-2019,30-06-2022
MIDWEST SURGICAL HOSPITAL LLC,280131,NE,READM-30-CABG-HRRP,97,0.9808,17.884,18.2332,16,01-07-2019,30-06-2022
MIDWEST SURGICAL HOSPITAL LLC,280131,NE,READM-30-AMI-HRRP,145,1.0223,20.3598,19.9148,31,01-07-2019,30-06-2022
"BELLEVUE MEDICAL CENTER, LLC",280132,NE,READM-30-PN-HRRP,73,0.9877,18.9126,19.1474,13,01-07-2019,30-06-2022
"BELLEVUE MEDICAL CENTER, LLC",280132,NE,READM-30-HF-HRRP,454,0.8432,14.8853,17.6537,56,01-07-2019,30-06-2022
"BELLEVUE MEDICAL CENTER, LLC",280132,NE,READM-30-COPD-HRRP,244,1.0046,5.2985,5.2742,13,01-07-2019,30-06-2022
"BELLEVUE MEDICAL CENTER, LLC",280132,NE,READM-30-CABG-HRRP,523,1.0623,22.1626,20.8628,120,01-07-2019,30-06-2022
"BELLEVUE MEDICAL CENTER, LLC",280132,NE,READM-30-AMI-HRRP,179,0.9577,20.6135,21.5234,34,01-07-2019,30-06-2022
"NEBRASKA SPINE HOSPITAL, LLC",280133,NE,READM-30-PN-HRRP,77,1.2464,14.9953,12.031,18,01-07-2019,30-06-2022
"NEBRASKA SPINE HOSPITAL, LLC",280133,NE,READM-30-HIP-KNEE-HRRP,193,1.0135,15.1956,14.993,30,01-07-2019,30-06-2022
"NEBRASKA SPINE HOSPITAL, LLC",280133,NE,READM-30-COPD-HRRP,272,1.0805,17.5401,16.2331,53,01-07-2019,30-06-2022
"NEBRASKA SPINE HOSPITAL, LLC",280133,NE,READM-30-AMI-HRRP,315,0.9592,18.9686,19.7757,57,01-07-2019,30-06-2022
KEARNEY REGIONAL MEDICAL CENTER,280134,NE,READM-30-PN-HRRP,61,1.0162,16.3863,16.1256,11,01-07-2019,30-06-2022
KEARNEY REGIONAL MEDICAL CENTER,280134,NE,READM-30-HF-HRRP,121,0.9576,11.6231,12.1376,12,01-07-2019,30-06-2022
KEARNEY REGIONAL MEDICAL CENTER,280134,NE,READM-30-COPD-HRRP,531,0.991,15.9347,16.0797,84,01-07-2019,30-06-2022
KEARNEY REGIONAL MEDICAL CENTER,280134,NE,READM-30-CABG-HRRP,392,1.1938,5.176,4.3359,23,01-07-2019,30-06-2022
KEARNEY REGIONAL MEDICAL CENTER,280134,NE,READM-30-AMI-HRRP,751,0.8694,17.0621,19.6248,119,01-07-2019,30-06-2022
GRAND ISLAND REGIONAL MEDICAL CENTER,280139,NE,READM-30-PN-HRRP,183,0.8851,16.8486,19.0353,23,01-07-2019,30-06-2022
GRAND ISLAND REGIONAL MEDICAL CENTER,280139,NE,READM-30-HIP-KNEE-HRRP,123,0.9699,10.4499,10.7742,12,01-07-2019,30-06-2022
GRAND ISLAND REGIONAL MEDICAL CENTER,280139,NE,READM-30-HF-HRRP,331,1.076,15.211,14.1367,54,01-07-2019,30-06-2022
GRAND ISLAND REGIONAL MEDICAL CENTER,280139,NE,READM-30-COPD-HRRP,259,0.9844,15.08,15.3197,38,01-07-2019,30-06-2022
GRAND ISLAND REGIONAL MEDICAL CENTER,280139,NE,READM-30-CABG-HRRP,180,0.9461,18.6932,19.7579,30,01-07-2019,30-06-2022
GRAND ISLAND REGIONAL MEDICAL CENTER,280139,NE,READM-30-AMI-HRRP,78,1.0624,18.1297,17.0655,18,01-07-2019,30-06-2022
RENOWN REGIONAL MEDICAL CENTER,290001,NV,READM-30-PN-HRRP,247,1.0178,18.5236,18.1992,47,01-07-2019,30-06-2022
RENOWN REGIONAL MEDICAL CENTER,290001,NV,READM-30-HF-HRRP,350,0.9626,21.0267,21.8445,71,01-07-2019,30-06-2022
RENOWN REGIONAL MEDICAL CENTER,290001,NV,READM-30-COPD-HRRP,63,0.9807,19.4833,19.8671,11,01-07-2019,30-06-2022
RENOWN REGIONAL MEDICAL CENTER,290001,NV,READM-30-AMI-HRRP,247,0.9141,13.95,15.261,30,01-07-2019,30-06-2022
SUNRISE HOSPITAL AND MEDICAL CENTER,290003,NV,READM-30-PN-HRRP,106,1.0333,16.7558,16.2161,20,01-07-2019,30-06-2022
SUNRISE HOSPITAL AND MEDICAL CENTER,290003,NV,READM-30-HIP-KNEE-HRRP,155,1.0264,20.1662,19.6474,33,01-07-2019,30-06-2022
SUNRISE HOSPITAL AND MEDICAL CENTER,290003,NV,READM-30-HF-HRRP,84,0.9814,16.8899,17.2103,13,01-07-2019,30-06-2022
SUNRISE HOSPITAL AND MEDICAL CENTER,290003,NV,READM-30-CABG-HRRP,184,1.0446,17.3944,16.652,35,01-07-2019,30-06-2022
SUNRISE HOSPITAL AND MEDICAL CENTER,290003,NV,READM-30-AMI-HRRP,245,1.1766,22.8658,19.4344,67,01-07-2019,30-06-2022
NORTH VISTA HOSPITAL,290005,NV,READM-30-PN-HRRP,98,0.9733,19.137,19.6617,17,01-07-2019,30-06-2022
NORTH VISTA HOSPITAL,290005,NV,READM-30-HF-HRRP,142,0.9348,15.893,17.0021,18,01-07-2019,30-06-2022
NORTH VISTA HOSPITAL,290005,NV,READM-30-CABG-HRRP,87,1.0166,19.4453,19.1272,18,01-07-2019,30-06-2022
NORTH VISTA HOSPITAL,290005,NV,READM-30-AMI-HRRP,57,1.0329,19.1273,18.5176,13,01-07-2019,30-06-2022
UNIVERSITY MEDICAL CENTER,290007,NV,READM-30-COPD-HRRP,481,1.0182,18.4496,18.1204,90,01-07-2019,30-06-2022
UNIVERSITY MEDICAL CENTER,290007,NV,READM-30-CABG-HRRP,291,1.1237,6.2445,5.5572,20,01-07-2019,30-06-2022
UNIVERSITY MEDICAL CENTER,290007,NV,READM-30-AMI-HRRP,519,1.0413,22.2032,21.3222,118,01-07-2019,30-06-2022
NORTHEASTERN NEVADA REGIONAL HOSPITAL,290008,NV,READM-30-PN-HRRP,193,1.0247,20.9161,20.4125,42,01-07-2019,30-06-2022
NORTHEASTERN NEVADA REGIONAL HOSPITAL,290008,NV,READM-30-HIP-KNEE-HRRP,166,1.0189,11.7228,11.5049,20,01-07-2019,30-06-2022
NORTHEASTERN NEVADA REGIONAL HOSPITAL,290008,NV,READM-30-HF-HRRP,386,1.2009,15.7676,13.1294,70,01-07-2019,30-06-2022
NORTHEASTERN NEVADA REGIONAL HOSPITAL,290008,NV,READM-30-AMI-HRRP,196,1.0392,18.5272,17.8279,39,01-07-2019,30-06-2022
SAINT MARY'S REGIONAL MEDICAL CENTER,290009,NV,READM-30-PN-HRRP,208,1.072,21.3127,19.8805,49,01-07-2019,30-06-2022
SAINT MARY'S REGIONAL MEDICAL CENTER,290009,NV,READM-30-HIP-KNEE-HRRP,61,1.0584,20.136,19.0258,16,01-07-2019,30-06-2022
SAINT MARY'S REGIONAL MEDICAL CENTER,290009,NV,READM-30-CABG-HRRP,94,1.0408,14.2287,13.671,16,01-07-2019,30-06-2022
SAINT ROSE DOMINICAN HOSPITALS - ROSE DE LIMA,290012,NV,READM-30-HIP-KNEE-HRRP,127,0.9902,17.8595,18.0363,22,01-07-2019,30-06-2022
SAINT ROSE DOMINICAN HOSPITALS - ROSE DE LIMA,290012,NV,READM-30-CABG-HRRP,113,1.0836,23.4275,21.62,32,01-07-2019,30-06-2022
CARSON TAHOE REGIONAL MEDICAL CENTER,290019,NV,READM-30-HIP-KNEE-HRRP,256,0.994,15.7832,15.878,40,01-07-2019,30-06-2022
CARSON TAHOE REGIONAL MEDICAL CENTER,290019,NV,READM-30-COPD-HRRP,228,0.9964,18.5226,18.5889,42,01-07-2019,30-06-2022
CARSON TAHOE REGIONAL MEDICAL CENTER,290019,NV,READM-30-CABG-HRRP,83,0.9594,18.942,19.744,13,01-07-2019,30-06-2022
CARSON TAHOE REGIONAL MEDICAL CENTER,290019,NV,READM-30-AMI-HRRP,102,1.0297,14.2842,13.8724,16,01-07-2019,30-06-2022
VALLEY HOSPITAL MEDICAL CENTER,290021,NV,READM-30-PN-HRRP,799,0.9364,15.5745,16.6317,120,01-07-2019,30-06-2022
VALLEY HOSPITAL MEDICAL CENTER,290021,NV,READM-30-HF-HRRP,684,1.0619,22.0651,20.7785,155,01-07-2019,30-06-2022
VALLEY HOSPITAL MEDICAL CENTER,290021,NV,READM-30-COPD-HRRP,224,0.9781,18.9476,19.3718,41,01-07-2019,30-06-2022
VALLEY HOSPITAL MEDICAL CENTER,290021,NV,READM-30-CABG-HRRP,238,0.7819,7.871,10.0666,12,01-07-2019,30-06-2022
VALLEY HOSPITAL MEDICAL CENTER,290021,NV,READM-30-AMI-HRRP,399,0.8017,9.8914,12.3378,29,01-07-2019,30-06-2022
DESERT SPRINGS HOSPITAL,290022,NV,READM-30-PN-HRRP,104,1.0445,14.5546,13.9348,18,01-07-2019,30-06-2022
DESERT SPRINGS HOSPITAL,290022,NV,READM-30-HF-HRRP,164,1.0572,18.5303,17.5274,34,01-07-2019,30-06-2022
DESERT SPRINGS HOSPITAL,290022,NV,READM-30-CABG-HRRP,243,1.1091,19.2541,17.3595,54,01-07-2019,30-06-2022
NORTHERN NEVADA MEDICAL CENTER,290032,NV,READM-30-PN-HRRP,229,1.0723,21.1127,19.6889,53,01-07-2019,30-06-2022
NORTHERN NEVADA MEDICAL CENTER,290032,NV,READM-30-HIP-KNEE-HRRP,40,1.0564,20.8973,19.7819,12,01-07-2019,30-06-2022
NORTHERN NEVADA MEDICAL CENTER,290032,NV,READM-30-COPD-HRRP,89,1.0408,15.744,15.1267,16,01-07-2019,30-06-2022
MOUNTAINVIEW HOSPITAL,290039,NV,READM-30-PN-HRRP,254,1.0175,17.6377,17.3342,46,01-07-2019,30-06-2022
MOUNTAINVIEW HOSPITAL,290039,NV,READM-30-HIP-KNEE-HRRP,359,1.0129,22.039,21.7576,80,01-07-2019,30-06-2022
MOUNTAINVIEW HOSPITAL,290039,NV,READM-30-HF-HRRP,51,1.0411,20.2831,19.4832,13,01-07-2019,30-06-2022
MOUNTAINVIEW HOSPITAL,290039,NV,READM-30-CABG-HRRP,153,1.0361,17.1103,16.5134,28,01-07-2019,30-06-2022
MOUNTAINVIEW HOSPITAL,290039,NV,READM-30-AMI-HRRP,50,1.0223,18.8938,18.4819,11,01-07-2019,30-06-2022
SUMMERLIN HOSPITAL MEDICAL CENTER,290041,NV,READM-30-HIP-KNEE-HRRP,106,1.0263,18.1089,17.6454,21,01-07-2019,30-06-2022
SUMMERLIN HOSPITAL MEDICAL CENTER,290041,NV,READM-30-COPD-HRRP,98,1.0488,24.1708,23.0452,27,01-07-2019,30-06-2022
SUMMERLIN HOSPITAL MEDICAL CENTER,290041,NV,READM-30-AMI-HRRP,217,0.9688,15.7359,16.2428,32,01-07-2019,30-06-2022
HARMON HOSPITAL,290042,NV,READM-30-HIP-KNEE-HRRP,246,0.8908,17.7068,19.8765,36,01-07-2019,30-06-2022
HARMON HOSPITAL,290042,NV,READM-30-HF-HRRP,118,1.0107,20.5836,20.3652,25,01-07-2019,30-06-2022
HARMON HOSPITAL,290042,NV,READM-30-CABG-HRRP,151,1.1025,14.0884,12.7791,26,01-07-2019,30-06-2022
HARMON HOSPITAL,290042,NV,READM-30-AMI-HRRP,220,0.9849,14.5492,14.7716,31,01-07-2019,30-06-2022
SAINT ROSE DOMINICAN HOSPITALS - SIENA CAMPUS,290045,NV,READM-30-HIP-KNEE-HRRP,210,1.0566,18.3053,17.3245,42,01-07-2019,30-06-2022
SAINT ROSE DOMINICAN HOSPITALS - SIENA CAMPUS,290045,NV,READM-30-HF-HRRP,88,1.0043,16.7422,16.6712,15,01-07-2019,30-06-2022
SAINT ROSE DOMINICAN HOSPITALS - SIENA CAMPUS,290045,NV,READM-30-CABG-HRRP,116,1.0086,11.7212,11.6218,14,01-07-2019,30-06-2022
SAINT ROSE DOMINICAN HOSPITALS - SIENA CAMPUS,290045,NV,READM-30-AMI-HRRP,637,0.9689,16.1946,16.7147,101,01-07-2019,30-06-2022
SPRING VALLEY HOSPITAL MEDICAL CENTER,290046,NV,READM-30-HIP-KNEE-HRRP,603,0.9985,20.7467,20.7784,125,01-07-2019,30-06-2022
SPRING VALLEY HOSPITAL MEDICAL CENTER,290046,NV,READM-30-HF-HRRP,161,1.0251,20.107,19.6155,34,01-07-2019,30-06-2022
SPRING VALLEY HOSPITAL MEDICAL CENTER,290046,NV,READM-30-CABG-HRRP,292,1.0244,13.9772,13.6444,42,01-07-2019,30-06-2022
SPRING VALLEY HOSPITAL MEDICAL CENTER,290046,NV,READM-30-AMI-HRRP,234,1.0392,18.5121,17.8142,46,01-07-2019,30-06-2022
SOUTHERN HILLS HOSPITAL AND MEDICAL CENTER,290047,NV,READM-30-PN-HRRP,284,1.033,22.1091,21.4025,65,01-07-2019,30-06-2022
SOUTHERN HILLS HOSPITAL AND MEDICAL CENTER,290047,NV,READM-30-HIP-KNEE-HRRP,100,0.9968,21.2107,21.2779,21,01-07-2019,30-06-2022
SOUTHERN HILLS HOSPITAL AND MEDICAL CENTER,290047,NV,READM-30-HF-HRRP,77,1.1745,13.4738,11.4715,15,01-07-2019,30-06-2022
SOUTHERN HILLS HOSPITAL AND MEDICAL CENTER,290047,NV,READM-30-COPD-HRRP,90,0.9824,15.4506,15.7266,13,01-07-2019,30-06-2022
SOUTHERN HILLS HOSPITAL AND MEDICAL CENTER,290047,NV,READM-30-AMI-HRRP,208,0.9661,16.5279,17.1081,32,01-07-2019,30-06-2022
RENOWN SOUTH MEADOWS MEDICAL CENTER,290049,NV,READM-30-PN-HRRP,226,0.9306,18.4738,19.8509,37,01-07-2019,30-06-2022
RENOWN SOUTH MEADOWS MEDICAL CENTER,290049,NV,READM-30-HIP-KNEE-HRRP,77,1.0516,19.1702,18.2293,18,01-07-2019,30-06-2022
RENOWN SOUTH MEADOWS MEDICAL CENTER,290049,NV,READM-30-HF-HRRP,133,0.9723,13.0619,13.4343,16,01-07-2019,30-06-2022
RENOWN SOUTH MEADOWS MEDICAL CENTER,290049,NV,READM-30-COPD-HRRP,135,1.0478,16.1814,15.4438,25,01-07-2019,30-06-2022
SAINT ROSE DOMINICAN HOSPITALS - SAN MARTIN CAMPUS,290053,NV,READM-30-PN-HRRP,203,1.0711,18.8232,17.5738,43,01-07-2019,30-06-2022
SAINT ROSE DOMINICAN HOSPITALS - SAN MARTIN CAMPUS,290053,NV,READM-30-HIP-KNEE-HRRP,187,0.9539,19.3191,20.2521,33,01-07-2019,30-06-2022
SAINT ROSE DOMINICAN HOSPITALS - SAN MARTIN CAMPUS,290053,NV,READM-30-CABG-HRRP,72,1.0349,13.579,13.1212,12,01-07-2019,30-06-2022
SAINT ROSE DOMINICAN HOSPITALS - SAN MARTIN CAMPUS,290053,NV,READM-30-AMI-HRRP,68,1.0183,20.2852,19.921,15,01-07-2019,30-06-2022
CENTENNIAL HILLS HOSPITAL MEDICAL CENTER,290054,NV,READM-30-HIP-KNEE-HRRP,76,1.0011,15.6932,15.6761,12,01-07-2019,30-06-2022
HENDERSON HOSPITAL,290057,NV,READM-30-PN-HRRP,192,1.068,19.96,18.6897,43,01-07-2019,30-06-2022
HENDERSON HOSPITAL,290057,NV,READM-30-HIP-KNEE-HRRP,88,1.024,23.1321,22.589,22,01-07-2019,30-06-2022
HENDERSON HOSPITAL,290057,NV,READM-30-CABG-HRRP,1128,0.9766,17.4335,17.8518,195,01-07-2019,30-06-2022
SAINT ROSE DOMINICAN HOSPITALS - NORTH LAS VEGAS,290058,NV,READM-30-PN-HRRP,1258,1.0818,22.7042,20.9881,291,01-07-2019,30-06-2022
SAINT ROSE DOMINICAN HOSPITALS - NORTH LAS VEGAS,290058,NV,READM-30-HIP-KNEE-HRRP,322,0.9337,19.1061,20.4619,57,01-07-2019,30-06-2022
SAINT ROSE DOMINICAN HOSPITALS - NORTH LAS VEGAS,290058,NV,READM-30-HF-HRRP,171,1.1172,13.8918,12.4342,27,01-07-2019,30-06-2022
SAINT ROSE DOMINICAN HOSPITALS - NORTH LAS VEGAS,290058,NV,READM-30-COPD-HRRP,403,1.1059,17.3314,15.6718,75,01-07-2019,30-06-2022
SAINT ROSE DOMINICAN HOSPITALS - NORTH LAS VEGAS,290058,NV,READM-30-CABG-HRRP,144,0.9666,19.0367,19.6948,25,01-07-2019,30-06-2022
SAINT ROSE DOMINICAN HOSPITALS - NORTH LAS VEGAS,290058,NV,READM-30-AMI-HRRP,444,0.9729,21.1403,21.7297,92,01-07-2019,30-06-2022
NORTHERN NEVADA SIERRA MEDICAL CENTER,290061,NV,READM-30-HIP-KNEE-HRRP,167,0.9656,11.9757,12.4022,19,01-07-2019,30-06-2022
NORTHERN NEVADA SIERRA MEDICAL CENTER,290061,NV,READM-30-HF-HRRP,136,1.0161,14.8606,14.6254,21,01-07-2019,30-06-2022
NORTHERN NEVADA SIERRA MEDICAL CENTER,290061,NV,READM-30-CABG-HRRP,338,0.889,15.0764,16.9585,43,01-07-2019,30-06-2022
NORTHERN NEVADA SIERRA MEDICAL CENTER,290061,NV,READM-30-AMI-HRRP,309,0.9312,3.9097,4.1987,11,01-07-2019,30-06-2022
CONCORD HOSPITAL,300001,NH,READM-30-PN-HRRP,363,1.0591,22.336,21.0903,85,01-07-2019,30-06-2022
CONCORD HOSPITAL,300001,NH,READM-30-HIP-KNEE-HRRP,206,1.0653,20.31,19.0644,46,01-07-2019,30-06-2022
CONCORD HOSPITAL,300001,NH,READM-30-HF-HRRP,148,0.9647,13.3498,13.8382,18,01-07-2019,30-06-2022
CONCORD HOSPITAL,300001,NH,READM-30-COPD-HRRP,195,1.0658,17.2619,16.1966,38,01-07-2019,30-06-2022
CONCORD HOSPITAL,300001,NH,READM-30-CABG-HRRP,160,0.926,16.8485,18.1957,22,01-07-2019,30-06-2022
CONCORD HOSPITAL,300001,NH,READM-30-AMI-HRRP,87,0.9806,16.3464,16.6698,13,01-07-2019,30-06-2022
MARY HITCHCOCK MEMORIAL HOSPITAL,300003,NH,READM-30-PN-HRRP,50,1.0815,14.3118,13.2328,11,01-07-2019,30-06-2022
MARY HITCHCOCK MEMORIAL HOSPITAL,300003,NH,READM-30-HIP-KNEE-HRRP,295,1.0493,17.8635,17.0241,56,01-07-2019,30-06-2022
MARY HITCHCOCK MEMORIAL HOSPITAL,300003,NH,READM-30-HF-HRRP,158,1.2059,5.1394,4.2618,11,01-07-2019,30-06-2022
MARY HITCHCOCK MEMORIAL HOSPITAL,300003,NH,READM-30-COPD-HRRP,162,1.0574,22.3473,21.1337,40,01-07-2019,30-06-2022
MARY HITCHCOCK MEMORIAL HOSPITAL,300003,NH,READM-30-CABG-HRRP,50,1.01,22.6111,22.3866,12,01-07-2019,30-06-2022
MARY HITCHCOCK MEMORIAL HOSPITAL,300003,NH,READM-30-AMI-HRRP,85,1.0367,15.5142,14.9646,15,01-07-2019,30-06-2022
CONCORD HOSPITAL- LACONIA,300005,NH,READM-30-PN-HRRP,184,0.9523,15.3836,16.1546,25,01-07-2019,30-06-2022
CONCORD HOSPITAL- LACONIA,300005,NH,READM-30-HIP-KNEE-HRRP,222,0.8668,17.2752,19.9301,29,01-07-2019,30-06-2022
CONCORD HOSPITAL- LACONIA,300005,NH,READM-30-CABG-HRRP,240,0.9137,11.8026,12.9174,24,01-07-2019,30-06-2022
CONCORD HOSPITAL- LACONIA,300005,NH,READM-30-AMI-HRRP,62,1.0714,15.1823,14.1701,14,01-07-2019,30-06-2022
ST JOSEPH HOSPITAL,300011,NH,READM-30-PN-HRRP,47,1.0378,18.2292,17.5653,11,01-07-2019,30-06-2022
ST JOSEPH HOSPITAL,300011,NH,READM-30-HIP-KNEE-HRRP,188,0.9893,16.8808,17.0636,31,01-07-2019,30-06-2022
ST JOSEPH HOSPITAL,300011,NH,READM-30-COPD-HRRP,199,1.0587,21.194,20.0183,46,01-07-2019,30-06-2022
ST JOSEPH HOSPITAL,300011,NH,READM-30-CABG-HRRP,64,0.9945,19.3114,19.4177,12,01-07-2019,30-06-2022
ELLIOT HOSPITAL,300012,NH,READM-30-PN-HRRP,104,1.1654,14.9166,12.7998,23,01-07-2019,30-06-2022
ELLIOT HOSPITAL,300012,NH,READM-30-HIP-KNEE-HRRP,97,1.0164,17.3977,17.1177,18,01-07-2019,30-06-2022
ELLIOT HOSPITAL,300012,NH,READM-30-HF-HRRP,138,0.9798,19.8241,20.233,26,01-07-2019,30-06-2022
FRISBIE MEMORIAL HOSPITAL,300014,NH,READM-30-PN-HRRP,210,0.9557,15.2711,15.9784,29,01-07-2019,30-06-2022
FRISBIE MEMORIAL HOSPITAL,300014,NH,READM-30-HF-HRRP,237,0.9741,19.3016,19.8148,44,01-07-2019,30-06-2022
FRISBIE MEMORIAL HOSPITAL,300014,NH,READM-30-COPD-HRRP,135,1.0005,17.014,17.0056,23,01-07-2019,30-06-2022
FRISBIE MEMORIAL HOSPITAL,300014,NH,READM-30-AMI-HRRP,121,1.0951,13.6834,12.4952,21,01-07-2019,30-06-2022
PARKLAND MEDICAL CENTER,300017,NH,READM-30-PN-HRRP,550,0.9256,15.6809,16.9422,81,01-07-2019,30-06-2022
PARKLAND MEDICAL CENTER,300017,NH,READM-30-HIP-KNEE-HRRP,447,1.248,5.2769,4.2283,27,01-07-2019,30-06-2022
PARKLAND MEDICAL CENTER,300017,NH,READM-30-HF-HRRP,502,0.9333,19.0405,20.4021,91,01-07-2019,30-06-2022
PARKLAND MEDICAL CENTER,300017,NH,READM-30-COPD-HRRP,262,0.9918,19.674,19.8373,51,01-07-2019,30-06-2022
PARKLAND MEDICAL CENTER,300017,NH,READM-30-CABG-HRRP,158,1.0341,10.8021,10.4458,18,01-07-2019,30-06-2022
PARKLAND MEDICAL CENTER,300017,NH,READM-30-AMI-HRRP,381,1.0696,14.3524,13.419,58,01-07-2019,30-06-2022
WENTWORTH-DOUGLASS HOSPITAL,300018,NH,READM-30-PN-HRRP,612,0.9203,13.971,15.1816,80,01-07-2019,30-06-2022
WENTWORTH-DOUGLASS HOSPITAL,300018,NH,READM-30-HF-HRRP,584,1.0357,19.4677,18.7973,116,01-07-2019,30-06-2022
WENTWORTH-DOUGLASS HOSPITAL,300018,NH,READM-30-COPD-HRRP,208,0.9662,17.4034,18.0131,34,01-07-2019,30-06-2022
WENTWORTH-DOUGLASS HOSPITAL,300018,NH,READM-30-CABG-HRRP,125,1.088,10.927,10.0429,16,01-07-2019,30-06-2022
WENTWORTH-DOUGLASS HOSPITAL,300018,NH,READM-30-AMI-HRRP,279,1.0024,12.1451,12.1158,34,01-07-2019,30-06-2022
CHESHIRE MEDICAL CENTER,300019,NH,READM-30-HIP-KNEE-HRRP,175,0.9501,16.2715,17.1258,25,01-07-2019,30-06-2022
CHESHIRE MEDICAL CENTER,300019,NH,READM-30-HF-HRRP,161,0.9627,18.949,19.6839,28,01-07-2019,30-06-2022
CHESHIRE MEDICAL CENTER,300019,NH,READM-30-AMI-HRRP,503,0.9258,14.9526,16.1518,70,01-07-2019,30-06-2022
SOUTHERN NH MEDICAL CENTER,300020,NH,READM-30-HIP-KNEE-HRRP,628,0.9567,18.9383,19.7945,116,01-07-2019,30-06-2022
SOUTHERN NH MEDICAL CENTER,300020,NH,READM-30-HF-HRRP,187,1.0637,20.2677,19.0543,42,01-07-2019,30-06-2022
SOUTHERN NH MEDICAL CENTER,300020,NH,READM-30-COPD-HRRP,116,0.974,10.112,10.3817,11,01-07-2019,30-06-2022
SOUTHERN NH MEDICAL CENTER,300020,NH,READM-30-CABG-HRRP,417,0.9212,13.6891,14.8608,53,01-07-2019,30-06-2022
EXETER HOSPITAL INC,300023,NH,READM-30-PN-HRRP,220,0.9532,15.5632,16.3265,31,01-07-2019,30-06-2022
EXETER HOSPITAL INC,300023,NH,READM-30-HIP-KNEE-HRRP,139,1.0307,20.8439,20.2222,31,01-07-2019,30-06-2022
EXETER HOSPITAL INC,300023,NH,READM-30-HF-HRRP,118,1.0158,21.145,20.8165,26,01-07-2019,30-06-2022
EXETER HOSPITAL INC,300023,NH,READM-30-COPD-HRRP,84,1.056,14.6618,13.8839,15,01-07-2019,30-06-2022
EXETER HOSPITAL INC,300023,NH,READM-30-AMI-HRRP,156,1.0202,17.7639,17.4124,29,01-07-2019,30-06-2022
PORTSMOUTH REGIONAL HOSPITAL,300029,NH,READM-30-HF-HRRP,49,1.0257,22.941,22.3654,13,01-07-2019,30-06-2022
PORTSMOUTH REGIONAL HOSPITAL,300029,NH,READM-30-AMI-HRRP,736,0.9835,17.5478,17.8426,128,01-07-2019,30-06-2022
CATHOLIC MEDICAL CENTER,300034,NH,READM-30-HIP-KNEE-HRRP,632,1.0478,21.4934,20.5138,139,01-07-2019,30-06-2022
CATHOLIC MEDICAL CENTER,300034,NH,READM-30-HF-HRRP,375,1.0358,20.1787,19.4821,78,01-07-2019,30-06-2022
CATHOLIC MEDICAL CENTER,300034,NH,READM-30-COPD-HRRP,166,1.0084,11.3055,11.2119,19,01-07-2019,30-06-2022
CATHOLIC MEDICAL CENTER,300034,NH,READM-30-CABG-HRRP,274,1.0043,14.1563,14.0962,39,01-07-2019,30-06-2022
CATHOLIC MEDICAL CENTER,300034,NH,READM-30-AMI-HRRP,110,0.9654,18.629,19.2959,18,01-07-2019,30-06-2022
HACKENSACK UNIVERSITY MEDICAL CENTER,310001,NJ,READM-30-PN-HRRP,73,1.03,21.9001,21.2628,18,01-07-2019,30-06-2022
NEWARK BETH ISRAEL MEDICAL CENTER,310002,NJ,READM-30-PN-HRRP,139,1.0111,15.2974,15.1294,22,01-07-2019,30-06-2022
NEWARK BETH ISRAEL MEDICAL CENTER,310002,NJ,READM-30-HIP-KNEE-HRRP,126,1.0532,18.7552,17.8082,27,01-07-2019,30-06-2022
NEWARK BETH ISRAEL MEDICAL CENTER,310002,NJ,READM-30-CABG-HRRP,53,1.1056,18.056,16.3319,16,01-07-2019,30-06-2022
NEWARK BETH ISRAEL MEDICAL CENTER,310002,NJ,READM-30-AMI-HRRP,341,1.0244,16.2357,15.8487,57,01-07-2019,30-06-2022
PALISADES MEDICAL CENTER,310003,NJ,READM-30-HIP-KNEE-HRRP,369,1.0843,21.295,19.6402,84,01-07-2019,30-06-2022
PALISADES MEDICAL CENTER,310003,NJ,READM-30-HF-HRRP,144,0.9812,17.5019,17.8364,24,01-07-2019,30-06-2022
PALISADES MEDICAL CENTER,310003,NJ,READM-30-COPD-HRRP,95,1.0892,14.5244,13.3344,18,01-07-2019,30-06-2022
PALISADES MEDICAL CENTER,310003,NJ,READM-30-CABG-HRRP,766,1.1212,21.1168,18.8334,170,01-07-2019,30-06-2022
HUNTERDON MEDICAL CENTER,310005,NJ,READM-30-PN-HRRP,1268,0.8836,19.7444,22.3454,242,01-07-2019,30-06-2022
HUNTERDON MEDICAL CENTER,310005,NJ,READM-30-HIP-KNEE-HRRP,176,0.9451,18.5495,19.6264,29,01-07-2019,30-06-2022
HUNTERDON MEDICAL CENTER,310005,NJ,READM-30-HF-HRRP,266,1.0826,12.3008,11.3621,35,01-07-2019,30-06-2022
HUNTERDON MEDICAL CENTER,310005,NJ,READM-30-COPD-HRRP,282,0.8817,13.1848,14.9542,31,01-07-2019,30-06-2022
ST MARY'S GENERAL HOSPITAL,310006,NJ,READM-30-HF-HRRP,251,0.9873,15.4813,15.6808,38,01-07-2019,30-06-2022
ST MARY'S GENERAL HOSPITAL,310006,NJ,READM-30-CABG-HRRP,272,0.9089,18.1074,19.9223,43,01-07-2019,30-06-2022
ST MARY'S GENERAL HOSPITAL,310006,NJ,READM-30-AMI-HRRP,92,0.9394,17.3572,18.4763,12,01-07-2019,30-06-2022
HOLY NAME MEDICAL CENTER,310008,NJ,READM-30-HIP-KNEE-HRRP,80,1.0286,17.578,17.0898,16,01-07-2019,30-06-2022
HOLY NAME MEDICAL CENTER,310008,NJ,READM-30-HF-HRRP,42,1.0456,19.2189,18.3815,11,01-07-2019,30-06-2022
HOLY NAME MEDICAL CENTER,310008,NJ,READM-30-COPD-HRRP,1077,0.9436,16.0605,17.0209,169,01-07-2019,30-06-2022
HOLY NAME MEDICAL CENTER,310008,NJ,READM-30-CABG-HRRP,561,1.0299,4.3761,4.249,25,01-07-2019,30-06-2022
HOLY NAME MEDICAL CENTER,310008,NJ,READM-30-AMI-HRRP,1854,0.9679,19.4261,20.0697,358,01-07-2019,30-06-2022
CLARA MAASS MEDICAL CENTER,310009,NJ,READM-30-PN-HRRP,281,0.9253,16.711,18.0596,42,01-07-2019,30-06-2022
CLARA MAASS MEDICAL CENTER,310009,NJ,READM-30-HIP-KNEE-HRRP,260,0.8976,9.9983,11.1386,23,01-07-2019,30-06-2022
CLARA MAASS MEDICAL CENTER,310009,NJ,READM-30-HF-HRRP,704,0.9788,13.3587,13.6476,93,01-07-2019,30-06-2022
CLARA MAASS MEDICAL CENTER,310009,NJ,READM-30-COPD-HRRP,213,0.9977,15.0953,15.1301,32,01-07-2019,30-06-2022
CLARA MAASS MEDICAL CENTER,310009,NJ,READM-30-AMI-HRRP,137,0.9736,19.5456,20.0751,25,01-07-2019,30-06-2022
UNIVERSITY MEDICAL CENTER OF PRINCETON AT PLAINSBORO,310010,NJ,READM-30-PN-HRRP,112,1.0839,19.4118,17.9094,27,01-07-2019,30-06-2022
UNIVERSITY MEDICAL CENTER OF PRINCETON AT PLAINSBORO,310010,NJ,READM-30-COPD-HRRP,77,1.0146,19.5367,19.2559,16,01-07-2019,30-06-2022
CAPE REGIONAL MEDICAL CENTER INC,310011,NJ,READM-30-PN-HRRP,50,1.092,16.1819,14.8186,14,01-07-2019,30-06-2022
CAPE REGIONAL MEDICAL CENTER INC,310011,NJ,READM-30-HIP-KNEE-HRRP,312,1.0081,17.77,17.6278,56,01-07-2019,30-06-2022
CAPE REGIONAL MEDICAL CENTER INC,310011,NJ,READM-30-HF-HRRP,273,1.0841,5.4026,4.9833,16,01-07-2019,30-06-2022
CAPE REGIONAL MEDICAL CENTER INC,310011,NJ,READM-30-COPD-HRRP,293,1.1141,23.7287,21.2983,77,01-07-2019,30-06-2022
CAPE REGIONAL MEDICAL CENTER INC,310011,NJ,READM-30-CABG-HRRP,103,0.9299,19.2277,20.6762,15,01-07-2019,30-06-2022
COOPER UNIVERSITY HOSPITAL,310014,NJ,READM-30-PN-HRRP,253,0.9533,17.5291,18.3877,41,01-07-2019,30-06-2022
COOPER UNIVERSITY HOSPITAL,310014,NJ,READM-30-HIP-KNEE-HRRP,364,0.902,19.4961,21.6133,64,01-07-2019,30-06-2022
COOPER UNIVERSITY HOSPITAL,310014,NJ,READM-30-HF-HRRP,108,1.0158,22.1714,21.8264,25,01-07-2019,30-06-2022
COOPER UNIVERSITY HOSPITAL,310014,NJ,READM-30-CABG-HRRP,134,0.983,15.5742,15.8432,20,01-07-2019,30-06-2022
COOPER UNIVERSITY HOSPITAL,310014,NJ,READM-30-AMI-HRRP,456,1.0701,17.6214,16.4667,85,01-07-2019,30-06-2022
MORRISTOWN MEDICAL CENTER,310015,NJ,READM-30-PN-HRRP,830,1.0593,4.2319,3.995,36,01-07-2019,30-06-2022
MORRISTOWN MEDICAL CENTER,310015,NJ,READM-30-HIP-KNEE-HRRP,1154,0.9069,17.7101,19.5291,198,01-07-2019,30-06-2022
MORRISTOWN MEDICAL CENTER,310015,NJ,READM-30-HF-HRRP,135,0.9396,17.0334,18.129,19,01-07-2019,30-06-2022
MORRISTOWN MEDICAL CENTER,310015,NJ,READM-30-CABG-HRRP,263,1.066,13.6465,12.8019,39,01-07-2019,30-06-2022
MORRISTOWN MEDICAL CENTER,310015,NJ,READM-30-AMI-HRRP,132,1.0192,15.7061,15.4106,22,01-07-2019,30-06-2022
CAREPOINT HEALTH-CHRIST HOSPITAL,310016,NJ,READM-30-HIP-KNEE-HRRP,109,0.9277,19.3056,20.81,16,01-07-2019,30-06-2022
CAREPOINT HEALTH-CHRIST HOSPITAL,310016,NJ,READM-30-CABG-HRRP,409,0.9523,14.4873,15.2127,56,01-07-2019,30-06-2022
CHILTON MEDICAL CENTER,310017,NJ,READM-30-PN-HRRP,574,0.8951,17.2879,19.315,92,01-07-2019,30-06-2022
CHILTON MEDICAL CENTER,310017,NJ,READM-30-HIP-KNEE-HRRP,92,0.983,17.4973,17.7991,15,01-07-2019,30-06-2022
CHILTON MEDICAL CENTER,310017,NJ,READM-30-COPD-HRRP,219,0.9328,12.9661,13.9003,25,01-07-2019,30-06-2022
CHILTON MEDICAL CENTER,310017,NJ,READM-30-CABG-HRRP,71,0.9915,17.7301,17.8818,12,01-07-2019,30-06-2022
CHILTON MEDICAL CENTER,310017,NJ,READM-30-AMI-HRRP,90,1.0468,23.1296,22.0957,24,01-07-2019,30-06-2022
ST JOSEPH'S UNIVERSITY MEDICAL CENTER INC,310019,NJ,READM-30-HIP-KNEE-HRRP,121,0.9848,15.7253,15.9672,18,01-07-2019,30-06-2022
ST JOSEPH'S UNIVERSITY MEDICAL CENTER INC,310019,NJ,READM-30-HF-HRRP,137,1.0229,20.7891,20.3229,30,01-07-2019,30-06-2022
ST FRANCIS MEDICAL CENTER,310021,NJ,READM-30-HF-HRRP,190,0.9548,16.9362,17.7381,29,01-07-2019,30-06-2022
ST FRANCIS MEDICAL CENTER,310021,NJ,READM-30-CABG-HRRP,200,0.9911,19.2952,19.4687,38,01-07-2019,30-06-2022
ST FRANCIS MEDICAL CENTER,310021,NJ,READM-30-AMI-HRRP,97,1.0088,20.0242,19.8487,20,01-07-2019,30-06-2022
WEST JERSEY HOSPITAL,310022,NJ,READM-30-CABG-HRRP,104,1.1619,20.5373,17.6758,32,01-07-2019,30-06-2022
ROBERT WOOD JOHNSON UNIVERSITY HOSPITAL AT RAHWAY,310024,NJ,READM-30-PN-HRRP,141,1.0177,20.4443,20.0895,30,01-07-2019,30-06-2022
ROBERT WOOD JOHNSON UNIVERSITY HOSPITAL AT RAHWAY,310024,NJ,READM-30-COPD-HRRP,125,0.9924,16.4165,16.5428,20,01-07-2019,30-06-2022
ROBERT WOOD JOHNSON UNIVERSITY HOSPITAL AT RAHWAY,310024,NJ,READM-30-CABG-HRRP,146,1.0701,19.5554,18.2742,33,01-07-2019,30-06-2022
ROBERT WOOD JOHNSON UNIVERSITY HOSPITAL AT RAHWAY,310024,NJ,READM-30-AMI-HRRP,94,0.9631,18.5434,19.2544,15,01-07-2019,30-06-2022
CAREPOINT HEALTH - BAYONNE MEDICAL CENTER,310025,NJ,READM-30-HIP-KNEE-HRRP,78,1.0613,14.2076,13.3872,14,01-07-2019,30-06-2022
CAREPOINT HEALTH - BAYONNE MEDICAL CENTER,310025,NJ,READM-30-HF-HRRP,353,1.0717,17.6323,16.4519,67,01-07-2019,30-06-2022
CAREPOINT HEALTH - BAYONNE MEDICAL CENTER,310025,NJ,READM-30-CABG-HRRP,262,1.0051,19.3366,19.2378,51,01-07-2019,30-06-2022
CAREPOINT HEALTH - BAYONNE MEDICAL CENTER,310025,NJ,READM-30-AMI-HRRP,103,1.0487,20.2808,19.3394,24,01-07-2019,30-06-2022
TRINITAS REGIONAL MEDICAL CENTER,310027,NJ,READM-30-HIP-KNEE-HRRP,144,0.9161,12.7148,13.8793,14,01-07-2019,30-06-2022
TRINITAS REGIONAL MEDICAL CENTER,310027,NJ,READM-30-AMI-HRRP,359,1.0307,15.8688,15.3955,59,01-07-2019,30-06-2022
NEWTON MEDICAL CENTER,310028,NJ,READM-30-HIP-KNEE-HRRP,299,0.9445,17.9675,19.0241,50,01-07-2019,30-06-2022
NEWTON MEDICAL CENTER,310028,NJ,READM-30-HF-HRRP,111,0.9737,17.7519,18.2321,18,01-07-2019,30-06-2022
NEWTON MEDICAL CENTER,310028,NJ,READM-30-COPD-HRRP,127,1.0003,12.5888,12.5856,16,01-07-2019,30-06-2022
NEWTON MEDICAL CENTER,310028,NJ,READM-30-CABG-HRRP,78,1.0033,15.104,15.0548,12,01-07-2019,30-06-2022
VIRTUA OUR LADY OF LOURDES HOSPITAL,310029,NJ,READM-30-HIP-KNEE-HRRP,522,0.9656,15.0067,15.5405,76,01-07-2019,30-06-2022
VIRTUA OUR LADY OF LOURDES HOSPITAL,310029,NJ,READM-30-HF-HRRP,176,1.2942,5.6973,4.4022,14,01-07-2019,30-06-2022
VIRTUA OUR LADY OF LOURDES HOSPITAL,310029,NJ,READM-30-COPD-HRRP,488,0.9882,18.8071,19.0322,91,01-07-2019,30-06-2022
VIRTUA OUR LADY OF LOURDES HOSPITAL,310029,NJ,READM-30-CABG-HRRP,132,1.0644,18.2036,17.102,28,01-07-2019,30-06-2022
DEBORAH HEART AND LUNG CENTER,310031,NJ,READM-30-PN-HRRP,186,1.0296,12.1575,11.8079,24,01-07-2019,30-06-2022
INSPIRA MEDICAL CENTER VINELAND,310032,NJ,READM-30-PN-HRRP,157,0.9166,13.1885,14.3884,15,01-07-2019,30-06-2022
INSPIRA MEDICAL CENTER VINELAND,310032,NJ,READM-30-AMI-HRRP,211,0.9164,14.1246,15.4133,24,01-07-2019,30-06-2022
RIVERVIEW MEDICAL CENTER,310034,NJ,READM-30-PN-HRRP,123,0.9867,18.5936,18.844,22,01-07-2019,30-06-2022
ROBERT WOOD JOHNSON UNIVERSITY HOSPITAL,310038,NJ,READM-30-HF-HRRP,386,0.9982,16.6116,16.6409,64,01-07-2019,30-06-2022
ROBERT WOOD JOHNSON UNIVERSITY HOSPITAL,310038,NJ,READM-30-CABG-HRRP,408,0.9218,18.2227,19.7685,69,01-07-2019,30-06-2022
ROBERT WOOD JOHNSON UNIVERSITY HOSPITAL,310038,NJ,READM-30-AMI-HRRP,74,1.0109,17.9789,17.7853,14,01-07-2019,30-06-2022
RARITAN BAY MEDICAL CENTER,310039,NJ,READM-30-HIP-KNEE-HRRP,113,0.9311,12.8263,13.7749,11,01-07-2019,30-06-2022
RARITAN BAY MEDICAL CENTER,310039,NJ,READM-30-HF-HRRP,386,1.1177,20.744,18.5598,88,01-07-2019,30-06-2022
RARITAN BAY MEDICAL CENTER,310039,NJ,READM-30-CABG-HRRP,554,1.1126,24.4659,21.9908,143,01-07-2019,30-06-2022
RARITAN BAY MEDICAL CENTER,310039,NJ,READM-30-AMI-HRRP,186,1.0181,20.8589,20.4888,40,01-07-2019,30-06-2022
CAREPOINT HEALTH-HOBOKEN UNIVERSITY MEDICAL CENTER,310040,NJ,READM-30-PN-HRRP,113,1.1417,15.1364,13.2575,21,01-07-2019,30-06-2022
CAREPOINT HEALTH-HOBOKEN UNIVERSITY MEDICAL CENTER,310040,NJ,READM-30-HIP-KNEE-HRRP,207,0.9605,15.9698,16.6265,31,01-07-2019,30-06-2022
CAREPOINT HEALTH-HOBOKEN UNIVERSITY MEDICAL CENTER,310040,NJ,READM-30-HF-HRRP,307,1.1315,18.7325,16.5558,66,01-07-2019,30-06-2022
CAREPOINT HEALTH-HOBOKEN UNIVERSITY MEDICAL CENTER,310040,NJ,READM-30-CABG-HRRP,259,1.1032,23.6434,21.4315,68,01-07-2019,30-06-2022
CAREPOINT HEALTH-HOBOKEN UNIVERSITY MEDICAL CENTER,310040,NJ,READM-30-AMI-HRRP,104,1.0206,18.9261,18.5437,21,01-07-2019,30-06-2022
COMMUNITY MEDICAL CENTER,310041,NJ,READM-30-PN-HRRP,95,0.9673,13.2839,13.7333,11,01-07-2019,30-06-2022
COMMUNITY MEDICAL CENTER,310041,NJ,READM-30-HIP-KNEE-HRRP,100,1.0155,18.9038,18.6144,20,01-07-2019,30-06-2022
COMMUNITY MEDICAL CENTER,310041,NJ,READM-30-HF-HRRP,114,1.0774,24.3702,22.6185,33,01-07-2019,30-06-2022
COMMUNITY MEDICAL CENTER,310041,NJ,READM-30-AMI-HRRP,332,1.0641,17.0997,16.0694,61,01-07-2019,30-06-2022
CAPITAL HEALTH MEDICAL CENTER - HOPEWELL,310044,NJ,READM-30-PN-HRRP,338,0.9817,18.9988,19.3533,63,01-07-2019,30-06-2022
CAPITAL HEALTH MEDICAL CENTER - HOPEWELL,310044,NJ,READM-30-HIP-KNEE-HRRP,86,1.035,18.3565,17.7366,18,01-07-2019,30-06-2022
CAPITAL HEALTH MEDICAL CENTER - HOPEWELL,310044,NJ,READM-30-COPD-HRRP,93,1.0024,13.8505,13.8174,13,01-07-2019,30-06-2022
CAPITAL HEALTH MEDICAL CENTER - HOPEWELL,310044,NJ,READM-30-AMI-HRRP,141,1.0429,19.8758,19.0575,31,01-07-2019,30-06-2022
ENGLEWOOD HOSPITAL AND MEDICAL CENTER,310045,NJ,READM-30-PN-HRRP,117,0.965,20.8579,21.6138,22,01-07-2019,30-06-2022
ENGLEWOOD HOSPITAL AND MEDICAL CENTER,310045,NJ,READM-30-COPD-HRRP,147,0.9711,18.4015,18.9495,25,01-07-2019,30-06-2022
ENGLEWOOD HOSPITAL AND MEDICAL CENTER,310045,NJ,READM-30-CABG-HRRP,167,0.9862,21.5237,21.824,35,01-07-2019,30-06-2022
SHORE MEDICAL CENTER,310047,NJ,READM-30-HF-HRRP,275,0.9945,15.7711,15.858,43,01-07-2019,30-06-2022
SHORE MEDICAL CENTER,310047,NJ,READM-30-CABG-HRRP,408,1.0338,21.0216,20.3344,88,01-07-2019,30-06-2022
SHORE MEDICAL CENTER,310047,NJ,READM-30-AMI-HRRP,99,0.912,17.1276,18.7795,11,01-07-2019,30-06-2022
ROBERT WOOD JOHNSON UNIVERSITY HOSPITAL - SOMERSET,310048,NJ,READM-30-PN-HRRP,107,0.9697,12.0288,12.4043,12,01-07-2019,30-06-2022
ROBERT WOOD JOHNSON UNIVERSITY HOSPITAL - SOMERSET,310048,NJ,READM-30-HIP-KNEE-HRRP,138,1.0217,15.1655,14.8429,22,01-07-2019,30-06-2022
ROBERT WOOD JOHNSON UNIVERSITY HOSPITAL - SOMERSET,310048,NJ,READM-30-HF-HRRP,447,0.9521,16.4148,17.2405,70,01-07-2019,30-06-2022
ROBERT WOOD JOHNSON UNIVERSITY HOSPITAL - SOMERSET,310048,NJ,READM-30-COPD-HRRP,239,1.2072,5.4693,4.5305,16,01-07-2019,30-06-2022
ROBERT WOOD JOHNSON UNIVERSITY HOSPITAL - SOMERSET,310048,NJ,READM-30-CABG-HRRP,397,0.958,19.3571,20.2052,74,01-07-2019,30-06-2022
ROBERT WOOD JOHNSON UNIVERSITY HOSPITAL - SOMERSET,310048,NJ,READM-30-AMI-HRRP,84,1.0358,19.8863,19.1983,19,01-07-2019,30-06-2022
SAINT CLARE'S HOSPITAL/ DENVILLE CAMPUS,310050,NJ,READM-30-HIP-KNEE-HRRP,128,1.0657,14.7248,13.8165,22,01-07-2019,30-06-2022
SAINT CLARE'S HOSPITAL/ DENVILLE CAMPUS,310050,NJ,READM-30-HF-HRRP,49,1.0617,16.328,15.3792,12,01-07-2019,30-06-2022
SAINT CLARE'S HOSPITAL/ DENVILLE CAMPUS,310050,NJ,READM-30-COPD-HRRP,40,1.092,20.5562,18.8243,14,01-07-2019,30-06-2022
SAINT CLARE'S HOSPITAL/ DENVILLE CAMPUS,310050,NJ,READM-30-CABG-HRRP,70,1.0344,18.0854,17.4843,15,01-07-2019,30-06-2022
SAINT CLARE'S HOSPITAL/ DENVILLE CAMPUS,310050,NJ,READM-30-AMI-HRRP,180,0.9535,15.6762,16.4407,25,01-07-2019,30-06-2022
OVERLOOK MEDICAL CENTER,310051,NJ,READM-30-HIP-KNEE-HRRP,126,0.9817,19.2256,19.5841,23,01-07-2019,30-06-2022
OVERLOOK MEDICAL CENTER,310051,NJ,READM-30-HF-HRRP,56,1.0454,18.167,17.3786,13,01-07-2019,30-06-2022
OCEAN MEDICAL CENTER,310052,NJ,READM-30-PN-HRRP,89,0.9685,21.5401,22.2415,17,01-07-2019,30-06-2022
OCEAN MEDICAL CENTER,310052,NJ,READM-30-HF-HRRP,79,0.9929,15.7926,15.9048,12,01-07-2019,30-06-2022
OCEAN MEDICAL CENTER,310052,NJ,READM-30-COPD-HRRP,140,1.0396,19.6051,18.8583,30,01-07-2019,30-06-2022
HACKENSACKUMC MOUNTAINSIDE,310054,NJ,READM-30-HF-HRRP,100,0.9354,14.3397,15.3306,11,01-07-2019,30-06-2022
HACKENSACKUMC MOUNTAINSIDE,310054,NJ,READM-30-COPD-HRRP,122,1.0239,18.3323,17.9049,24,01-07-2019,30-06-2022
HACKENSACKUMC MOUNTAINSIDE,310054,NJ,READM-30-CABG-HRRP,182,1.0735,23.1408,21.5555,47,01-07-2019,30-06-2022
HACKENSACKUMC MOUNTAINSIDE,310054,NJ,READM-30-AMI-HRRP,103,0.9756,16.196,16.6015,15,01-07-2019,30-06-2022
VIRTUA MOUNT HOLLY HOSPITAL,310057,NJ,READM-30-HIP-KNEE-HRRP,154,1.0155,20.7597,20.4431,33,01-07-2019,30-06-2022
VIRTUA MOUNT HOLLY HOSPITAL,310057,NJ,READM-30-CABG-HRRP,195,0.9962,16.5426,16.6054,32,01-07-2019,30-06-2022
VIRTUA MOUNT HOLLY HOSPITAL,310057,NJ,READM-30-AMI-HRRP,139,1.0162,20.8048,20.4735,30,01-07-2019,30-06-2022
BERGEN NEW BRIDGE MEDICAL CENTER,310058,NJ,READM-30-PN-HRRP,54,1.0191,19.9216,19.5486,12,01-07-2019,30-06-2022
BERGEN NEW BRIDGE MEDICAL CENTER,310058,NJ,READM-30-HF-HRRP,184,1.0901,19.5139,17.9007,42,01-07-2019,30-06-2022
BERGEN NEW BRIDGE MEDICAL CENTER,310058,NJ,READM-30-CABG-HRRP,195,1.151,22.8097,19.8176,54,01-07-2019,30-06-2022
BERGEN NEW BRIDGE MEDICAL CENTER,310058,NJ,READM-30-AMI-HRRP,81,1.0344,18.2881,17.68,17,01-07-2019,30-06-2022
ST LUKE'S WARREN HOSPITAL,310060,NJ,READM-30-PN-HRRP,93,1.0498,16.6538,15.8636,18,01-07-2019,30-06-2022
ST LUKE'S WARREN HOSPITAL,310060,NJ,READM-30-HIP-KNEE-HRRP,190,0.978,19.2506,19.6832,35,01-07-2019,30-06-2022
ST LUKE'S WARREN HOSPITAL,310060,NJ,READM-30-COPD-HRRP,219,1.0819,23.1075,21.3585,56,01-07-2019,30-06-2022
VIRTUA WILLINGBORO HOSPITAL,310061,NJ,READM-30-PN-HRRP,115,1.0546,16.7722,15.9035,22,01-07-2019,30-06-2022
VIRTUA WILLINGBORO HOSPITAL,310061,NJ,READM-30-HIP-KNEE-HRRP,342,1.1931,20.625,17.2864,83,01-07-2019,30-06-2022
VIRTUA WILLINGBORO HOSPITAL,310061,NJ,READM-30-COPD-HRRP,266,1.0005,20.6641,20.6539,55,01-07-2019,30-06-2022
ATLANTICARE REGIONAL MEDICAL CENTER - CITY CAMPUS,310064,NJ,READM-30-PN-HRRP,93,1.0034,14.8743,14.8245,14,01-07-2019,30-06-2022
ATLANTICARE REGIONAL MEDICAL CENTER - CITY CAMPUS,310064,NJ,READM-30-HIP-KNEE-HRRP,297,0.9993,17.8614,17.8738,53,01-07-2019,30-06-2022
ATLANTICARE REGIONAL MEDICAL CENTER - CITY CAMPUS,310064,NJ,READM-30-COPD-HRRP,353,1.0472,21.4948,20.5252,79,01-07-2019,30-06-2022
ATLANTICARE REGIONAL MEDICAL CENTER - CITY CAMPUS,310064,NJ,READM-30-CABG-HRRP,105,1.0598,18.3829,17.3454,23,01-07-2019,30-06-2022
ATLANTICARE REGIONAL MEDICAL CENTER - CITY CAMPUS,310064,NJ,READM-30-AMI-HRRP,60,1.1394,15.8558,13.9161,16,01-07-2019,30-06-2022
INSPIRA MEDICAL CENTER ELMER,310069,NJ,READM-30-PN-HRRP,82,1.0237,17.5227,17.1177,16,01-07-2019,30-06-2022
INSPIRA MEDICAL CENTER ELMER,310069,NJ,READM-30-HIP-KNEE-HRRP,101,1.0946,20.7033,18.9142,27,01-07-2019,30-06-2022
INSPIRA MEDICAL CENTER ELMER,310069,NJ,READM-30-CABG-HRRP,305,0.9525,18.1784,19.0847,52,01-07-2019,30-06-2022
INSPIRA MEDICAL CENTER ELMER,310069,NJ,READM-30-AMI-HRRP,332,1.0782,22.2528,20.6383,79,01-07-2019,30-06-2022
SAINT PETER'S UNIVERSITY HOSPITAL,310070,NJ,READM-30-PN-HRRP,67,0.9889,22.0414,22.2884,14,01-07-2019,30-06-2022
SAINT PETER'S UNIVERSITY HOSPITAL,310070,NJ,READM-30-HIP-KNEE-HRRP,84,0.9924,13.5424,13.6463,11,01-07-2019,30-06-2022
SAINT PETER'S UNIVERSITY HOSPITAL,310070,NJ,READM-30-HF-HRRP,175,0.9311,15.3303,16.4641,22,01-07-2019,30-06-2022
SAINT PETER'S UNIVERSITY HOSPITAL,310070,NJ,READM-30-CABG-HRRP,243,0.9581,19.6945,20.5561,45,01-07-2019,30-06-2022
SAINT PETER'S UNIVERSITY HOSPITAL,310070,NJ,READM-30-AMI-HRRP,92,0.9755,20.261,20.7688,17,01-07-2019,30-06-2022
JERSEY SHORE UNIVERSITY MEDICAL CENTER,310073,NJ,READM-30-PN-HRRP,96,1.0725,12.4871,11.6424,14,01-07-2019,30-06-2022
JERSEY SHORE UNIVERSITY MEDICAL CENTER,310073,NJ,READM-30-HIP-KNEE-HRRP,132,1.0889,13.5565,12.4498,22,01-07-2019,30-06-2022
JERSEY SHORE UNIVERSITY MEDICAL CENTER,310073,NJ,READM-30-HF-HRRP,174,1.0227,19.2029,18.7767,35,01-07-2019,30-06-2022
JERSEY SHORE UNIVERSITY MEDICAL CENTER,310073,NJ,READM-30-COPD-HRRP,83,1.0038,21.3771,21.2959,18,01-07-2019,30-06-2022
JERSEY CITY MEDICAL CENTER,310074,NJ,READM-30-CABG-HRRP,66,1.0576,21.5675,20.3939,18,01-07-2019,30-06-2022
JERSEY CITY MEDICAL CENTER,310074,NJ,READM-30-AMI-HRRP,292,1.0136,15.4454,15.2386,46,01-07-2019,30-06-2022
MONMOUTH MEDICAL CENTER,310075,NJ,READM-30-HIP-KNEE-HRRP,293,1.0683,21.0213,19.6781,66,01-07-2019,30-06-2022
MONMOUTH MEDICAL CENTER,310075,NJ,READM-30-HF-HRRP,179,1.0025,18.9019,18.8539,34,01-07-2019,30-06-2022
MONMOUTH MEDICAL CENTER,310075,NJ,READM-30-CABG-HRRP,157,1.103,15.3642,13.9292,29,01-07-2019,30-06-2022
MONMOUTH MEDICAL CENTER,310075,NJ,READM-30-AMI-HRRP,194,1.0977,20.3057,18.499,46,01-07-2019,30-06-2022
SAINT BARNABAS MEDICAL CENTER,310076,NJ,READM-30-HIP-KNEE-HRRP,230,1.0693,24.0555,22.4973,60,01-07-2019,30-06-2022
SAINT BARNABAS MEDICAL CENTER,310076,NJ,READM-30-COPD-HRRP,102,1.0213,15.6302,15.3035,17,01-07-2019,30-06-2022
SAINT BARNABAS MEDICAL CENTER,310076,NJ,READM-30-CABG-HRRP,142,1.0808,20.7198,19.1704,35,01-07-2019,30-06-2022
SAINT BARNABAS MEDICAL CENTER,310076,NJ,READM-30-AMI-HRRP,132,1.0674,23.112,21.6524,35,01-07-2019,30-06-2022
CAREWELL HEALTH MEDICAL CENTER,310083,NJ,READM-30-COPD-HRRP,413,0.9933,16.8184,16.9314,69,01-07-2019,30-06-2022
CAREWELL HEALTH MEDICAL CENTER,310083,NJ,READM-30-AMI-HRRP,471,0.9326,18.1669,19.4793,81,01-07-2019,30-06-2022
MONMOUTH MEDICAL CENTER-SOUTHERN CAMPUS,310084,NJ,READM-30-PN-HRRP,97,0.9921,17.0186,17.1545,16,01-07-2019,30-06-2022
MONMOUTH MEDICAL CENTER-SOUTHERN CAMPUS,310084,NJ,READM-30-HF-HRRP,184,1.1085,13.614,12.2816,30,01-07-2019,30-06-2022
MONMOUTH MEDICAL CENTER-SOUTHERN CAMPUS,310084,NJ,READM-30-COPD-HRRP,259,0.9274,15.883,17.1259,36,01-07-2019,30-06-2022
MONMOUTH MEDICAL CENTER-SOUTHERN CAMPUS,310084,NJ,READM-30-AMI-HRRP,327,0.9616,18.8314,19.5838,59,01-07-2019,30-06-2022
JEFFERSON STRATFORD HOSPITAL,310086,NJ,READM-30-PN-HRRP,71,1.01,17.4105,17.2375,13,01-07-2019,30-06-2022
JEFFERSON STRATFORD HOSPITAL,310086,NJ,READM-30-HIP-KNEE-HRRP,78,1.0684,11.7068,10.9575,11,01-07-2019,30-06-2022
JEFFERSON STRATFORD HOSPITAL,310086,NJ,READM-30-HF-HRRP,142,0.9506,12.2938,12.9322,15,01-07-2019,30-06-2022
JEFFERSON STRATFORD HOSPITAL,310086,NJ,READM-30-COPD-HRRP,210,0.9849,17.1674,17.4308,35,01-07-2019,30-06-2022
JEFFERSON STRATFORD HOSPITAL,310086,NJ,READM-30-AMI-HRRP,341,1.1365,23.2392,20.4483,88,01-07-2019,30-06-2022
SALEM MEDICAL CENTER,310091,NJ,READM-30-PN-HRRP,122,1.0029,21.1509,21.0894,26,01-07-2019,30-06-2022
SALEM MEDICAL CENTER,310091,NJ,READM-30-COPD-HRRP,85,1.0564,16.7546,15.8601,18,01-07-2019,30-06-2022
SALEM MEDICAL CENTER,310091,NJ,READM-30-AMI-HRRP,74,1.06,20.4508,19.294,19,01-07-2019,30-06-2022
CAPITAL HEALTH REGIONAL MEDICAL CENTER,310092,NJ,READM-30-HF-HRRP,260,1.0139,16.1807,15.9595,43,01-07-2019,30-06-2022
CAPITAL HEALTH REGIONAL MEDICAL CENTER,310092,NJ,READM-30-COPD-HRRP,229,1.0544,20.7224,19.654,51,01-07-2019,30-06-2022
CAPITAL HEALTH REGIONAL MEDICAL CENTER,310092,NJ,READM-30-CABG-HRRP,73,1.0667,20.221,18.957,19,01-07-2019,30-06-2022
CAPITAL HEALTH REGIONAL MEDICAL CENTER,310092,NJ,READM-30-AMI-HRRP,91,1.0102,12.6487,12.5214,12,01-07-2019,30-06-2022
SAINT MICHAEL'S MEDICAL CENTER,310096,NJ,READM-30-PN-HRRP,372,0.9923,16.0009,16.1253,59,01-07-2019,30-06-2022
SAINT MICHAEL'S MEDICAL CENTER,310096,NJ,READM-30-HF-HRRP,220,1.0594,21.8604,20.6342,52,01-07-2019,30-06-2022
SAINT MICHAEL'S MEDICAL CENTER,310096,NJ,READM-30-AMI-HRRP,127,0.9852,13.1685,13.366,16,01-07-2019,30-06-2022
JFK MEDICAL CENTER,310108,NJ,READM-30-PN-HRRP,119,0.9191,14.8405,16.147,12,01-07-2019,30-06-2022
JFK MEDICAL CENTER,310108,NJ,READM-30-HIP-KNEE-HRRP,79,0.9978,20.4394,20.4842,16,01-07-2019,30-06-2022
JFK MEDICAL CENTER,310108,NJ,READM-30-HF-HRRP,50,1.0895,20.7407,19.0364,16,01-07-2019,30-06-2022
JFK MEDICAL CENTER,310108,NJ,READM-30-CABG-HRRP,371,0.957,14.8087,15.4733,52,01-07-2019,30-06-2022
ROBERT WOOD JOHNSON UNIVERSITY HOSPITAL AT HAMILTON,310110,NJ,READM-30-PN-HRRP,282,1.0063,20.0647,19.9397,57,01-07-2019,30-06-2022
ROBERT WOOD JOHNSON UNIVERSITY HOSPITAL AT HAMILTON,310110,NJ,READM-30-HIP-KNEE-HRRP,79,1.0581,19.4134,18.3473,19,01-07-2019,30-06-2022
ROBERT WOOD JOHNSON UNIVERSITY HOSPITAL AT HAMILTON,310110,NJ,READM-30-COPD-HRRP,91,1.0887,15.068,13.8401,18,01-07-2019,30-06-2022
ROBERT WOOD JOHNSON UNIVERSITY HOSPITAL AT HAMILTON,310110,NJ,READM-30-AMI-HRRP,572,0.9604,17.4499,18.1696,97,01-07-2019,30-06-2022
CENTRASTATE MEDICAL CENTER,310111,NJ,READM-30-HIP-KNEE-HRRP,687,1.0568,21.7247,20.5564,153,01-07-2019,30-06-2022
CENTRASTATE MEDICAL CENTER,310111,NJ,READM-30-HF-HRRP,220,1.0272,18.7535,18.2568,43,01-07-2019,30-06-2022
CENTRASTATE MEDICAL CENTER,310111,NJ,READM-30-COPD-HRRP,68,1.1788,15.0742,12.7875,15,01-07-2019,30-06-2022
CENTRASTATE MEDICAL CENTER,310111,NJ,READM-30-CABG-HRRP,211,1.0943,15.4116,14.084,37,01-07-2019,30-06-2022
CENTRASTATE MEDICAL CENTER,310111,NJ,READM-30-AMI-HRRP,301,1.0298,16.2812,15.8098,51,01-07-2019,30-06-2022
BAYSHORE MEDICAL CENTER,310112,NJ,READM-30-PN-HRRP,164,1.2445,5.2747,4.2382,12,01-07-2019,30-06-2022
BAYSHORE MEDICAL CENTER,310112,NJ,READM-30-HIP-KNEE-HRRP,287,1.0441,19.5697,18.7439,59,01-07-2019,30-06-2022
BAYSHORE MEDICAL CENTER,310112,NJ,READM-30-HF-HRRP,107,1.0064,18.3072,18.1905,20,01-07-2019,30-06-2022
BAYSHORE MEDICAL CENTER,310112,NJ,READM-30-COPD-HRRP,112,0.9704,12.0044,12.3702,12,01-07-2019,30-06-2022
BAYSHORE MEDICAL CENTER,310112,NJ,READM-30-CABG-HRRP,331,0.9173,15.0571,16.4141,44,01-07-2019,30-06-2022
SOUTHERN OCEAN MEDICAL CENTER,310113,NJ,READM-30-PN-HRRP,336,0.9564,18.7271,19.5799,60,01-07-2019,30-06-2022
SOUTHERN OCEAN MEDICAL CENTER,310113,NJ,READM-30-HIP-KNEE-HRRP,93,1.0156,18.2747,17.9936,18,01-07-2019,30-06-2022
SOUTHERN OCEAN MEDICAL CENTER,310113,NJ,READM-30-COPD-HRRP,149,0.9266,12.5538,13.5477,15,01-07-2019,30-06-2022
SOUTHERN OCEAN MEDICAL CENTER,310113,NJ,READM-30-CABG-HRRP,552,1.0269,16.5208,16.0873,93,01-07-2019,30-06-2022
AHS HOSPITAL CORP,310115,NJ,READM-30-PN-HRRP,568,0.995,19.0725,19.1689,108,01-07-2019,30-06-2022
AHS HOSPITAL CORP,310115,NJ,READM-30-HIP-KNEE-HRRP,200,0.9234,15.4912,16.7756,26,01-07-2019,30-06-2022
AHS HOSPITAL CORP,310115,NJ,READM-30-HF-HRRP,125,1.01,10.1812,10.0806,13,01-07-2019,30-06-2022
AHS HOSPITAL CORP,310115,NJ,READM-30-COPD-HRRP,232,1.0438,12.4832,11.9597,31,01-07-2019,30-06-2022
AHS HOSPITAL CORP,310115,NJ,READM-30-CABG-HRRP,1531,0.7761,2.7296,3.5171,38,01-07-2019,30-06-2022
AHS HOSPITAL CORP,310115,NJ,READM-30-AMI-HRRP,375,1.0529,16.9321,16.0814,67,01-07-2019,30-06-2022
HUDSON REGIONAL HOSPITAL,310118,NJ,READM-30-HIP-KNEE-HRRP,336,0.9584,18.69,19.5002,60,01-07-2019,30-06-2022
HUDSON REGIONAL HOSPITAL,310118,NJ,READM-30-HF-HRRP,76,0.9949,18.8578,18.9538,14,01-07-2019,30-06-2022
HUDSON REGIONAL HOSPITAL,310118,NJ,READM-30-COPD-HRRP,111,0.9633,12.4439,12.9176,12,01-07-2019,30-06-2022
HUDSON REGIONAL HOSPITAL,310118,NJ,READM-30-CABG-HRRP,626,1.0327,19.2825,18.6712,123,01-07-2019,30-06-2022
THE UNIVERSITY HOSPITAL,310119,NJ,READM-30-PN-HRRP,726,1.027,22.6116,22.0168,166,01-07-2019,30-06-2022
THE UNIVERSITY HOSPITAL,310119,NJ,READM-30-HIP-KNEE-HRRP,143,0.9678,18.2635,18.8704,24,01-07-2019,30-06-2022
THE UNIVERSITY HOSPITAL,310119,NJ,READM-30-COPD-HRRP,187,1.0579,17.7042,16.7357,36,01-07-2019,30-06-2022
THE UNIVERSITY HOSPITAL,310119,NJ,READM-30-AMI-HRRP,64,0.999,20.4217,20.4429,13,01-07-2019,30-06-2022
HACKENSACK MERIDIAN LTACH,310131,NJ,READM-30-PN-HRRP,132,1.0211,14.8631,14.5566,21,01-07-2019,30-06-2022
HACKENSACK MERIDIAN LTACH,310131,NJ,READM-30-HF-HRRP,165,1.0908,18.9828,17.4022,37,01-07-2019,30-06-2022
HACKENSACK MERIDIAN LTACH,310131,NJ,READM-30-AMI-HRRP,422,1.2108,23.2339,19.1883,112,01-07-2019,30-06-2022
UNM HOSPITAL,320001,NM,READM-30-HIP-KNEE-HRRP,585,1.0437,22.4052,21.4665,134,01-07-2019,30-06-2022
UNM HOSPITAL,320001,NM,READM-30-HF-HRRP,101,1.0206,19.4737,19.0806,21,01-07-2019,30-06-2022
UNM HOSPITAL,320001,NM,READM-30-CABG-HRRP,175,1.0417,16.5349,15.8737,31,01-07-2019,30-06-2022
UNM HOSPITAL,320001,NM,READM-30-AMI-HRRP,352,0.9114,17.4873,19.1882,55,01-07-2019,30-06-2022
CHRISTUS ST VINCENT REGIONAL MEDICAL CENTER,320002,NM,READM-30-PN-HRRP,317,1.0261,21.2186,20.6781,69,01-07-2019,30-06-2022
CHRISTUS ST VINCENT REGIONAL MEDICAL CENTER,320002,NM,READM-30-COPD-HRRP,199,1.0679,19.7661,18.5089,44,01-07-2019,30-06-2022
CHRISTUS ST VINCENT REGIONAL MEDICAL CENTER,320002,NM,READM-30-CABG-HRRP,210,1.0211,22.1781,21.7191,48,01-07-2019,30-06-2022
ALTA VISTA REGIONAL HOSPITAL,320003,NM,READM-30-HIP-KNEE-HRRP,126,0.9779,18.6155,19.0356,22,01-07-2019,30-06-2022
ALTA VISTA REGIONAL HOSPITAL,320003,NM,READM-30-HF-HRRP,178,0.9955,13.6071,13.668,24,01-07-2019,30-06-2022
ALTA VISTA REGIONAL HOSPITAL,320003,NM,READM-30-CABG-HRRP,139,0.987,17.2007,17.428,23,01-07-2019,30-06-2022
GERALD CHAMPION REGIONAL MEDICAL CENTER,320004,NM,READM-30-PN-HRRP,124,0.9765,20.6505,21.1481,24,01-07-2019,30-06-2022
SAN JUAN REGIONAL MEDICAL CENTER INC,320005,NM,READM-30-PN-HRRP,253,1.0378,17.5591,16.9202,47,01-07-2019,30-06-2022
SAN JUAN REGIONAL MEDICAL CENTER INC,320005,NM,READM-30-HIP-KNEE-HRRP,301,0.9933,19.0842,19.213,57,01-07-2019,30-06-2022
SAN JUAN REGIONAL MEDICAL CENTER INC,320005,NM,READM-30-HF-HRRP,69,1.0105,19.3037,19.1031,14,01-07-2019,30-06-2022
SAN JUAN REGIONAL MEDICAL CENTER INC,320005,NM,READM-30-AMI-HRRP,1087,0.7467,2.7941,3.7417,26,01-07-2019,30-06-2022
EASTERN NEW MEXICO MEDICAL CENTER,320006,NM,READM-30-HIP-KNEE-HRRP,95,1.0265,13.9906,13.6292,15,01-07-2019,30-06-2022
EASTERN NEW MEXICO MEDICAL CENTER,320006,NM,READM-30-AMI-HRRP,154,1.0231,19.0834,18.6525,31,01-07-2019,30-06-2022
LOVELACE MEDICAL CENTER,320009,NM,READM-30-HIP-KNEE-HRRP,211,1.0906,24.6215,22.5759,58,01-07-2019,30-06-2022
LOVELACE MEDICAL CENTER,320009,NM,READM-30-CABG-HRRP,88,1.0898,18.789,17.2412,21,01-07-2019,30-06-2022
PRESBYTERIAN ESPANOLA HOSPITAL,320011,NM,READM-30-HIP-KNEE-HRRP,512,0.7649,2.9349,3.8368,11,01-07-2019,30-06-2022
PRESBYTERIAN ESPANOLA HOSPITAL,320011,NM,READM-30-CABG-HRRP,132,0.9696,18.9575,19.5524,23,01-07-2019,30-06-2022
PRESBYTERIAN ESPANOLA HOSPITAL,320011,NM,READM-30-AMI-HRRP,105,1.1326,11.0243,9.7337,15,01-07-2019,30-06-2022
LOVELACE WOMEN'S HOSPITAL,320017,NM,READM-30-PN-HRRP,115,0.9705,10.7898,11.1182,11,01-07-2019,30-06-2022
LOVELACE WOMEN'S HOSPITAL,320017,NM,READM-30-COPD-HRRP,134,1.0525,16.8066,15.9687,26,01-07-2019,30-06-2022
LOVELACE WOMEN'S HOSPITAL,320017,NM,READM-30-CABG-HRRP,94,1.002,22.1917,22.1467,21,01-07-2019,30-06-2022
MEMORIAL MEDICAL CENTER,320018,NM,READM-30-COPD-HRRP,288,1.0079,15.0947,14.9762,44,01-07-2019,30-06-2022
MEMORIAL MEDICAL CENTER,320018,NM,READM-30-AMI-HRRP,195,1.0341,19.8936,19.2381,41,01-07-2019,30-06-2022
PRESBYTERIAN HOSPITAL,320021,NM,READM-30-PN-HRRP,86,1.0242,19.1297,18.6778,18,01-07-2019,30-06-2022
PRESBYTERIAN HOSPITAL,320021,NM,READM-30-COPD-HRRP,80,1.0473,21.1343,20.1803,20,01-07-2019,30-06-2022
PRESBYTERIAN HOSPITAL,320021,NM,READM-30-CABG-HRRP,218,0.9221,9.2878,10.0724,18,01-07-2019,30-06-2022
PRESBYTERIAN HOSPITAL,320021,NM,READM-30-AMI-HRRP,94,1.0393,11.8885,11.4392,13,01-07-2019,30-06-2022
PLAINS REGIONAL MEDICAL CENTER,320022,NM,READM-30-PN-HRRP,238,0.9263,15.1985,16.4083,31,01-07-2019,30-06-2022
PLAINS REGIONAL MEDICAL CENTER,320022,NM,READM-30-HF-HRRP,232,0.893,16.5017,18.4799,31,01-07-2019,30-06-2022
PLAINS REGIONAL MEDICAL CENTER,320022,NM,READM-30-CABG-HRRP,347,0.8446,9.1783,10.8664,24,01-07-2019,30-06-2022
ARTESIA GENERAL HOSPITAL,320030,NM,READM-30-COPD-HRRP,209,0.8545,13.0852,15.3125,17,01-07-2019,30-06-2022
ARTESIA GENERAL HOSPITAL,320030,NM,READM-30-AMI-HRRP,265,0.8155,15.886,19.48,29,01-07-2019,30-06-2022
LOS ALAMOS MEDICAL CENTER,320033,NM,READM-30-COPD-HRRP,94,1.0046,15.6239,15.5518,15,01-07-2019,30-06-2022
LOS ALAMOS MEDICAL CENTER,320033,NM,READM-30-AMI-HRRP,76,0.9793,18.9132,19.3136,13,01-07-2019,30-06-2022
REHOBOTH MCKINLEY CHRISTIAN HEALTH CARE SERVICES,320038,NM,READM-30-CABG-HRRP,40,1.0704,18.9859,17.7376,12,01-07-2019,30-06-2022
SANTA FE PHS INDIAN HOSPITAL,320057,NM,READM-30-HIP-KNEE-HRRP,193,0.8758,15.5543,17.76,21,01-07-2019,30-06-2022
SANTA FE PHS INDIAN HOSPITAL,320057,NM,READM-30-COPD-HRRP,385,0.8932,17.7655,19.8895,61,01-07-2019,30-06-2022
NORTHERN NAVAJO MEDICAL CENTER,320059,NM,READM-30-PN-HRRP,200,0.9021,10.9713,12.1619,17,01-07-2019,30-06-2022
NORTHERN NAVAJO MEDICAL CENTER,320059,NM,READM-30-HIP-KNEE-HRRP,265,0.8584,13.6327,15.8819,26,01-07-2019,30-06-2022
NORTHERN NAVAJO MEDICAL CENTER,320059,NM,READM-30-COPD-HRRP,505,0.8557,16.6449,19.452,74,01-07-2019,30-06-2022
ZUNI COMPREHENSIVE COMMUNITY HEALTH CENTER,320060,NM,READM-30-PN-HRRP,317,0.8448,10.0794,11.9306,24,01-07-2019,30-06-2022
ZUNI COMPREHENSIVE COMMUNITY HEALTH CENTER,320060,NM,READM-30-HIP-KNEE-HRRP,91,0.9874,14.0991,14.2784,12,01-07-2019,30-06-2022
ZUNI COMPREHENSIVE COMMUNITY HEALTH CENTER,320060,NM,READM-30-CABG-HRRP,84,1.054,16.0593,15.2369,17,01-07-2019,30-06-2022
ZUNI COMPREHENSIVE COMMUNITY HEALTH CENTER,320060,NM,READM-30-AMI-HRRP,246,1.1155,4.2007,3.7657,12,01-07-2019,30-06-2022
CROWNPOINT PHS INDIAN HOSPITAL,320062,NM,READM-30-AMI-HRRP,456,1.0146,15.3588,15.138,71,01-07-2019,30-06-2022
CARLSBAD MEDICAL CENTER,320063,NM,READM-30-PN-HRRP,247,1.1098,5.02,4.5235,14,01-07-2019,30-06-2022
CARLSBAD MEDICAL CENTER,320063,NM,READM-30-HIP-KNEE-HRRP,378,0.8819,16.9667,19.2399,56,01-07-2019,30-06-2022
CARLSBAD MEDICAL CENTER,320063,NM,READM-30-HF-HRRP,90,0.9424,17.5208,18.5914,12,01-07-2019,30-06-2022
CARLSBAD MEDICAL CENTER,320063,NM,READM-30-CABG-HRRP,434,0.7822,9.3111,11.9032,29,01-07-2019,30-06-2022
CARLSBAD MEDICAL CENTER,320063,NM,READM-30-AMI-HRRP,117,0.9997,13.6935,13.698,16,01-07-2019,30-06-2022
COVENANT HEALTH HOBBS HOSPITAL,320065,NM,READM-30-CABG-HRRP,118,0.9487,13.0543,13.7597,12,01-07-2019,30-06-2022
GUADALUPE COUNTY HOSPITAL,320067,NM,READM-30-CABG-HRRP,72,1.0279,17.0194,16.5571,14,01-07-2019,30-06-2022
LOVELACE WESTSIDE HOSPITAL,320074,NM,READM-30-COPD-HRRP,252,0.9763,14.9217,15.2844,36,01-07-2019,30-06-2022
LOVELACE WESTSIDE HOSPITAL,320074,NM,READM-30-AMI-HRRP,229,0.8646,15.3863,17.7951,26,01-07-2019,30-06-2022
ROOSEVELT GENERAL HOSPITAL,320084,NM,READM-30-HF-HRRP,165,0.9933,12.3147,12.3972,20,01-07-2019,30-06-2022
ROOSEVELT GENERAL HOSPITAL,320084,NM,READM-30-CABG-HRRP,124,0.9177,13.4164,14.6189,11,01-07-2019,30-06-2022
MOUNTAIN VIEW REGIONAL MEDICAL CENTER,320085,NM,READM-30-PN-HRRP,114,0.9492,16.9563,17.8634,16,01-07-2019,30-06-2022
UNM SANDOVAL REGIONAL MEDICAL CENTER,320089,NM,READM-30-CABG-HRRP,178,0.9805,14.7804,15.0751,25,01-07-2019,30-06-2022
PRESBYTERIAN SANTA FE MEDICAL CENTER,320090,NM,READM-30-PN-HRRP,248,1.1684,21.6285,18.5119,64,01-07-2019,30-06-2022
PRESBYTERIAN SANTA FE MEDICAL CENTER,320090,NM,READM-30-COPD-HRRP,249,0.969,15.7135,16.216,37,01-07-2019,30-06-2022
PRESBYTERIAN SANTA FE MEDICAL CENTER,320090,NM,READM-30-AMI-HRRP,678,1.0564,20.2593,19.1771,141,01-07-2019,30-06-2022
THREE CROSSES REGIONAL HOSPITAL LLC,320091,NM,READM-30-PN-HRRP,183,0.9465,19.4853,20.5866,32,01-07-2019,30-06-2022
THREE CROSSES REGIONAL HOSPITAL LLC,320091,NM,READM-30-HF-HRRP,663,0.9484,11.6949,12.3306,75,01-07-2019,30-06-2022
THREE CROSSES REGIONAL HOSPITAL LLC,320091,NM,READM-30-COPD-HRRP,242,0.9462,15.5885,16.4742,34,01-07-2019,30-06-2022
THREE CROSSES REGIONAL HOSPITAL LLC,320091,NM,READM-30-AMI-HRRP,211,0.9845,18.9694,19.2687,39,01-07-2019,30-06-2022
KALEIDA HEALTH,330005,NY,READM-30-PN-HRRP,112,1.0125,21.5779,21.3112,25,01-07-2019,30-06-2022
KALEIDA HEALTH,330005,NY,READM-30-COPD-HRRP,107,1.1303,20.4518,18.0939,30,01-07-2019,30-06-2022
KALEIDA HEALTH,330005,NY,READM-30-AMI-HRRP,231,1.0109,15.2723,15.108,36,01-07-2019,30-06-2022
ST JOSEPH'S MEDICAL CENTER,330006,NY,READM-30-HIP-KNEE-HRRP,192,1.0702,19.557,18.2745,42,01-07-2019,30-06-2022
ST JOSEPH'S MEDICAL CENTER,330006,NY,READM-30-HF-HRRP,131,0.9831,19.1609,19.4894,24,01-07-2019,30-06-2022
ST JOSEPH'S MEDICAL CENTER,330006,NY,READM-30-COPD-HRRP,122,1.0269,17.3703,16.9159,23,01-07-2019,30-06-2022
ST JOSEPH'S MEDICAL CENTER,330006,NY,READM-30-AMI-HRRP,139,1.0541,22.5928,21.4339,35,01-07-2019,30-06-2022
WYOMING COUNTY COMMUNITY HOSPITAL,330008,NY,READM-30-PN-HRRP,73,1.0135,22.0452,21.7512,17,01-07-2019,30-06-2022
WYOMING COUNTY COMMUNITY HOSPITAL,330008,NY,READM-30-HF-HRRP,69,1.0674,18.1188,16.9742,17,01-07-2019,30-06-2022
WYOMING COUNTY COMMUNITY HOSPITAL,330008,NY,READM-30-COPD-HRRP,52,1.1275,22.7974,20.2188,20,01-07-2019,30-06-2022
WYOMING COUNTY COMMUNITY HOSPITAL,330008,NY,READM-30-AMI-HRRP,456,0.9494,15.906,16.7543,69,01-07-2019,30-06-2022
BRONX HEALTH SYSTEM,330009,NY,READM-30-HIP-KNEE-HRRP,945,0.9723,19.3496,19.9001,181,01-07-2019,30-06-2022
BRONX HEALTH SYSTEM,330009,NY,READM-30-HF-HRRP,157,1.0103,20.584,20.3751,33,01-07-2019,30-06-2022
BRONX HEALTH SYSTEM,330009,NY,READM-30-CABG-HRRP,192,0.8986,10.9891,12.2287,16,01-07-2019,30-06-2022
BRONX HEALTH SYSTEM,330009,NY,READM-30-AMI-HRRP,616,1.0107,16.4405,16.2661,102,01-07-2019,30-06-2022
OUR LADY OF LOURDES MEMORIAL HOSPITAL,330011,NY,READM-30-HIP-KNEE-HRRP,1067,0.9561,18.9275,19.7973,199,01-07-2019,30-06-2022
OUR LADY OF LOURDES MEMORIAL HOSPITAL,330011,NY,READM-30-HF-HRRP,356,0.9132,17.0876,18.7122,55,01-07-2019,30-06-2022
OUR LADY OF LOURDES MEMORIAL HOSPITAL,330011,NY,READM-30-COPD-HRRP,107,0.9836,10.7118,10.8906,11,01-07-2019,30-06-2022
OUR LADY OF LOURDES MEMORIAL HOSPITAL,330011,NY,READM-30-CABG-HRRP,453,0.9477,12.4941,13.1832,54,01-07-2019,30-06-2022
OUR LADY OF LOURDES MEMORIAL HOSPITAL,330011,NY,READM-30-AMI-HRRP,221,0.9862,18.0878,18.3417,39,01-07-2019,30-06-2022
ALBANY MEDICAL CENTER HOSPITAL,330013,NY,READM-30-PN-HRRP,752,0.9909,21.3595,21.5564,160,01-07-2019,30-06-2022
ALBANY MEDICAL CENTER HOSPITAL,330013,NY,READM-30-HF-HRRP,347,0.9796,10.8281,11.0531,37,01-07-2019,30-06-2022
ALBANY MEDICAL CENTER HOSPITAL,330013,NY,READM-30-COPD-HRRP,515,0.9097,13.3322,14.6555,64,01-07-2019,30-06-2022
ALBANY MEDICAL CENTER HOSPITAL,330013,NY,READM-30-CABG-HRRP,255,1.0074,17.0556,16.9304,44,01-07-2019,30-06-2022
JAMAICA HOSPITAL MEDICAL CENTER,330014,NY,READM-30-PN-HRRP,715,0.9496,19.9242,20.9812,139,01-07-2019,30-06-2022
JAMAICA HOSPITAL MEDICAL CENTER,330014,NY,READM-30-HIP-KNEE-HRRP,120,1.0157,21.6222,21.2888,27,01-07-2019,30-06-2022
JAMAICA HOSPITAL MEDICAL CENTER,330014,NY,READM-30-HF-HRRP,260,0.8777,9.0688,10.332,20,01-07-2019,30-06-2022
JAMAICA HOSPITAL MEDICAL CENTER,330014,NY,READM-30-COPD-HRRP,280,0.9495,12.3191,12.9738,32,01-07-2019,30-06-2022
JAMAICA HOSPITAL MEDICAL CENTER,330014,NY,READM-30-CABG-HRRP,151,1.0757,16.6121,15.4435,30,01-07-2019,30-06-2022
JAMAICA HOSPITAL MEDICAL CENTER,330014,NY,READM-30-AMI-HRRP,241,1.0036,18.575,18.5082,45,01-07-2019,30-06-2022
"NEW YORK COMMUNITY HOSPITAL OF BROOKLYN, INC.",330019,NY,READM-30-PN-HRRP,150,1.0642,18.6762,17.5492,32,01-07-2019,30-06-2022
"NEW YORK COMMUNITY HOSPITAL OF BROOKLYN, INC.",330019,NY,READM-30-HIP-KNEE-HRRP,190,1.0149,17.8809,17.6184,35,01-07-2019,30-06-2022
"NEW YORK COMMUNITY HOSPITAL OF BROOKLYN, INC.",330019,NY,READM-30-COPD-HRRP,311,1.0351,22.0731,21.3256,71,01-07-2019,30-06-2022
"NEW YORK COMMUNITY HOSPITAL OF BROOKLYN, INC.",330019,NY,READM-30-CABG-HRRP,58,1.0013,20.5448,20.5191,12,01-07-2019,30-06-2022
VASSAR BROTHERS MEDICAL CENTER,330023,NY,READM-30-PN-HRRP,121,0.9674,15.428,15.9472,17,01-07-2019,30-06-2022
VASSAR BROTHERS MEDICAL CENTER,330023,NY,READM-30-HIP-KNEE-HRRP,272,0.8197,12.1011,14.7627,20,01-07-2019,30-06-2022
VASSAR BROTHERS MEDICAL CENTER,330023,NY,READM-30-HF-HRRP,815,0.6907,2.6435,3.8274,16,01-07-2019,30-06-2022
VASSAR BROTHERS MEDICAL CENTER,330023,NY,READM-30-COPD-HRRP,514,0.9338,17.7921,19.0528,87,01-07-2019,30-06-2022
VASSAR BROTHERS MEDICAL CENTER,330023,NY,READM-30-CABG-HRRP,131,0.8871,13.9865,15.7669,11,01-07-2019,30-06-2022
VASSAR BROTHERS MEDICAL CENTER,330023,NY,READM-30-AMI-HRRP,222,0.8847,10.7099,12.1062,18,01-07-2019,30-06-2022
MOUNT SINAI HOSPITAL,330024,NY,READM-30-PN-HRRP,192,0.9105,14.1776,15.5717,21,01-07-2019,30-06-2022
MOUNT SINAI HOSPITAL,330024,NY,READM-30-HF-HRRP,181,1.0198,19.7281,19.3459,37,01-07-2019,30-06-2022
MOUNT SINAI HOSPITAL,330024,NY,READM-30-COPD-HRRP,70,0.9949,16.1669,16.2496,11,01-07-2019,30-06-2022
MOUNT SINAI HOSPITAL,330024,NY,READM-30-CABG-HRRP,132,0.9986,15.2238,15.2454,20,01-07-2019,30-06-2022
MOUNT SINAI HOSPITAL,330024,NY,READM-30-AMI-HRRP,199,0.986,20.0728,20.3575,39,01-07-2019,30-06-2022
NASSAU UNIVERSITY MEDICAL CENTER,330027,NY,READM-30-PN-HRRP,91,1.0382,20.3194,19.5726,21,01-07-2019,30-06-2022
NASSAU UNIVERSITY MEDICAL CENTER,330027,NY,READM-30-HIP-KNEE-HRRP,659,0.9458,15.9003,16.8108,101,01-07-2019,30-06-2022
NASSAU UNIVERSITY MEDICAL CENTER,330027,NY,READM-30-COPD-HRRP,1063,0.8192,16.8394,20.5553,166,01-07-2019,30-06-2022
NASSAU UNIVERSITY MEDICAL CENTER,330027,NY,READM-30-CABG-HRRP,207,0.9505,18.0071,18.9452,34,01-07-2019,30-06-2022
RICHMOND UNIVERSITY MEDICAL CENTER,330028,NY,READM-30-PN-HRRP,573,0.9865,13.38,13.5637,76,01-07-2019,30-06-2022
RICHMOND UNIVERSITY MEDICAL CENTER,330028,NY,READM-30-HIP-KNEE-HRRP,853,1.2129,20.2207,16.6714,186,01-07-2019,30-06-2022
RICHMOND UNIVERSITY MEDICAL CENTER,330028,NY,READM-30-HF-HRRP,330,1.2032,5.1993,4.3213,20,01-07-2019,30-06-2022
RICHMOND UNIVERSITY MEDICAL CENTER,330028,NY,READM-30-COPD-HRRP,1056,1.1586,23.6675,20.4278,260,01-07-2019,30-06-2022
RICHMOND UNIVERSITY MEDICAL CENTER,330028,NY,READM-30-CABG-HRRP,328,1.1594,21.11,18.2078,79,01-07-2019,30-06-2022
NEWARK-WAYNE COMMUNITY HOSPITAL,330030,NY,READM-30-PN-HRRP,345,1.1228,15.161,13.5024,58,01-07-2019,30-06-2022
NEWARK-WAYNE COMMUNITY HOSPITAL,330030,NY,READM-30-HIP-KNEE-HRRP,176,1.0026,14.6733,14.6348,26,01-07-2019,30-06-2022
NEWARK-WAYNE COMMUNITY HOSPITAL,330030,NY,READM-30-COPD-HRRP,141,1.1062,20.111,18.1804,35,01-07-2019,30-06-2022
CHENANGO MEMORIAL HOSPITAL,330033,NY,READM-30-PN-HRRP,557,0.9776,16.2552,16.6271,89,01-07-2019,30-06-2022
CHENANGO MEMORIAL HOSPITAL,330033,NY,READM-30-HF-HRRP,944,0.9723,19.2644,19.8127,180,01-07-2019,30-06-2022
CHENANGO MEMORIAL HOSPITAL,330033,NY,READM-30-COPD-HRRP,170,0.9332,19.7733,21.1882,29,01-07-2019,30-06-2022
CHENANGO MEMORIAL HOSPITAL,330033,NY,READM-30-CABG-HRRP,156,0.9905,10.4279,10.5282,16,01-07-2019,30-06-2022
CHENANGO MEMORIAL HOSPITAL,330033,NY,READM-30-AMI-HRRP,447,0.9317,11.4895,12.3323,48,01-07-2019,30-06-2022
NS/LIJ HS SOUTHSIDE HOSPITAL,330043,NY,READM-30-PN-HRRP,207,1.0685,20.8856,19.5464,48,01-07-2019,30-06-2022
NS/LIJ HS SOUTHSIDE HOSPITAL,330043,NY,READM-30-HF-HRRP,391,0.8635,18.6105,21.5535,63,01-07-2019,30-06-2022
NS/LIJ HS SOUTHSIDE HOSPITAL,330043,NY,READM-30-COPD-HRRP,78,1.0373,21.1814,20.4189,19,01-07-2019,30-06-2022
NS/LIJ HS SOUTHSIDE HOSPITAL,330043,NY,READM-30-CABG-HRRP,78,1.0579,12.0313,11.3725,11,01-07-2019,30-06-2022
NS/LIJ HS SOUTHSIDE HOSPITAL,330043,NY,READM-30-AMI-HRRP,164,0.9713,14.2912,14.7135,22,01-07-2019,30-06-2022
FAXTON-ST LUKE'S HEALTHCARE,330044,NY,READM-30-PN-HRRP,109,0.9789,14.1251,14.43,14,01-07-2019,30-06-2022
FAXTON-ST LUKE'S HEALTHCARE,330044,NY,READM-30-HIP-KNEE-HRRP,138,1.0037,20.1116,20.0372,28,01-07-2019,30-06-2022
FAXTON-ST LUKE'S HEALTHCARE,330044,NY,READM-30-HF-HRRP,78,0.9618,17.2727,17.9586,11,01-07-2019,30-06-2022
FAXTON-ST LUKE'S HEALTHCARE,330044,NY,READM-30-COPD-HRRP,126,1.0082,16.2268,16.0944,21,01-07-2019,30-06-2022
FAXTON-ST LUKE'S HEALTHCARE,330044,NY,READM-30-CABG-HRRP,129,1.0282,19.5075,18.9728,27,01-07-2019,30-06-2022
NS/LIJ HS HUNTINGTON HOSPITAL,330045,NY,READM-30-PN-HRRP,78,0.9846,15.4438,15.686,11,01-07-2019,30-06-2022
NS/LIJ HS HUNTINGTON HOSPITAL,330045,NY,READM-30-CABG-HRRP,341,1.053,17.432,16.5543,63,01-07-2019,30-06-2022
MOUNT SINAI ST LUKE'S ROOSEVELT HOSPITAL,330046,NY,READM-30-PN-HRRP,424,0.9999,19.5772,19.5794,83,01-07-2019,30-06-2022
MOUNT SINAI ST LUKE'S ROOSEVELT HOSPITAL,330046,NY,READM-30-HIP-KNEE-HRRP,119,0.9207,17.9729,19.5216,16,01-07-2019,30-06-2022
MOUNT SINAI ST LUKE'S ROOSEVELT HOSPITAL,330046,NY,READM-30-HF-HRRP,147,0.9305,12.5972,13.5376,15,01-07-2019,30-06-2022
MOUNT SINAI ST LUKE'S ROOSEVELT HOSPITAL,330046,NY,READM-30-COPD-HRRP,132,1.069,16.295,15.2437,26,01-07-2019,30-06-2022
MOUNT SINAI ST LUKE'S ROOSEVELT HOSPITAL,330046,NY,READM-30-CABG-HRRP,307,0.9931,4.2689,4.2987,13,01-07-2019,30-06-2022
MOUNT SINAI ST LUKE'S ROOSEVELT HOSPITAL,330046,NY,READM-30-AMI-HRRP,132,0.9979,18.2841,18.3224,24,01-07-2019,30-06-2022
ST MARY'S HEALTHCARE,330047,NY,READM-30-HIP-KNEE-HRRP,56,1.1134,13.8842,12.4706,13,01-07-2019,30-06-2022
ST MARY'S HEALTHCARE,330047,NY,READM-30-HF-HRRP,212,1.0066,17.7095,17.5938,38,01-07-2019,30-06-2022
ST MARY'S HEALTHCARE,330047,NY,READM-30-COPD-HRRP,381,1.0306,20.7305,20.1146,81,01-07-2019,30-06-2022
ST MARY'S HEALTHCARE,330047,NY,READM-30-CABG-HRRP,93,1.0244,20.873,20.3767,21,01-07-2019,30-06-2022
ST MARY'S HEALTHCARE,330047,NY,READM-30-AMI-HRRP,82,0.9851,14.3284,14.5457,11,01-07-2019,30-06-2022
NORTHERN DUTCHESS HOSPITAL,330049,NY,READM-30-PN-HRRP,612,0.9531,15.0688,15.8096,89,01-07-2019,30-06-2022
NORTHERN DUTCHESS HOSPITAL,330049,NY,READM-30-HF-HRRP,576,0.9358,18.4638,19.7311,102,01-07-2019,30-06-2022
NORTHERN DUTCHESS HOSPITAL,330049,NY,READM-30-COPD-HRRP,111,0.9154,15.7432,17.1988,12,01-07-2019,30-06-2022
NORTHERN DUTCHESS HOSPITAL,330049,NY,READM-30-CABG-HRRP,168,1.0344,14.4783,13.9963,26,01-07-2019,30-06-2022
NORTHERN DUTCHESS HOSPITAL,330049,NY,READM-30-AMI-HRRP,331,0.9975,16.9701,17.0125,56,01-07-2019,30-06-2022
NEW YORK-PRESBYTERIAN/QUEENS,330055,NY,READM-30-HIP-KNEE-HRRP,640,1.0798,20.7664,19.2324,138,01-07-2019,30-06-2022
NEW YORK-PRESBYTERIAN/QUEENS,330055,NY,READM-30-HF-HRRP,94,0.9619,18.6472,19.3853,15,01-07-2019,30-06-2022
NEW YORK-PRESBYTERIAN/QUEENS,330055,NY,READM-30-COPD-HRRP,68,1.1034,16.374,14.8399,16,01-07-2019,30-06-2022
NEW YORK-PRESBYTERIAN/QUEENS,330055,NY,READM-30-CABG-HRRP,194,0.9192,14.2272,15.4782,22,01-07-2019,30-06-2022
BROOKLYN HOSPITAL CENTER - DOWNTOWN CAMPUS,330056,NY,READM-30-PN-HRRP,270,0.9533,18.57,19.48,47,01-07-2019,30-06-2022
BROOKLYN HOSPITAL CENTER - DOWNTOWN CAMPUS,330056,NY,READM-30-HF-HRRP,138,0.9687,11.2355,11.598,14,01-07-2019,30-06-2022
BROOKLYN HOSPITAL CENTER - DOWNTOWN CAMPUS,330056,NY,READM-30-COPD-HRRP,531,1.0594,18.2666,17.243,101,01-07-2019,30-06-2022
BROOKLYN HOSPITAL CENTER - DOWNTOWN CAMPUS,330056,NY,READM-30-CABG-HRRP,498,0.8664,3.6491,4.2116,16,01-07-2019,30-06-2022
BROOKLYN HOSPITAL CENTER - DOWNTOWN CAMPUS,330056,NY,READM-30-AMI-HRRP,789,1.0122,20.5565,20.3094,163,01-07-2019,30-06-2022
ST PETER'S HOSPITAL,330057,NY,READM-30-PN-HRRP,177,0.9957,19.371,19.4556,34,01-07-2019,30-06-2022
ST PETER'S HOSPITAL,330057,NY,READM-30-HIP-KNEE-HRRP,158,0.9358,12.8067,13.6851,17,01-07-2019,30-06-2022
ST PETER'S HOSPITAL,330057,NY,READM-30-HF-HRRP,380,1.0081,16.9599,16.8241,65,01-07-2019,30-06-2022
ST PETER'S HOSPITAL,330057,NY,READM-30-CABG-HRRP,521,1.0891,21.9237,20.1294,120,01-07-2019,30-06-2022
ST PETER'S HOSPITAL,330057,NY,READM-30-AMI-HRRP,131,1.004,19.6415,19.563,26,01-07-2019,30-06-2022
FINGER LAKE HEALTH-GENEVA GENERAL HOSPITAL,330058,NY,READM-30-PN-HRRP,101,0.9961,11.0005,11.044,11,01-07-2019,30-06-2022
FINGER LAKE HEALTH-GENEVA GENERAL HOSPITAL,330058,NY,READM-30-HIP-KNEE-HRRP,345,1.1755,15.6562,13.3191,62,01-07-2019,30-06-2022
FINGER LAKE HEALTH-GENEVA GENERAL HOSPITAL,330058,NY,READM-30-HF-HRRP,352,0.9983,15.3737,15.4001,54,01-07-2019,30-06-2022
FINGER LAKE HEALTH-GENEVA GENERAL HOSPITAL,330058,NY,READM-30-COPD-HRRP,346,0.9357,3.4683,3.7066,11,01-07-2019,30-06-2022
FINGER LAKE HEALTH-GENEVA GENERAL HOSPITAL,330058,NY,READM-30-CABG-HRRP,417,0.9317,17.6478,18.941,69,01-07-2019,30-06-2022
FINGER LAKE HEALTH-GENEVA GENERAL HOSPITAL,330058,NY,READM-30-AMI-HRRP,103,0.9255,16.4128,17.7347,12,01-07-2019,30-06-2022
MONTEFIORE MEDICAL CENTER,330059,NY,READM-30-PN-HRRP,87,1.1172,11.3637,10.1715,13,01-07-2019,30-06-2022
MONTEFIORE MEDICAL CENTER,330059,NY,READM-30-HIP-KNEE-HRRP,112,0.9669,13.0753,13.5225,13,01-07-2019,30-06-2022
MONTEFIORE MEDICAL CENTER,330059,NY,READM-30-HF-HRRP,417,1.0656,18.1311,17.0146,80,01-07-2019,30-06-2022
MONTEFIORE MEDICAL CENTER,330059,NY,READM-30-COPD-HRRP,559,1.0204,20.5102,20.0997,116,01-07-2019,30-06-2022
MONTEFIORE MEDICAL CENTER,330059,NY,READM-30-CABG-HRRP,165,1.0462,20.0251,19.1403,36,01-07-2019,30-06-2022
NIAGARA FALLS MEMORIAL MEDICAL CENTER,330065,NY,READM-30-PN-HRRP,321,0.9871,12.0302,12.1868,38,01-07-2019,30-06-2022
NIAGARA FALLS MEMORIAL MEDICAL CENTER,330065,NY,READM-30-HIP-KNEE-HRRP,330,1.0313,18.4371,17.8772,63,01-07-2019,30-06-2022
NIAGARA FALLS MEMORIAL MEDICAL CENTER,330065,NY,READM-30-HF-HRRP,140,0.958,19.1792,20.0199,24,01-07-2019,30-06-2022
NIAGARA FALLS MEMORIAL MEDICAL CENTER,330065,NY,READM-30-COPD-HRRP,90,1.0279,19.14,18.6209,19,01-07-2019,30-06-2022
NIAGARA FALLS MEMORIAL MEDICAL CENTER,330065,NY,READM-30-CABG-HRRP,118,1.1121,14.2606,12.8227,22,01-07-2019,30-06-2022
NIAGARA FALLS MEMORIAL MEDICAL CENTER,330065,NY,READM-30-AMI-HRRP,517,1.0552,18.2344,17.2798,98,01-07-2019,30-06-2022
UNITED MEMORIAL MEDICAL CENTER,330073,NY,READM-30-HIP-KNEE-HRRP,772,1.0222,20.2769,19.8373,158,01-07-2019,30-06-2022
UNITED MEMORIAL MEDICAL CENTER,330073,NY,READM-30-HF-HRRP,187,1.0128,20.936,20.6719,40,01-07-2019,30-06-2022
UNITED MEMORIAL MEDICAL CENTER,330073,NY,READM-30-CABG-HRRP,310,0.9092,12.13,13.3413,33,01-07-2019,30-06-2022
UNITED MEMORIAL MEDICAL CENTER,330073,NY,READM-30-AMI-HRRP,394,0.9315,14.4027,15.4625,52,01-07-2019,30-06-2022
F F THOMPSON HOSPITAL,330074,NY,READM-30-PN-HRRP,308,1.0782,5.1415,4.7687,17,01-07-2019,30-06-2022
F F THOMPSON HOSPITAL,330074,NY,READM-30-HIP-KNEE-HRRP,601,0.9425,18.7859,19.9315,109,01-07-2019,30-06-2022
F F THOMPSON HOSPITAL,330074,NY,READM-30-HF-HRRP,134,0.9588,19.2383,20.0654,23,01-07-2019,30-06-2022
F F THOMPSON HOSPITAL,330074,NY,READM-30-COPD-HRRP,143,0.9247,10.6294,11.4946,13,01-07-2019,30-06-2022
F F THOMPSON HOSPITAL,330074,NY,READM-30-CABG-HRRP,195,0.9562,11.865,12.4085,21,01-07-2019,30-06-2022
F F THOMPSON HOSPITAL,330074,NY,READM-30-AMI-HRRP,110,0.9603,16.1343,16.802,15,01-07-2019,30-06-2022
SISTERS OF CHARITY HOSPITAL,330078,NY,READM-30-PN-HRRP,103,1.0502,22.0153,20.962,26,01-07-2019,30-06-2022
SISTERS OF CHARITY HOSPITAL,330078,NY,READM-30-HIP-KNEE-HRRP,73,0.9946,19.6622,19.7694,14,01-07-2019,30-06-2022
SISTERS OF CHARITY HOSPITAL,330078,NY,READM-30-COPD-HRRP,771,1.0167,16.7151,16.4414,130,01-07-2019,30-06-2022
SISTERS OF CHARITY HOSPITAL,330078,NY,READM-30-AMI-HRRP,1202,0.9079,17.9966,19.8227,210,01-07-2019,30-06-2022
ADIRONDACK MEDICAL CENTER - SARANAC LAKE,330079,NY,READM-30-PN-HRRP,208,0.9328,17.0408,18.2682,31,01-07-2019,30-06-2022
ADIRONDACK MEDICAL CENTER - SARANAC LAKE,330079,NY,READM-30-HIP-KNEE-HRRP,283,0.8372,8.7983,10.509,20,01-07-2019,30-06-2022
ADIRONDACK MEDICAL CENTER - SARANAC LAKE,330079,NY,READM-30-HF-HRRP,523,0.8964,12.2924,13.7131,59,01-07-2019,30-06-2022
ADIRONDACK MEDICAL CENTER - SARANAC LAKE,330079,NY,READM-30-COPD-HRRP,332,0.94,15.1082,16.0728,46,01-07-2019,30-06-2022
ADIRONDACK MEDICAL CENTER - SARANAC LAKE,330079,NY,READM-30-CABG-HRRP,276,1.0398,4.495,4.3231,13,01-07-2019,30-06-2022
ADIRONDACK MEDICAL CENTER - SARANAC LAKE,330079,NY,READM-30-AMI-HRRP,408,0.9116,17.6602,19.3723,66,01-07-2019,30-06-2022
LINCOLN MEDICAL & MENTAL HEALTH CENTER,330080,NY,READM-30-PN-HRRP,81,0.9548,17.1942,18.008,11,01-07-2019,30-06-2022
LINCOLN MEDICAL & MENTAL HEALTH CENTER,330080,NY,READM-30-HIP-KNEE-HRRP,117,1.1033,14.6937,13.3174,22,01-07-2019,30-06-2022
LINCOLN MEDICAL & MENTAL HEALTH CENTER,330080,NY,READM-30-HF-HRRP,335,1.1622,20.4184,17.5684,79,01-07-2019,30-06-2022
LINCOLN MEDICAL & MENTAL HEALTH CENTER,330080,NY,READM-30-COPD-HRRP,548,1.1169,22.357,20.0171,130,01-07-2019,30-06-2022
LINCOLN MEDICAL & MENTAL HEALTH CENTER,330080,NY,READM-30-CABG-HRRP,156,1.0122,21.2658,21.0093,34,01-07-2019,30-06-2022
LINCOLN MEDICAL & MENTAL HEALTH CENTER,330080,NY,READM-30-AMI-HRRP,212,1.0563,15.2305,14.4185,35,01-07-2019,30-06-2022
ALICE HYDE MEDICAL CENTER,330084,NY,READM-30-PN-HRRP,368,0.9098,14.4945,15.932,47,01-07-2019,30-06-2022
ALICE HYDE MEDICAL CENTER,330084,NY,READM-30-HIP-KNEE-HRRP,240,0.9664,4.8015,4.9683,11,01-07-2019,30-06-2022
ALICE HYDE MEDICAL CENTER,330084,NY,READM-30-HF-HRRP,654,1.0177,19.7016,19.3598,130,01-07-2019,30-06-2022
ALICE HYDE MEDICAL CENTER,330084,NY,READM-30-COPD-HRRP,161,0.913,16.6564,18.2435,21,01-07-2019,30-06-2022
ALICE HYDE MEDICAL CENTER,330084,NY,READM-30-AMI-HRRP,294,1.0748,14.7812,13.7526,47,01-07-2019,30-06-2022
AURELIA OSBORN FOX MEMORIAL HOSPITAL,330085,NY,READM-30-PN-HRRP,615,0.9445,15.7524,16.6783,93,01-07-2019,30-06-2022
AURELIA OSBORN FOX MEMORIAL HOSPITAL,330085,NY,READM-30-HF-HRRP,467,1.122,22.5286,20.0797,113,01-07-2019,30-06-2022
AURELIA OSBORN FOX MEMORIAL HOSPITAL,330085,NY,READM-30-COPD-HRRP,202,0.9342,19.0388,20.3803,34,01-07-2019,30-06-2022
AURELIA OSBORN FOX MEMORIAL HOSPITAL,330085,NY,READM-30-CABG-HRRP,106,0.9558,13.3948,14.014,12,01-07-2019,30-06-2022
AURELIA OSBORN FOX MEMORIAL HOSPITAL,330085,NY,READM-30-AMI-HRRP,343,0.966,14.3714,14.8771,47,01-07-2019,30-06-2022
MONTEFIORE MOUNT VERNON HOSPITAL,330086,NY,READM-30-HIP-KNEE-HRRP,504,0.8255,15.3291,18.569,65,01-07-2019,30-06-2022
MONTEFIORE MOUNT VERNON HOSPITAL,330086,NY,READM-30-HF-HRRP,91,0.9409,17.4641,18.5612,12,01-07-2019,30-06-2022
MONTEFIORE MOUNT VERNON HOSPITAL,330086,NY,READM-30-COPD-HRRP,211,0.9074,10.7055,11.7987,18,01-07-2019,30-06-2022
MONTEFIORE MOUNT VERNON HOSPITAL,330086,NY,READM-30-CABG-HRRP,104,1.0262,15.6394,15.2397,18,01-07-2019,30-06-2022
ARNOT OGDEN MEDICAL CENTER,330090,NY,READM-30-PN-HRRP,101,0.9341,17.2365,18.4523,13,01-07-2019,30-06-2022
ARNOT OGDEN MEDICAL CENTER,330090,NY,READM-30-HF-HRRP,115,0.9996,14.8074,14.8138,17,01-07-2019,30-06-2022
ARNOT OGDEN MEDICAL CENTER,330090,NY,READM-30-COPD-HRRP,128,0.9516,18.1472,19.0703,20,01-07-2019,30-06-2022
ARNOT OGDEN MEDICAL CENTER,330090,NY,READM-30-AMI-HRRP,132,0.979,14.6975,15.0124,18,01-07-2019,30-06-2022
COLUMBIA MEMORIAL HOSPITAL,330094,NY,READM-30-PN-HRRP,79,0.9731,18.7251,19.2435,13,01-07-2019,30-06-2022
COLUMBIA MEMORIAL HOSPITAL,330094,NY,READM-30-HF-HRRP,189,1.0214,16.1794,15.8409,32,01-07-2019,30-06-2022
COLUMBIA MEMORIAL HOSPITAL,330094,NY,READM-30-CABG-HRRP,153,0.9853,19.5947,19.8875,29,01-07-2019,30-06-2022
COLUMBIA MEMORIAL HOSPITAL,330094,NY,READM-30-AMI-HRRP,82,0.9955,17.4233,17.5027,14,01-07-2019,30-06-2022
JONES MEMORIAL HOSPITAL,330096,NY,READM-30-HF-HRRP,99,1.014,20.2697,19.9898,21,01-07-2019,30-06-2022
JONES MEMORIAL HOSPITAL,330096,NY,READM-30-COPD-HRRP,275,1.0177,17.3795,17.0778,49,01-07-2019,30-06-2022
JONES MEMORIAL HOSPITAL,330096,NY,READM-30-AMI-HRRP,402,1.0458,20.6498,19.7464,86,01-07-2019,30-06-2022
NY EYE AND EAR INFIRMARY OF MOUNT SINAI,330100,NY,READM-30-PN-HRRP,66,1.0122,21.4832,21.2244,15,01-07-2019,30-06-2022
NY EYE AND EAR INFIRMARY OF MOUNT SINAI,330100,NY,READM-30-HIP-KNEE-HRRP,110,1.0056,15.2037,15.1197,17,01-07-2019,30-06-2022
NY EYE AND EAR INFIRMARY OF MOUNT SINAI,330100,NY,READM-30-CABG-HRRP,122,0.9914,16.0524,16.1912,19,01-07-2019,30-06-2022
NY EYE AND EAR INFIRMARY OF MOUNT SINAI,330100,NY,READM-30-AMI-HRRP,188,0.9825,20.8467,21.2174,38,01-07-2019,30-06-2022
NEW YORK-PRESBYTERIAN HOSPITAL,330101,NY,READM-30-PN-HRRP,73,0.9954,18.2105,18.2944,13,01-07-2019,30-06-2022
NEW YORK-PRESBYTERIAN HOSPITAL,330101,NY,READM-30-HIP-KNEE-HRRP,228,1.0866,16.8241,15.4831,44,01-07-2019,30-06-2022
NEW YORK-PRESBYTERIAN HOSPITAL,330101,NY,READM-30-COPD-HRRP,304,0.9171,17.9745,19.5987,49,01-07-2019,30-06-2022
NEW YORK-PRESBYTERIAN HOSPITAL,330101,NY,READM-30-AMI-HRRP,236,1.0888,16.6274,15.2717,45,01-07-2019,30-06-2022
KENMORE MERCY HOSPITAL,330102,NY,READM-30-PN-HRRP,429,1.0054,4.1767,4.1543,18,01-07-2019,30-06-2022
KENMORE MERCY HOSPITAL,330102,NY,READM-30-HIP-KNEE-HRRP,295,1.0369,19.1972,18.5146,59,01-07-2019,30-06-2022
KENMORE MERCY HOSPITAL,330102,NY,READM-30-COPD-HRRP,99,1.0341,12.528,12.1145,14,01-07-2019,30-06-2022
KENMORE MERCY HOSPITAL,330102,NY,READM-30-CABG-HRRP,159,1.0186,16.8125,16.5052,28,01-07-2019,30-06-2022
OLEAN GENERAL HOSPITAL,330103,NY,READM-30-PN-HRRP,142,1.0935,23.8176,21.7812,40,01-07-2019,30-06-2022
OLEAN GENERAL HOSPITAL,330103,NY,READM-30-HIP-KNEE-HRRP,63,1.048,20.4452,19.5079,16,01-07-2019,30-06-2022
OLEAN GENERAL HOSPITAL,330103,NY,READM-30-HF-HRRP,180,0.942,13.2885,14.1067,21,01-07-2019,30-06-2022
OLEAN GENERAL HOSPITAL,330103,NY,READM-30-COPD-HRRP,99,1.0023,18.0174,17.9754,18,01-07-2019,30-06-2022
OLEAN GENERAL HOSPITAL,330103,NY,READM-30-AMI-HRRP,102,0.9515,19.9101,20.9243,17,01-07-2019,30-06-2022
NYACK HOSPITAL,330104,NY,READM-30-HIP-KNEE-HRRP,563,0.962,15.7429,16.3648,86,01-07-2019,30-06-2022
NYACK HOSPITAL,330104,NY,READM-30-HF-HRRP,1214,0.9957,3.6298,3.6456,44,01-07-2019,30-06-2022
NYACK HOSPITAL,330104,NY,READM-30-COPD-HRRP,1153,1.0062,20.0859,19.9628,232,01-07-2019,30-06-2022
NYACK HOSPITAL,330104,NY,READM-30-CABG-HRRP,240,1.0506,19.8903,18.9322,51,01-07-2019,30-06-2022
NYACK HOSPITAL,330104,NY,READM-30-AMI-HRRP,192,0.9578,12.6247,13.1815,23,01-07-2019,30-06-2022
NORTH SHORE UNIVERSITY HOSPITAL,330106,NY,READM-30-PN-HRRP,392,1.0002,13.2625,13.2596,52,01-07-2019,30-06-2022
NORTH SHORE UNIVERSITY HOSPITAL,330106,NY,READM-30-HIP-KNEE-HRRP,275,0.9944,17.2319,17.3287,47,01-07-2019,30-06-2022
NORTH SHORE UNIVERSITY HOSPITAL,330106,NY,READM-30-COPD-HRRP,460,1.0443,21.5339,20.6205,102,01-07-2019,30-06-2022
NORTH SHORE UNIVERSITY HOSPITAL,330106,NY,READM-30-CABG-HRRP,117,1.0235,20.8944,20.4153,26,01-07-2019,30-06-2022
NORTH SHORE UNIVERSITY HOSPITAL,330106,NY,READM-30-AMI-HRRP,104,1.0758,16.6055,15.436,21,01-07-2019,30-06-2022
PECONIC BAY MEDICAL CENTER,330107,NY,READM-30-PN-HRRP,115,0.9721,16.4548,16.9277,17,01-07-2019,30-06-2022
PECONIC BAY MEDICAL CENTER,330107,NY,READM-30-HIP-KNEE-HRRP,62,0.9703,21.0399,21.6838,11,01-07-2019,30-06-2022
PECONIC BAY MEDICAL CENTER,330107,NY,READM-30-COPD-HRRP,128,1.0591,17.9949,16.9903,27,01-07-2019,30-06-2022
PECONIC BAY MEDICAL CENTER,330107,NY,READM-30-CABG-HRRP,88,1.0606,21.6043,20.3692,23,01-07-2019,30-06-2022
BERTRAND CHAFFEE HOSPITAL,330111,NY,READM-30-PN-HRRP,77,1.0237,16.1253,15.7525,14,01-07-2019,30-06-2022
BERTRAND CHAFFEE HOSPITAL,330111,NY,READM-30-HIP-KNEE-HRRP,98,1.0142,20.4557,20.1683,21,01-07-2019,30-06-2022
BERTRAND CHAFFEE HOSPITAL,330111,NY,READM-30-CABG-HRRP,369,1.0237,16.3703,15.9909,62,01-07-2019,30-06-2022
BERTRAND CHAFFEE HOSPITAL,330111,NY,READM-30-AMI-HRRP,286,1.0447,3.9649,3.7954,12,01-07-2019,30-06-2022
ONEIDA HEALTH HOSPITAL,330115,NY,READM-30-PN-HRRP,672,1.0397,19.2636,18.5282,132,01-07-2019,30-06-2022
ONEIDA HEALTH HOSPITAL,330115,NY,READM-30-HIP-KNEE-HRRP,102,1.0028,17.4728,17.4238,18,01-07-2019,30-06-2022
ONEIDA HEALTH HOSPITAL,330115,NY,READM-30-HF-HRRP,119,1.1033,12.7602,11.5655,18,01-07-2019,30-06-2022
ONEIDA HEALTH HOSPITAL,330115,NY,READM-30-COPD-HRRP,271,1.0021,13.2461,13.2179,36,01-07-2019,30-06-2022
ONEIDA HEALTH HOSPITAL,330115,NY,READM-30-CABG-HRRP,363,1.0218,17.7714,17.3923,66,01-07-2019,30-06-2022
LENOX HILL HOSPITAL,330119,NY,READM-30-PN-HRRP,663,0.9262,18.7112,20.2014,119,01-07-2019,30-06-2022
LENOX HILL HOSPITAL,330119,NY,READM-30-HIP-KNEE-HRRP,162,1.0798,19.7696,18.3094,37,01-07-2019,30-06-2022
LENOX HILL HOSPITAL,330119,NY,READM-30-COPD-HRRP,490,1.018,17.098,16.7964,85,01-07-2019,30-06-2022
LENOX HILL HOSPITAL,330119,NY,READM-30-AMI-HRRP,755,1.0858,21.6517,19.9412,169,01-07-2019,30-06-2022
ROCHESTER GENERAL HOSPITAL,330125,NY,READM-30-PN-HRRP,251,0.9335,18.9323,20.2808,43,01-07-2019,30-06-2022
ROCHESTER GENERAL HOSPITAL,330125,NY,READM-30-HIP-KNEE-HRRP,217,0.9423,13.7914,14.6362,27,01-07-2019,30-06-2022
ROCHESTER GENERAL HOSPITAL,330125,NY,READM-30-HF-HRRP,170,1.0467,15.8471,15.1404,30,01-07-2019,30-06-2022
ROCHESTER GENERAL HOSPITAL,330125,NY,READM-30-COPD-HRRP,514,0.8014,3.7687,4.7028,16,01-07-2019,30-06-2022
ROCHESTER GENERAL HOSPITAL,330125,NY,READM-30-CABG-HRRP,197,0.8685,15.7176,18.0975,22,01-07-2019,30-06-2022
GARNET HEALTH MEDICAL CENTER,330126,NY,READM-30-PN-HRRP,102,0.9328,15.4094,16.5194,11,01-07-2019,30-06-2022
GARNET HEALTH MEDICAL CENTER,330126,NY,READM-30-HIP-KNEE-HRRP,97,0.9672,19.809,20.4816,17,01-07-2019,30-06-2022
GARNET HEALTH MEDICAL CENTER,330126,NY,READM-30-CABG-HRRP,32,1.0559,22.7605,21.5553,11,01-07-2019,30-06-2022
GARNET HEALTH MEDICAL CENTER,330126,NY,READM-30-AMI-HRRP,86,1.0687,22.7095,21.2493,24,01-07-2019,30-06-2022
JACOBI MEDICAL CENTER,330127,NY,READM-30-PN-HRRP,153,0.9914,15.412,15.5456,23,01-07-2019,30-06-2022
JACOBI MEDICAL CENTER,330127,NY,READM-30-HF-HRRP,191,1.0583,20.0301,18.9276,42,01-07-2019,30-06-2022
JACOBI MEDICAL CENTER,330127,NY,READM-30-CABG-HRRP,36,1.1036,16.8489,15.2677,11,01-07-2019,30-06-2022
JACOBI MEDICAL CENTER,330127,NY,READM-30-AMI-HRRP,264,0.9159,13.5549,14.7997,30,01-07-2019,30-06-2022
ELMHURST HOSPITAL CENTER,330128,NY,READM-30-HIP-KNEE-HRRP,344,1.0086,19.6023,19.4344,68,01-07-2019,30-06-2022
ELMHURST HOSPITAL CENTER,330128,NY,READM-30-HF-HRRP,112,1.0336,19.4984,18.865,24,01-07-2019,30-06-2022
ELMHURST HOSPITAL CENTER,330128,NY,READM-30-COPD-HRRP,123,0.9566,12.2903,12.8484,13,01-07-2019,30-06-2022
ELMHURST HOSPITAL CENTER,330128,NY,READM-30-CABG-HRRP,141,1.0729,15.8178,14.7433,27,01-07-2019,30-06-2022
BON SECOURS COMMUNITY HOSPITAL,330135,NY,READM-30-PN-HRRP,199,1.0665,20.465,19.1883,45,01-07-2019,30-06-2022
BON SECOURS COMMUNITY HOSPITAL,330135,NY,READM-30-HIP-KNEE-HRRP,81,1.0414,17.8215,17.1133,17,01-07-2019,30-06-2022
BON SECOURS COMMUNITY HOSPITAL,330135,NY,READM-30-COPD-HRRP,143,1.0818,17.901,16.5471,31,01-07-2019,30-06-2022
BON SECOURS COMMUNITY HOSPITAL,330135,NY,READM-30-AMI-HRRP,222,1.1742,24.2996,20.6954,65,01-07-2019,30-06-2022
BASSETT HEALTHCARE,330136,NY,READM-30-PN-HRRP,73,1.0299,19.2543,18.6946,16,01-07-2019,30-06-2022
BASSETT HEALTHCARE,330136,NY,READM-30-HF-HRRP,112,0.9611,13.9543,14.5195,13,01-07-2019,30-06-2022
BASSETT HEALTHCARE,330136,NY,READM-30-CABG-HRRP,142,1.0044,18.11,18.0308,26,01-07-2019,30-06-2022
ST JOSEPH'S HOSPITAL HEALTH CENTER,330140,NY,READM-30-PN-HRRP,146,0.9693,15.1251,15.6035,20,01-07-2019,30-06-2022
ST JOSEPH'S HOSPITAL HEALTH CENTER,330140,NY,READM-30-HF-HRRP,118,1.009,18.1471,17.9846,22,01-07-2019,30-06-2022
ST JOSEPH'S HOSPITAL HEALTH CENTER,330140,NY,READM-30-AMI-HRRP,40,1.0607,20.1899,19.0346,12,01-07-2019,30-06-2022
LONG ISLAND COMMUNITY HOSPITAL,330141,NY,READM-30-PN-HRRP,215,0.9054,12.7694,14.1037,21,01-07-2019,30-06-2022
LONG ISLAND COMMUNITY HOSPITAL,330141,NY,READM-30-HF-HRRP,293,0.9231,16.7782,18.1757,44,01-07-2019,30-06-2022
LONG ISLAND COMMUNITY HOSPITAL,330141,NY,READM-30-COPD-HRRP,74,1.0146,16.332,16.0967,13,01-07-2019,30-06-2022
LONG ISLAND COMMUNITY HOSPITAL,330141,NY,READM-30-CABG-HRRP,172,0.9999,11.6305,11.6316,20,01-07-2019,30-06-2022
LONG ISLAND COMMUNITY HOSPITAL,330141,NY,READM-30-AMI-HRRP,226,0.9708,15.4857,15.9523,33,01-07-2019,30-06-2022
IRA DAVENPORT MEMORIAL HOSPITAL,330144,NY,READM-30-HIP-KNEE-HRRP,271,1.0076,19.0035,18.8592,52,01-07-2019,30-06-2022
IRA DAVENPORT MEMORIAL HOSPITAL,330144,NY,READM-30-HF-HRRP,73,0.9756,17.2041,17.6346,11,01-07-2019,30-06-2022
IRA DAVENPORT MEMORIAL HOSPITAL,330144,NY,READM-30-COPD-HRRP,198,0.9446,10.4425,11.0553,18,01-07-2019,30-06-2022
IRA DAVENPORT MEMORIAL HOSPITAL,330144,NY,READM-30-CABG-HRRP,179,1.0001,17.314,17.312,31,01-07-2019,30-06-2022
ST JAMES MERCY HOSPITAL,330151,NY,READM-30-PN-HRRP,342,0.9928,20.3178,20.4662,69,01-07-2019,30-06-2022
ST JAMES MERCY HOSPITAL,330151,NY,READM-30-COPD-HRRP,258,0.9365,12.8608,13.7324,30,01-07-2019,30-06-2022
ELLIS HOSPITAL,330153,NY,READM-30-PN-HRRP,83,1.0182,16.7003,16.4026,15,01-07-2019,30-06-2022
ELLIS HOSPITAL,330153,NY,READM-30-HIP-KNEE-HRRP,292,1.0036,16.0123,15.9545,47,01-07-2019,30-06-2022
ELLIS HOSPITAL,330153,NY,READM-30-HF-HRRP,131,1.1843,6.3854,5.3917,11,01-07-2019,30-06-2022
ELLIS HOSPITAL,330153,NY,READM-30-COPD-HRRP,530,0.911,16.9809,18.639,84,01-07-2019,30-06-2022
ELLIS HOSPITAL,330153,NY,READM-30-CABG-HRRP,86,0.9729,18.3603,18.8711,14,01-07-2019,30-06-2022
SAMARITAN MEDICAL CENTER,330157,NY,READM-30-PN-HRRP,241,1.0657,14.885,13.9671,39,01-07-2019,30-06-2022
SAMARITAN MEDICAL CENTER,330157,NY,READM-30-HIP-KNEE-HRRP,95,0.999,15.8574,15.8725,15,01-07-2019,30-06-2022
SAMARITAN MEDICAL CENTER,330157,NY,READM-30-HF-HRRP,183,0.9802,18.7491,19.1279,33,01-07-2019,30-06-2022
SAMARITAN MEDICAL CENTER,330157,NY,READM-30-AMI-HRRP,304,0.8506,13.4018,15.755,30,01-07-2019,30-06-2022
GOOD SAMARITAN HOSPITAL OF SUFFERN,330158,NY,READM-30-HIP-KNEE-HRRP,546,0.894,16.8934,18.896,85,01-07-2019,30-06-2022
GOOD SAMARITAN HOSPITAL OF SUFFERN,330158,NY,READM-30-HF-HRRP,179,1.0137,19.0567,18.7999,35,01-07-2019,30-06-2022
GOOD SAMARITAN HOSPITAL OF SUFFERN,330158,NY,READM-30-COPD-HRRP,78,1.0559,12.1374,11.4953,11,01-07-2019,30-06-2022
GOOD SAMARITAN HOSPITAL OF SUFFERN,330158,NY,READM-30-CABG-HRRP,319,1.0608,14.1409,13.3299,48,01-07-2019,30-06-2022
GOOD SAMARITAN HOSPITAL OF SUFFERN,330158,NY,READM-30-AMI-HRRP,117,1.1429,20.1354,17.6185,33,01-07-2019,30-06-2022
STATEN ISLAND UNIVERSITY HOSPITAL,330160,NY,READM-30-PN-HRRP,135,1.0125,20.8629,20.605,29,01-07-2019,30-06-2022
STATEN ISLAND UNIVERSITY HOSPITAL,330160,NY,READM-30-HIP-KNEE-HRRP,54,1.0363,23.2227,22.4082,15,01-07-2019,30-06-2022
STATEN ISLAND UNIVERSITY HOSPITAL,330160,NY,READM-30-COPD-HRRP,236,0.8656,13.3706,15.4472,22,01-07-2019,30-06-2022
STATEN ISLAND UNIVERSITY HOSPITAL,330160,NY,READM-30-AMI-HRRP,466,0.8896,16.8558,18.9469,71,01-07-2019,30-06-2022
NORTHERN WESTCHESTER HOSPITAL,330162,NY,READM-30-PN-HRRP,91,0.9674,17.7264,18.3246,14,01-07-2019,30-06-2022
NORTHERN WESTCHESTER HOSPITAL,330162,NY,READM-30-HF-HRRP,296,0.9041,11.4322,12.6448,29,01-07-2019,30-06-2022
NORTHERN WESTCHESTER HOSPITAL,330162,NY,READM-30-COPD-HRRP,116,1.0613,16.3611,15.4163,23,01-07-2019,30-06-2022
NORTHERN WESTCHESTER HOSPITAL,330162,NY,READM-30-AMI-HRRP,213,0.9203,16.5901,18.0261,30,01-07-2019,30-06-2022
EASTERN NIAGARA HOSPITAL - LOCKPORT DIVISION,330163,NY,READM-30-PN-HRRP,59,1.0374,19.6384,18.9307,14,01-07-2019,30-06-2022
EASTERN NIAGARA HOSPITAL - LOCKPORT DIVISION,330163,NY,READM-30-HIP-KNEE-HRRP,127,0.9481,15.4399,16.285,16,01-07-2019,30-06-2022
EASTERN NIAGARA HOSPITAL - LOCKPORT DIVISION,330163,NY,READM-30-COPD-HRRP,144,1.0909,20.9537,19.2077,36,01-07-2019,30-06-2022
EASTERN NIAGARA HOSPITAL - LOCKPORT DIVISION,330163,NY,READM-30-AMI-HRRP,275,0.9884,15.9233,16.1101,43,01-07-2019,30-06-2022
HIGHLAND HOSPITAL,330164,NY,READM-30-HIP-KNEE-HRRP,638,0.9714,18.1636,18.6978,114,01-07-2019,30-06-2022
HIGHLAND HOSPITAL,330164,NY,READM-30-HF-HRRP,121,1.0518,19.5704,18.6061,27,01-07-2019,30-06-2022
HIGHLAND HOSPITAL,330164,NY,READM-30-CABG-HRRP,385,0.9034,10.6037,11.7381,36,01-07-2019,30-06-2022
HIGHLAND HOSPITAL,330164,NY,READM-30-AMI-HRRP,364,0.9334,18.5518,19.8748,63,01-07-2019,30-06-2022
"WESTFIELD MEMORIAL HOSPITAL, INC",330166,NY,READM-30-PN-HRRP,154,0.9491,10.0387,10.5774,14,01-07-2019,30-06-2022
"WESTFIELD MEMORIAL HOSPITAL, INC",330166,NY,READM-30-HIP-KNEE-HRRP,281,0.9261,13.447,14.5195,34,01-07-2019,30-06-2022
"WESTFIELD MEMORIAL HOSPITAL, INC",330166,NY,READM-30-HF-HRRP,193,0.9546,15.0832,15.8003,26,01-07-2019,30-06-2022
"WESTFIELD MEMORIAL HOSPITAL, INC",330166,NY,READM-30-COPD-HRRP,256,0.965,18.4856,19.1561,45,01-07-2019,30-06-2022
"WESTFIELD MEMORIAL HOSPITAL, INC",330166,NY,READM-30-CABG-HRRP,62,1.0546,20.197,19.151,16,01-07-2019,30-06-2022
"WESTFIELD MEMORIAL HOSPITAL, INC",330166,NY,READM-30-AMI-HRRP,101,1.0214,14.7988,14.4885,16,01-07-2019,30-06-2022
MOUNT SINAI BETH ISRAEL,330169,NY,READM-30-PN-HRRP,216,0.9737,15.1824,15.5927,31,01-07-2019,30-06-2022
MOUNT SINAI BETH ISRAEL,330169,NY,READM-30-HF-HRRP,226,0.9086,16.8915,18.5911,32,01-07-2019,30-06-2022
MOUNT SINAI BETH ISRAEL,330169,NY,READM-30-COPD-HRRP,80,1.0145,17.5957,17.3443,15,01-07-2019,30-06-2022
MOUNT SINAI BETH ISRAEL,330169,NY,READM-30-CABG-HRRP,373,0.9171,13.8654,15.1181,46,01-07-2019,30-06-2022
GUTHRIE CORTLAND REGIONAL MEDICAL CENTER,330175,NY,READM-30-PN-HRRP,577,0.9017,17.2817,19.1666,93,01-07-2019,30-06-2022
GUTHRIE CORTLAND REGIONAL MEDICAL CENTER,330175,NY,READM-30-HIP-KNEE-HRRP,122,0.9653,19.1239,19.8112,21,01-07-2019,30-06-2022
GUTHRIE CORTLAND REGIONAL MEDICAL CENTER,330175,NY,READM-30-COPD-HRRP,348,0.9416,12.617,13.3991,41,01-07-2019,30-06-2022
GUTHRIE CORTLAND REGIONAL MEDICAL CENTER,330175,NY,READM-30-CABG-HRRP,169,0.9942,16.208,16.302,27,01-07-2019,30-06-2022
"SAMARITAN HOSPITAL OF TROY, NEW YORK",330180,NY,READM-30-PN-HRRP,172,0.949,18.2723,19.2535,28,01-07-2019,30-06-2022
"SAMARITAN HOSPITAL OF TROY, NEW YORK",330180,NY,READM-30-COPD-HRRP,91,0.9741,13.9827,14.3549,11,01-07-2019,30-06-2022
"SAMARITAN HOSPITAL OF TROY, NEW YORK",330180,NY,READM-30-AMI-HRRP,90,1.0026,18.7028,18.655,17,01-07-2019,30-06-2022
NORTHWELL HOSPITAL GLEN COVE,330181,NY,READM-30-HIP-KNEE-HRRP,360,0.952,13.9545,14.6586,47,01-07-2019,30-06-2022
NORTHWELL HOSPITAL GLEN COVE,330181,NY,READM-30-COPD-HRRP,543,0.9648,17.9237,18.5771,95,01-07-2019,30-06-2022
NORTHWELL HOSPITAL GLEN COVE,330181,NY,READM-30-CABG-HRRP,148,1.087,18.6892,17.1937,33,01-07-2019,30-06-2022
NORTHWELL HOSPITAL GLEN COVE,330181,NY,READM-30-AMI-HRRP,236,0.894,10.2948,11.5161,19,01-07-2019,30-06-2022
ST FRANCIS HOSPITAL - THE HEART CENTER,330182,NY,READM-30-PN-HRRP,362,0.9268,15.2258,16.4275,50,01-07-2019,30-06-2022
ST FRANCIS HOSPITAL - THE HEART CENTER,330182,NY,READM-30-HF-HRRP,601,0.95,18.6989,19.682,109,01-07-2019,30-06-2022
ST FRANCIS HOSPITAL - THE HEART CENTER,330182,NY,READM-30-COPD-HRRP,79,0.964,18.2083,18.8881,12,01-07-2019,30-06-2022
ST FRANCIS HOSPITAL - THE HEART CENTER,330182,NY,READM-30-CABG-HRRP,187,1.0328,10.218,9.8931,20,01-07-2019,30-06-2022
ST FRANCIS HOSPITAL - THE HEART CENTER,330182,NY,READM-30-AMI-HRRP,425,0.9443,11.2271,11.8895,45,01-07-2019,30-06-2022
MONTEFIORE NEW ROCHELLE HOSPITAL,330184,NY,READM-30-PN-HRRP,181,1.0424,16.679,16.0011,33,01-07-2019,30-06-2022
MONTEFIORE NEW ROCHELLE HOSPITAL,330184,NY,READM-30-HF-HRRP,237,0.9393,19.0414,20.2709,41,01-07-2019,30-06-2022
MONTEFIORE NEW ROCHELLE HOSPITAL,330184,NY,READM-30-COPD-HRRP,71,0.9742,19.2973,19.8091,12,01-07-2019,30-06-2022
MONTEFIORE NEW ROCHELLE HOSPITAL,330184,NY,READM-30-CABG-HRRP,84,0.9947,14.5977,14.6758,12,01-07-2019,30-06-2022
MONTEFIORE NEW ROCHELLE HOSPITAL,330184,NY,READM-30-AMI-HRRP,221,0.9759,15.6753,16.0621,33,01-07-2019,30-06-2022
JOHN T MATHER MEMORIAL HOSPITAL  OF PORT JEFFERSON,330185,NY,READM-30-HIP-KNEE-HRRP,372,0.9165,17.9228,19.555,61,01-07-2019,30-06-2022
JOHN T MATHER MEMORIAL HOSPITAL  OF PORT JEFFERSON,330185,NY,READM-30-CABG-HRRP,220,1.0905,13.9925,12.8317,35,01-07-2019,30-06-2022
JOHN T MATHER MEMORIAL HOSPITAL  OF PORT JEFFERSON,330185,NY,READM-30-AMI-HRRP,279,0.9608,15.6682,16.3078,41,01-07-2019,30-06-2022
MOUNT ST. MARY'S HOSPITAL & HEALTH CENTER,330188,NY,READM-30-PN-HRRP,357,0.8424,3.8088,4.5215,11,01-07-2019,30-06-2022
MOUNT ST. MARY'S HOSPITAL & HEALTH CENTER,330188,NY,READM-30-HIP-KNEE-HRRP,472,0.9159,17.5208,19.1286,77,01-07-2019,30-06-2022
MOUNT ST. MARY'S HOSPITAL & HEALTH CENTER,330188,NY,READM-30-HF-HRRP,119,1.0441,20.3055,19.4488,27,01-07-2019,30-06-2022
MOUNT ST. MARY'S HOSPITAL & HEALTH CENTER,330188,NY,READM-30-COPD-HRRP,97,1.0054,12.2108,12.1452,12,01-07-2019,30-06-2022
MOUNT ST. MARY'S HOSPITAL & HEALTH CENTER,330188,NY,READM-30-CABG-HRRP,255,0.8637,12.1905,14.1138,24,01-07-2019,30-06-2022
MOUNT ST. MARY'S HOSPITAL & HEALTH CENTER,330188,NY,READM-30-AMI-HRRP,273,1.0111,14.021,13.8675,39,01-07-2019,30-06-2022
GLENS FALLS HOSPITAL,330191,NY,READM-30-HIP-KNEE-HRRP,439,0.9345,16.7072,17.878,69,01-07-2019,30-06-2022
GLENS FALLS HOSPITAL,330191,NY,READM-30-COPD-HRRP,75,1.1551,10.7021,9.2652,12,01-07-2019,30-06-2022
GLENS FALLS HOSPITAL,330191,NY,READM-30-AMI-HRRP,159,1.0147,15.7387,15.5114,26,01-07-2019,30-06-2022
FLUSHING HOSPITAL MEDICAL CENTER,330193,NY,READM-30-PN-HRRP,212,1.0687,21.0149,19.6633,49,01-07-2019,30-06-2022
FLUSHING HOSPITAL MEDICAL CENTER,330193,NY,READM-30-HIP-KNEE-HRRP,91,1.1006,20.6,18.7175,25,01-07-2019,30-06-2022
FLUSHING HOSPITAL MEDICAL CENTER,330193,NY,READM-30-HF-HRRP,121,1.0012,12.35,12.3354,15,01-07-2019,30-06-2022
FLUSHING HOSPITAL MEDICAL CENTER,330193,NY,READM-30-COPD-HRRP,326,0.9399,15.7113,16.7153,47,01-07-2019,30-06-2022
FLUSHING HOSPITAL MEDICAL CENTER,330193,NY,READM-30-AMI-HRRP,534,0.849,16.5942,19.5457,78,01-07-2019,30-06-2022
MAIMONIDES MEDICAL CENTER,330194,NY,READM-30-PN-HRRP,98,0.9725,20.2834,20.8566,18,01-07-2019,30-06-2022
MAIMONIDES MEDICAL CENTER,330194,NY,READM-30-HIP-KNEE-HRRP,194,0.8027,8.7891,10.9494,11,01-07-2019,30-06-2022
MAIMONIDES MEDICAL CENTER,330194,NY,READM-30-HF-HRRP,487,0.8101,9.838,12.1449,38,01-07-2019,30-06-2022
MAIMONIDES MEDICAL CENTER,330194,NY,READM-30-COPD-HRRP,504,1.0348,16.9962,16.4251,88,01-07-2019,30-06-2022
MAIMONIDES MEDICAL CENTER,330194,NY,READM-30-AMI-HRRP,744,0.8665,17.6587,20.3783,122,01-07-2019,30-06-2022
LONG ISLAND JEWISH MEDICAL CENTER,330195,NY,READM-30-PN-HRRP,192,1.0335,19.7169,19.0772,40,01-07-2019,30-06-2022
LONG ISLAND JEWISH MEDICAL CENTER,330195,NY,READM-30-HF-HRRP,331,0.8941,12.2222,13.6701,35,01-07-2019,30-06-2022
LONG ISLAND JEWISH MEDICAL CENTER,330195,NY,READM-30-CABG-HRRP,54,1.0209,17.7031,17.34,11,01-07-2019,30-06-2022
LONG ISLAND JEWISH MEDICAL CENTER,330195,NY,READM-30-AMI-HRRP,80,0.9348,19.342,20.692,11,01-07-2019,30-06-2022
NYC HEALTH + HOSPITALS/CONEY ISLAND,330196,NY,READM-30-PN-HRRP,56,0.9962,21.8964,21.9807,12,01-07-2019,30-06-2022
NYC HEALTH + HOSPITALS/CONEY ISLAND,330196,NY,READM-30-HF-HRRP,226,0.8924,13.971,15.6548,24,01-07-2019,30-06-2022
NYC HEALTH + HOSPITALS/CONEY ISLAND,330196,NY,READM-30-CABG-HRRP,258,0.9544,17.4497,18.2833,42,01-07-2019,30-06-2022
CANTON-POTSDAM HOSPITAL,330197,NY,READM-30-PN-HRRP,207,0.9067,14.2462,15.7115,23,01-07-2019,30-06-2022
CANTON-POTSDAM HOSPITAL,330197,NY,READM-30-HF-HRRP,244,0.9602,17.0557,17.7625,39,01-07-2019,30-06-2022
CANTON-POTSDAM HOSPITAL,330197,NY,READM-30-CABG-HRRP,559,1.0011,16.2657,16.2478,91,01-07-2019,30-06-2022
MOUNT SINAI SOUTH NASSAU,330198,NY,READM-30-PN-HRRP,903,1.0632,20.4785,19.2615,189,01-07-2019,30-06-2022
MOUNT SINAI SOUTH NASSAU,330198,NY,READM-30-HIP-KNEE-HRRP,209,1.1564,22.5718,19.5182,57,01-07-2019,30-06-2022
MOUNT SINAI SOUTH NASSAU,330198,NY,READM-30-HF-HRRP,208,1.1174,15.6026,13.9638,38,01-07-2019,30-06-2022
MOUNT SINAI SOUTH NASSAU,330198,NY,READM-30-COPD-HRRP,289,0.9779,14.7026,15.035,41,01-07-2019,30-06-2022
MOUNT SINAI SOUTH NASSAU,330198,NY,READM-30-AMI-HRRP,496,1.0542,19.4624,18.4615,100,01-07-2019,30-06-2022
METROPOLITAN HOSPITAL CENTER,330199,NY,READM-30-PN-HRRP,111,0.9922,17.5675,17.7048,19,01-07-2019,30-06-2022
METROPOLITAN HOSPITAL CENTER,330199,NY,READM-30-HIP-KNEE-HRRP,116,1.0314,13.3512,12.9449,17,01-07-2019,30-06-2022
METROPOLITAN HOSPITAL CENTER,330199,NY,READM-30-HF-HRRP,155,0.9964,16.9361,16.998,26,01-07-2019,30-06-2022
METROPOLITAN HOSPITAL CENTER,330199,NY,READM-30-CABG-HRRP,349,0.8713,18.3685,21.0818,55,01-07-2019,30-06-2022
METROPOLITAN HOSPITAL CENTER,330199,NY,READM-30-AMI-HRRP,49,1.0297,20.4354,19.8453,12,01-07-2019,30-06-2022
KINGS COUNTY HOSPITAL CENTER,330202,NY,READM-30-HIP-KNEE-HRRP,184,1.0326,13.822,13.3862,27,01-07-2019,30-06-2022
KINGS COUNTY HOSPITAL CENTER,330202,NY,READM-30-HF-HRRP,163,0.957,14.0381,14.6691,20,01-07-2019,30-06-2022
KINGS COUNTY HOSPITAL CENTER,330202,NY,READM-30-CABG-HRRP,226,0.9397,17.2615,18.3689,35,01-07-2019,30-06-2022
CROUSE HOSPITAL,330203,NY,READM-30-PN-HRRP,320,0.862,14.0343,16.2806,35,01-07-2019,30-06-2022
CROUSE HOSPITAL,330203,NY,READM-30-HF-HRRP,497,0.8509,16.3822,19.2524,71,01-07-2019,30-06-2022
CROUSE HOSPITAL,330203,NY,READM-30-CABG-HRRP,134,1.0171,12.8209,12.6051,18,01-07-2019,30-06-2022
CROUSE HOSPITAL,330203,NY,READM-30-AMI-HRRP,405,0.9894,15.9802,16.1507,64,01-07-2019,30-06-2022
BELLEVUE HOSPITAL CENTER,330204,NY,READM-30-HIP-KNEE-HRRP,542,0.9572,18.7971,19.6386,99,01-07-2019,30-06-2022
BELLEVUE HOSPITAL CENTER,330204,NY,READM-30-HF-HRRP,129,1.0539,20.5252,19.4749,30,01-07-2019,30-06-2022
BELLEVUE HOSPITAL CENTER,330204,NY,READM-30-COPD-HRRP,128,1.3926,15.2328,10.9383,29,01-07-2019,30-06-2022
BELLEVUE HOSPITAL CENTER,330204,NY,READM-30-CABG-HRRP,232,0.9621,13.3118,13.8359,29,01-07-2019,30-06-2022
BELLEVUE HOSPITAL CENTER,330204,NY,READM-30-AMI-HRRP,72,1.0144,15.3292,15.1113,12,01-07-2019,30-06-2022
ST ANTHONY COMMUNITY HOSPITAL,330205,NY,READM-30-HIP-KNEE-HRRP,146,0.9846,17.1225,17.3898,24,01-07-2019,30-06-2022
ST ANTHONY COMMUNITY HOSPITAL,330205,NY,READM-30-CABG-HRRP,120,0.9447,14.8493,15.7192,14,01-07-2019,30-06-2022
ST ANTHONY COMMUNITY HOSPITAL,330205,NY,READM-30-AMI-HRRP,231,0.9244,18.2569,19.7509,37,01-07-2019,30-06-2022
ST JOHN'S RIVERSIDE HOSPITAL,330208,NY,READM-30-HIP-KNEE-HRRP,64,1.0618,12.7167,11.9767,11,01-07-2019,30-06-2022
ST JOHN'S RIVERSIDE HOSPITAL,330208,NY,READM-30-COPD-HRRP,189,0.9943,15.5462,15.6353,29,01-07-2019,30-06-2022
ST JOHN'S RIVERSIDE HOSPITAL,330208,NY,READM-30-AMI-HRRP,227,0.9874,19.7536,20.0057,44,01-07-2019,30-06-2022
CLAXTON-HEPBURN MEDICAL CENTER,330211,NY,READM-30-PN-HRRP,90,0.967,19.0917,19.7433,15,01-07-2019,30-06-2022
CLAXTON-HEPBURN MEDICAL CENTER,330211,NY,READM-30-HF-HRRP,164,0.9706,15.8639,16.3438,24,01-07-2019,30-06-2022
CLAXTON-HEPBURN MEDICAL CENTER,330211,NY,READM-30-CABG-HRRP,308,0.9453,18.7349,19.8195,54,01-07-2019,30-06-2022
NYU Langone Hospitals,330214,NY,READM-30-HIP-KNEE-HRRP,117,0.987,15.2791,15.4808,17,01-07-2019,30-06-2022
NYU Langone Hospitals,330214,NY,READM-30-COPD-HRRP,217,0.9243,16.6163,17.9778,31,01-07-2019,30-06-2022
NYU Langone Hospitals,330214,NY,READM-30-CABG-HRRP,80,1.0218,12.4589,12.1926,11,01-07-2019,30-06-2022
NYU Langone Hospitals,330214,NY,READM-30-AMI-HRRP,76,0.9992,14.5432,14.5548,11,01-07-2019,30-06-2022
"ROME MEMORIAL HOSPITAL, INC",330215,NY,READM-30-HIP-KNEE-HRRP,332,1.0548,20.2404,19.1884,71,01-07-2019,30-06-2022
"ROME MEMORIAL HOSPITAL, INC",330215,NY,READM-30-COPD-HRRP,496,0.9056,20.7193,22.88,96,01-07-2019,30-06-2022
"ROME MEMORIAL HOSPITAL, INC",330215,NY,READM-30-CABG-HRRP,161,1.1409,25.8766,22.6812,51,01-07-2019,30-06-2022
"ROME MEMORIAL HOSPITAL, INC",330215,NY,READM-30-AMI-HRRP,147,1.1691,12.6363,10.8087,23,01-07-2019,30-06-2022
OSWEGO HOSPITAL,330218,NY,READM-30-PN-HRRP,396,0.9732,14.4847,14.8839,56,01-07-2019,30-06-2022
OSWEGO HOSPITAL,330218,NY,READM-30-HIP-KNEE-HRRP,239,0.9996,18.0029,18.0099,43,01-07-2019,30-06-2022
OSWEGO HOSPITAL,330218,NY,READM-30-HF-HRRP,148,0.9982,21.0269,21.0642,31,01-07-2019,30-06-2022
OSWEGO HOSPITAL,330218,NY,READM-30-COPD-HRRP,64,0.9944,17.7436,17.8436,11,01-07-2019,30-06-2022
OSWEGO HOSPITAL,330218,NY,READM-30-CABG-HRRP,399,1.0466,18.999,18.1526,79,01-07-2019,30-06-2022
ERIE COUNTY MEDICAL CENTER,330219,NY,READM-30-PN-HRRP,453,1.0506,23.0873,21.9746,108,01-07-2019,30-06-2022
ERIE COUNTY MEDICAL CENTER,330219,NY,READM-30-HIP-KNEE-HRRP,176,0.9581,20.3772,21.2694,33,01-07-2019,30-06-2022
ERIE COUNTY MEDICAL CENTER,330219,NY,READM-30-HF-HRRP,288,1.0486,15.8357,15.1016,48,01-07-2019,30-06-2022
ERIE COUNTY MEDICAL CENTER,330219,NY,READM-30-COPD-HRRP,362,1.074,18.7954,17.5009,73,01-07-2019,30-06-2022
ERIE COUNTY MEDICAL CENTER,330219,NY,READM-30-AMI-HRRP,495,1.0964,22.9713,20.9512,120,01-07-2019,30-06-2022
WYCKOFF HEIGHTS MEDICAL CENTER,330221,NY,READM-30-PN-HRRP,303,1.0031,21.0546,20.99,64,01-07-2019,30-06-2022
WYCKOFF HEIGHTS MEDICAL CENTER,330221,NY,READM-30-HIP-KNEE-HRRP,137,0.9419,11.4678,12.175,14,01-07-2019,30-06-2022
WYCKOFF HEIGHTS MEDICAL CENTER,330221,NY,READM-30-HF-HRRP,332,1.0375,14.2155,13.7011,49,01-07-2019,30-06-2022
WYCKOFF HEIGHTS MEDICAL CENTER,330221,NY,READM-30-COPD-HRRP,235,1.0392,18.0154,17.3357,45,01-07-2019,30-06-2022
WYCKOFF HEIGHTS MEDICAL CENTER,330221,NY,READM-30-AMI-HRRP,320,0.8976,18.5016,20.6131,52,01-07-2019,30-06-2022
SARATOGA HOSPITAL,330222,NY,READM-30-PN-HRRP,159,1.0151,18.8845,18.6041,31,01-07-2019,30-06-2022
SARATOGA HOSPITAL,330222,NY,READM-30-HIP-KNEE-HRRP,123,0.9774,12.2708,12.5544,14,01-07-2019,30-06-2022
SARATOGA HOSPITAL,330222,NY,READM-30-COPD-HRRP,49,1.0412,19.086,18.3317,12,01-07-2019,30-06-2022
SARATOGA HOSPITAL,330222,NY,READM-30-AMI-HRRP,103,1.0377,17.9032,17.2531,21,01-07-2019,30-06-2022
MASSENA HOSPITAL,330223,NY,READM-30-PN-HRRP,83,1.0286,21.7892,21.1838,20,01-07-2019,30-06-2022
MASSENA HOSPITAL,330223,NY,READM-30-HIP-KNEE-HRRP,59,1.0033,18.2832,18.2231,11,01-07-2019,30-06-2022
MASSENA HOSPITAL,330223,NY,READM-30-HF-HRRP,622,0.9621,17.3114,17.9935,105,01-07-2019,30-06-2022
MASSENA HOSPITAL,330223,NY,READM-30-CABG-HRRP,801,0.9878,21.2022,21.4634,169,01-07-2019,30-06-2022
MASSENA HOSPITAL,330223,NY,READM-30-AMI-HRRP,305,0.9777,21.1527,21.6353,63,01-07-2019,30-06-2022
HEALTHALLIANCE HOSPITAL MARYS AVENUE CAMPUS,330224,NY,READM-30-PN-HRRP,256,1.3285,14.7794,11.1245,46,01-07-2019,30-06-2022
HEALTHALLIANCE HOSPITAL MARYS AVENUE CAMPUS,330224,NY,READM-30-HIP-KNEE-HRRP,557,1.1051,15.9781,14.4581,94,01-07-2019,30-06-2022
HEALTHALLIANCE HOSPITAL MARYS AVENUE CAMPUS,330224,NY,READM-30-HF-HRRP,326,0.9415,17.2322,18.3037,52,01-07-2019,30-06-2022
HEALTHALLIANCE HOSPITAL MARYS AVENUE CAMPUS,330224,NY,READM-30-COPD-HRRP,275,1.0489,22.0969,21.0677,64,01-07-2019,30-06-2022
HEALTHALLIANCE HOSPITAL MARYS AVENUE CAMPUS,330224,NY,READM-30-CABG-HRRP,152,1.0494,22.1795,21.135,37,01-07-2019,30-06-2022
HEALTHALLIANCE HOSPITAL MARYS AVENUE CAMPUS,330224,NY,READM-30-AMI-HRRP,64,1.0652,16.7977,15.7695,14,01-07-2019,30-06-2022
UNITY HOSPITAL,330226,NY,READM-30-PN-HRRP,139,0.9912,16.2625,16.4074,22,01-07-2019,30-06-2022
UNITY HOSPITAL,330226,NY,READM-30-HF-HRRP,248,1.111,21.7435,19.5718,61,01-07-2019,30-06-2022
UNITY HOSPITAL,330226,NY,READM-30-COPD-HRRP,67,0.9858,17.7753,18.031,11,01-07-2019,30-06-2022
UNITY HOSPITAL,330226,NY,READM-30-CABG-HRRP,90,1.0604,10.4304,9.8361,11,01-07-2019,30-06-2022
UNITY HOSPITAL,330226,NY,READM-30-AMI-HRRP,222,1.0151,13.6328,13.4296,31,01-07-2019,30-06-2022
"BROOKS-TLC HOSPITAL SYSTEM, INC",330229,NY,READM-30-PN-HRRP,163,1.0069,16.8891,16.7733,28,01-07-2019,30-06-2022
"BROOKS-TLC HOSPITAL SYSTEM, INC",330229,NY,READM-30-HF-HRRP,163,0.9561,18.9952,19.8677,28,01-07-2019,30-06-2022
"BROOKS-TLC HOSPITAL SYSTEM, INC",330229,NY,READM-30-COPD-HRRP,193,1.0876,20.96,19.271,46,01-07-2019,30-06-2022
"BROOKS-TLC HOSPITAL SYSTEM, INC",330229,NY,READM-30-AMI-HRRP,138,0.9616,15.6815,16.3077,19,01-07-2019,30-06-2022
QUEENS HOSPITAL CENTER,330231,NY,READM-30-PN-HRRP,134,0.9649,18.9288,19.6179,23,01-07-2019,30-06-2022
QUEENS HOSPITAL CENTER,330231,NY,READM-30-HF-HRRP,72,1.0124,16.8846,16.6774,13,01-07-2019,30-06-2022
QUEENS HOSPITAL CENTER,330231,NY,READM-30-CABG-HRRP,45,1.0374,21.1833,20.4191,12,01-07-2019,30-06-2022
BROOKDALE HOSPITAL MEDICAL CENTER,330233,NY,READM-30-PN-HRRP,333,0.9462,15.2335,16.1004,47,01-07-2019,30-06-2022
BROOKDALE HOSPITAL MEDICAL CENTER,330233,NY,READM-30-HIP-KNEE-HRRP,279,1.2266,4.6279,3.7731,16,01-07-2019,30-06-2022
BROOKDALE HOSPITAL MEDICAL CENTER,330233,NY,READM-30-HF-HRRP,242,1.0154,18.5938,18.3111,46,01-07-2019,30-06-2022
BROOKDALE HOSPITAL MEDICAL CENTER,330233,NY,READM-30-COPD-HRRP,115,1.0546,19.5886,18.574,26,01-07-2019,30-06-2022
BROOKDALE HOSPITAL MEDICAL CENTER,330233,NY,READM-30-AMI-HRRP,140,0.9337,17.7093,18.9666,20,01-07-2019,30-06-2022
WESTCHESTER MEDICAL CENTER,330234,NY,READM-30-PN-HRRP,130,1.0031,23.679,23.6057,31,01-07-2019,30-06-2022
WESTCHESTER MEDICAL CENTER,330234,NY,READM-30-HIP-KNEE-HRRP,115,0.9542,20.1124,21.0768,20,01-07-2019,30-06-2022
WESTCHESTER MEDICAL CENTER,330234,NY,READM-30-HF-HRRP,417,1.0684,18.0857,16.928,80,01-07-2019,30-06-2022
WESTCHESTER MEDICAL CENTER,330234,NY,READM-30-CABG-HRRP,314,1.1156,22.4796,20.1511,78,01-07-2019,30-06-2022
WESTCHESTER MEDICAL CENTER,330234,NY,READM-30-AMI-HRRP,118,1.2047,21.8125,18.1055,38,01-07-2019,30-06-2022
AUBURN  COMMUNITY  HOSPITAL,330235,NY,READM-30-HIP-KNEE-HRRP,241,1.128,14.9693,13.2708,42,01-07-2019,30-06-2022
AUBURN  COMMUNITY  HOSPITAL,330235,NY,READM-30-HF-HRRP,192,0.9686,17.3016,17.8631,31,01-07-2019,30-06-2022
AUBURN  COMMUNITY  HOSPITAL,330235,NY,READM-30-CABG-HRRP,164,1.0096,21.5572,21.3527,36,01-07-2019,30-06-2022
AUBURN  COMMUNITY  HOSPITAL,330235,NY,READM-30-AMI-HRRP,156,0.924,20.7401,22.445,27,01-07-2019,30-06-2022
NICHOLAS H NOYES MEMORIAL HOSPITAL,330238,NY,READM-30-PN-HRRP,492,1.0215,18.1954,17.8116,91,01-07-2019,30-06-2022
NICHOLAS H NOYES MEMORIAL HOSPITAL,330238,NY,READM-30-HF-HRRP,582,1.133,23.9541,21.143,148,01-07-2019,30-06-2022
NICHOLAS H NOYES MEMORIAL HOSPITAL,330238,NY,READM-30-COPD-HRRP,197,1.0145,21.8374,21.5247,44,01-07-2019,30-06-2022
NICHOLAS H NOYES MEMORIAL HOSPITAL,330238,NY,READM-30-CABG-HRRP,83,1.0438,11.7714,11.2773,11,01-07-2019,30-06-2022
NICHOLAS H NOYES MEMORIAL HOSPITAL,330238,NY,READM-30-AMI-HRRP,242,0.9404,12.3893,13.1749,27,01-07-2019,30-06-2022
UPMC CHAUTAUQUA AT WCA,330239,NY,READM-30-PN-HRRP,188,1.0954,21.505,19.632,47,01-07-2019,30-06-2022
UPMC CHAUTAUQUA AT WCA,330239,NY,READM-30-HF-HRRP,109,1.0895,26.48,24.3045,35,01-07-2019,30-06-2022
UPMC CHAUTAUQUA AT WCA,330239,NY,READM-30-CABG-HRRP,55,1.0365,16.7172,16.1284,11,01-07-2019,30-06-2022
UPMC CHAUTAUQUA AT WCA,330239,NY,READM-30-AMI-HRRP,381,1.0193,19.8532,19.4776,77,01-07-2019,30-06-2022
HARLEM HOSPITAL CENTER,330240,NY,READM-30-PN-HRRP,236,1.0996,24.7145,22.4763,65,01-07-2019,30-06-2022
HARLEM HOSPITAL CENTER,330240,NY,READM-30-HIP-KNEE-HRRP,156,1.0095,21.3909,21.1906,34,01-07-2019,30-06-2022
HARLEM HOSPITAL CENTER,330240,NY,READM-30-HF-HRRP,241,1.0638,16.9431,15.9268,44,01-07-2019,30-06-2022
UNIVERSITY HOSPITAL S U N Y HEALTH SCIENCE CENTER,330241,NY,READM-30-PN-HRRP,82,1.0362,15.4092,14.8713,15,01-07-2019,30-06-2022
UNIVERSITY HOSPITAL S U N Y HEALTH SCIENCE CENTER,330241,NY,READM-30-HIP-KNEE-HRRP,100,1.0216,20.5739,20.139,22,01-07-2019,30-06-2022
UNIVERSITY HOSPITAL S U N Y HEALTH SCIENCE CENTER,330241,NY,READM-30-COPD-HRRP,196,0.8601,13.7784,16.0199,17,01-07-2019,30-06-2022
UNIVERSITY HOSPITAL S U N Y HEALTH SCIENCE CENTER,330241,NY,READM-30-AMI-HRRP,254,0.8508,17.1405,20.1455,33,01-07-2019,30-06-2022
ST ELIZABETH MEDICAL CENTER,330245,NY,READM-30-HF-HRRP,410,1.0111,15.9163,15.7415,66,01-07-2019,30-06-2022
ST ELIZABETH MEDICAL CENTER,330245,NY,READM-30-CABG-HRRP,489,0.9049,17.2748,19.0898,78,01-07-2019,30-06-2022
ST ELIZABETH MEDICAL CENTER,330245,NY,READM-30-AMI-HRRP,151,0.9727,17.7239,18.2209,25,01-07-2019,30-06-2022
ST CHARLES HOSPITAL,330246,NY,READM-30-HIP-KNEE-HRRP,168,1.0168,13.7999,13.5715,24,01-07-2019,30-06-2022
ST CHARLES HOSPITAL,330246,NY,READM-30-CABG-HRRP,173,0.8651,16.3842,18.9395,19,01-07-2019,30-06-2022
CHAMPLAIN VALLEY PHYSICIANS HOSPITAL MEDICAL CTR,330250,NY,READM-30-HF-HRRP,88,0.9633,15.3627,15.9477,11,01-07-2019,30-06-2022
CHAMPLAIN VALLEY PHYSICIANS HOSPITAL MEDICAL CTR,330250,NY,READM-30-COPD-HRRP,98,0.9757,17.9506,18.3976,16,01-07-2019,30-06-2022
CHAMPLAIN VALLEY PHYSICIANS HOSPITAL MEDICAL CTR,330250,NY,READM-30-CABG-HRRP,153,0.9045,15.5582,17.2009,17,01-07-2019,30-06-2022
MERCY MEDICAL CENTER,330259,NY,READM-30-PN-HRRP,189,0.9755,20.9908,21.5181,38,01-07-2019,30-06-2022
MERCY MEDICAL CENTER,330259,NY,READM-30-HIP-KNEE-HRRP,60,0.9998,20.0257,20.0303,12,01-07-2019,30-06-2022
PHELPS MEMORIAL HOSPITAL CENTER,330261,NY,READM-30-HIP-KNEE-HRRP,92,0.9657,17.6682,18.2958,14,01-07-2019,30-06-2022
PHELPS MEMORIAL HOSPITAL CENTER,330261,NY,READM-30-COPD-HRRP,197,1.0588,16.7994,15.8665,37,01-07-2019,30-06-2022
PHELPS MEMORIAL HOSPITAL CENTER,330261,NY,READM-30-AMI-HRRP,183,1.0666,20.0655,18.812,41,01-07-2019,30-06-2022
ST LUKE'S CORNWALL HOSPITAL,330264,NY,READM-30-PN-HRRP,85,0.953,16.4738,17.2864,11,01-07-2019,30-06-2022
ST LUKE'S CORNWALL HOSPITAL,330264,NY,READM-30-COPD-HRRP,75,1.0138,16.0901,15.8717,13,01-07-2019,30-06-2022
ST LUKE'S CORNWALL HOSPITAL,330264,NY,READM-30-AMI-HRRP,131,1.0369,18.8186,18.1487,27,01-07-2019,30-06-2022
CLIFTON SPRINGS HOSPITAL AND CLINIC,330265,NY,READM-30-HF-HRRP,181,0.9374,15.0958,16.1046,23,01-07-2019,30-06-2022
CLIFTON SPRINGS HOSPITAL AND CLINIC,330265,NY,READM-30-CABG-HRRP,401,0.8873,16.6309,18.7425,59,01-07-2019,30-06-2022
CLIFTON SPRINGS HOSPITAL AND CLINIC,330265,NY,READM-30-AMI-HRRP,110,1.05,18.0804,17.2188,23,01-07-2019,30-06-2022
HUDSON VALLEY HOSPITAL CENTER,330267,NY,READM-30-HIP-KNEE-HRRP,312,0.975,11.2801,11.5692,34,01-07-2019,30-06-2022
HUDSON VALLEY HOSPITAL CENTER,330267,NY,READM-30-CABG-HRRP,92,1.082,20.4429,18.8932,24,01-07-2019,30-06-2022
HOSPITAL FOR SPECIAL SURGERY,330270,NY,READM-30-HIP-KNEE-HRRP,72,1.0158,19.4028,19.1016,15,01-07-2019,30-06-2022
HOSPITAL FOR SPECIAL SURGERY,330270,NY,READM-30-CABG-HRRP,129,0.919,19.0773,20.7584,19,01-07-2019,30-06-2022
PUTNAM HOSPITAL CENTER,330273,NY,READM-30-PN-HRRP,168,1.0282,16.7309,16.2714,30,01-07-2019,30-06-2022
PUTNAM HOSPITAL CENTER,330273,NY,READM-30-HF-HRRP,289,1.0567,20.5375,19.4362,63,01-07-2019,30-06-2022
PUTNAM HOSPITAL CENTER,330273,NY,READM-30-COPD-HRRP,87,0.9528,16.0949,16.8914,11,01-07-2019,30-06-2022
PUTNAM HOSPITAL CENTER,330273,NY,READM-30-CABG-HRRP,62,1.163,13.9651,12.0077,13,01-07-2019,30-06-2022
PUTNAM HOSPITAL CENTER,330273,NY,READM-30-AMI-HRRP,157,1.0482,13.2073,12.5997,23,01-07-2019,30-06-2022
NATHAN LITTAUER HOSPITAL,330276,NY,READM-30-AMI-HRRP,71,1.0425,18.7138,17.9511,16,01-07-2019,30-06-2022
MERCY HOSPITAL OF BUFFALO,330279,NY,READM-30-HF-HRRP,122,0.9367,19.1138,20.4045,19,01-07-2019,30-06-2022
MERCY HOSPITAL OF BUFFALO,330279,NY,READM-30-AMI-HRRP,180,0.9253,11.5105,12.4397,17,01-07-2019,30-06-2022
STRONG MEMORIAL HOSPITAL,330285,NY,READM-30-PN-HRRP,117,0.9687,17.2485,17.8053,18,01-07-2019,30-06-2022
STRONG MEMORIAL HOSPITAL,330285,NY,READM-30-HIP-KNEE-HRRP,213,1.0363,22.7927,21.9943,51,01-07-2019,30-06-2022
STRONG MEMORIAL HOSPITAL,330285,NY,READM-30-HF-HRRP,59,0.9677,22.4547,23.2032,11,01-07-2019,30-06-2022
STRONG MEMORIAL HOSPITAL,330285,NY,READM-30-COPD-HRRP,76,1.0967,12.3576,11.2684,12,01-07-2019,30-06-2022
STRONG MEMORIAL HOSPITAL,330285,NY,READM-30-CABG-HRRP,122,1.0391,14.0402,13.5122,19,01-07-2019,30-06-2022
STRONG MEMORIAL HOSPITAL,330285,NY,READM-30-AMI-HRRP,89,0.9605,15.3969,16.0308,11,01-07-2019,30-06-2022
GOOD SAMARITAN HOSPITAL MEDICAL CENTER,330286,NY,READM-30-PN-HRRP,96,0.9913,19.349,19.5185,18,01-07-2019,30-06-2022
GOOD SAMARITAN HOSPITAL MEDICAL CENTER,330286,NY,READM-30-COPD-HRRP,103,0.9812,20.6492,21.0449,20,01-07-2019,30-06-2022
GOOD SAMARITAN HOSPITAL MEDICAL CENTER,330286,NY,READM-30-CABG-HRRP,112,0.9626,15.71,16.3201,15,01-07-2019,30-06-2022
WHITE PLAINS HOSPITAL CENTER,330304,NY,READM-30-PN-HRRP,126,1.0164,19.0002,18.6934,25,01-07-2019,30-06-2022
WHITE PLAINS HOSPITAL CENTER,330304,NY,READM-30-COPD-HRRP,97,1.0147,16.5077,16.2687,17,01-07-2019,30-06-2022
WHITE PLAINS HOSPITAL CENTER,330304,NY,READM-30-AMI-HRRP,220,1.0586,20.1036,18.9901,48,01-07-2019,30-06-2022
CAYUGA MEDICAL CENTER AT ITHACA,330307,NY,READM-30-HIP-KNEE-HRRP,126,1.0005,15.8453,15.8371,20,01-07-2019,30-06-2022
CAYUGA MEDICAL CENTER AT ITHACA,330307,NY,READM-30-COPD-HRRP,194,1.0204,19.4181,19.0306,39,01-07-2019,30-06-2022
CAYUGA MEDICAL CENTER AT ITHACA,330307,NY,READM-30-CABG-HRRP,94,0.9243,18.2218,19.7139,12,01-07-2019,30-06-2022
PLAINVIEW HOSPITAL,330331,NY,READM-30-HIP-KNEE-HRRP,248,1.0272,17.8006,17.3292,46,01-07-2019,30-06-2022
PLAINVIEW HOSPITAL,330331,NY,READM-30-COPD-HRRP,463,0.8878,17.656,19.8873,74,01-07-2019,30-06-2022
PLAINVIEW HOSPITAL,330331,NY,READM-30-CABG-HRRP,111,0.9088,19.1885,21.1142,15,01-07-2019,30-06-2022
PLAINVIEW HOSPITAL,330331,NY,READM-30-AMI-HRRP,99,1.0677,12.2589,11.4816,14,01-07-2019,30-06-2022
CHSLI ST JOSEPH HOSPITAL,330332,NY,READM-30-PN-HRRP,201,0.9352,12.5599,13.4299,22,01-07-2019,30-06-2022
CHSLI ST JOSEPH HOSPITAL,330332,NY,READM-30-COPD-HRRP,131,0.9159,14.3979,15.7199,13,01-07-2019,30-06-2022
CHSLI ST JOSEPH HOSPITAL,330332,NY,READM-30-AMI-HRRP,136,0.9171,18.1245,19.7638,19,01-07-2019,30-06-2022
SUNY/DOWNSTATE UNIVERSITY HOSPITAL OF BROOKLYN,330350,NY,READM-30-HF-HRRP,96,1.0113,12.98,12.8352,13,01-07-2019,30-06-2022
GARNET HEALTH  MEDICAL CENTER CATSKILLS - (CSK),330386,NY,READM-30-PN-HRRP,56,1.0021,19.3805,19.3405,11,01-07-2019,30-06-2022
GARNET HEALTH  MEDICAL CENTER CATSKILLS - (CSK),330386,NY,READM-30-HIP-KNEE-HRRP,80,0.9592,18.3866,19.1693,12,01-07-2019,30-06-2022
GARNET HEALTH  MEDICAL CENTER CATSKILLS - (CSK),330386,NY,READM-30-CABG-HRRP,309,0.9695,15.2355,15.7148,45,01-07-2019,30-06-2022
SUNY/STONY BROOK UNIVERSITY HOSPITAL,330393,NY,READM-30-PN-HRRP,446,0.8754,16.9647,19.3802,67,01-07-2019,30-06-2022
SUNY/STONY BROOK UNIVERSITY HOSPITAL,330393,NY,READM-30-HIP-KNEE-HRRP,114,0.9785,17.8995,18.2935,19,01-07-2019,30-06-2022
SUNY/STONY BROOK UNIVERSITY HOSPITAL,330393,NY,READM-30-HF-HRRP,152,0.9001,9.1429,10.1578,11,01-07-2019,30-06-2022
SUNY/STONY BROOK UNIVERSITY HOSPITAL,330393,NY,READM-30-COPD-HRRP,341,0.9886,12.772,12.9199,43,01-07-2019,30-06-2022
SUNY/STONY BROOK UNIVERSITY HOSPITAL,330393,NY,READM-30-CABG-HRRP,141,0.8749,14.1154,16.1342,11,01-07-2019,30-06-2022
"UNITED HEALTH SERVICES HOSPITALS, INC",330394,NY,READM-30-PN-HRRP,309,0.9429,18.3983,19.5131,53,01-07-2019,30-06-2022
"UNITED HEALTH SERVICES HOSPITALS, INC",330394,NY,READM-30-COPD-HRRP,191,0.8849,10.8931,12.31,15,01-07-2019,30-06-2022
"UNITED HEALTH SERVICES HOSPITALS, INC",330394,NY,READM-30-CABG-HRRP,129,0.9632,15.9205,16.528,18,01-07-2019,30-06-2022
ST JOHN'S EPISCOPAL HOSPITAL AT SOUTH SHORE,330395,NY,READM-30-PN-HRRP,187,1.0022,18.6405,18.6,35,01-07-2019,30-06-2022
ST JOHN'S EPISCOPAL HOSPITAL AT SOUTH SHORE,330395,NY,READM-30-COPD-HRRP,356,1.0487,16.5146,15.747,62,01-07-2019,30-06-2022
ST JOHN'S EPISCOPAL HOSPITAL AT SOUTH SHORE,330395,NY,READM-30-CABG-HRRP,521,0.965,18.6851,19.3618,95,01-07-2019,30-06-2022
WOODHULL MEDICAL & MENTAL HEALTH CENTER,330396,NY,READM-30-PN-HRRP,100,0.9914,13.4178,13.5339,13,01-07-2019,30-06-2022
WOODHULL MEDICAL & MENTAL HEALTH CENTER,330396,NY,READM-30-COPD-HRRP,77,1.0023,19.2877,19.244,15,01-07-2019,30-06-2022
ST BARNABAS HOSPITAL,330399,NY,READM-30-PN-HRRP,609,0.8227,2.6112,3.174,13,01-07-2019,30-06-2022
ST BARNABAS HOSPITAL,330399,NY,READM-30-HF-HRRP,309,1.1522,19.7822,17.169,71,01-07-2019,30-06-2022
ST BARNABAS HOSPITAL,330399,NY,READM-30-CABG-HRRP,257,0.9597,17.7712,18.5171,43,01-07-2019,30-06-2022
ST BARNABAS HOSPITAL,330399,NY,READM-30-AMI-HRRP,98,1.0763,20.5816,19.1229,25,01-07-2019,30-06-2022
ST CATHERINE OF SIENA HOSPITAL MEDICAL CENTER,330401,NY,READM-30-PN-HRRP,94,1.0082,13.4098,13.3007,13,01-07-2019,30-06-2022
ST CATHERINE OF SIENA HOSPITAL MEDICAL CENTER,330401,NY,READM-30-AMI-HRRP,374,0.9984,16.3402,16.3671,61,01-07-2019,30-06-2022
HELEN HAYES HOSPITAL,330405,NY,READM-30-HIP-KNEE-HRRP,532,1.0845,21.7199,20.0275,121,01-07-2019,30-06-2022
HELEN HAYES HOSPITAL,330405,NY,READM-30-HF-HRRP,93,1.0133,18.4384,18.197,18,01-07-2019,30-06-2022
HELEN HAYES HOSPITAL,330405,NY,READM-30-COPD-HRRP,133,0.9964,9.0966,9.1296,12,01-07-2019,30-06-2022
HELEN HAYES HOSPITAL,330405,NY,READM-30-CABG-HRRP,311,0.9922,11.6957,11.7879,36,01-07-2019,30-06-2022
HELEN HAYES HOSPITAL,330405,NY,READM-30-AMI-HRRP,112,0.9404,16.2702,17.3012,14,01-07-2019,30-06-2022
SUNNYVIEW HOSPITAL AND REHABILITATION CENTER,330406,NY,READM-30-PN-HRRP,208,0.9955,20.3387,20.4307,42,01-07-2019,30-06-2022
SUNNYVIEW HOSPITAL AND REHABILITATION CENTER,330406,NY,READM-30-HF-HRRP,91,0.9878,14.9651,15.1495,13,01-07-2019,30-06-2022
SUNNYVIEW HOSPITAL AND REHABILITATION CENTER,330406,NY,READM-30-CABG-HRRP,134,0.8993,18.6618,20.7511,18,01-07-2019,30-06-2022
UNITY SPECIALTY HOSPITAL,330411,NY,READM-30-PN-HRRP,182,1.0698,17.2398,16.1152,36,01-07-2019,30-06-2022
UNITY SPECIALTY HOSPITAL,330411,NY,READM-30-HF-HRRP,336,1.145,21.1398,18.4627,80,01-07-2019,30-06-2022
UNITY SPECIALTY HOSPITAL,330411,NY,READM-30-COPD-HRRP,92,0.9706,18.418,18.9755,15,01-07-2019,30-06-2022
UNITY SPECIALTY HOSPITAL,330411,NY,READM-30-AMI-HRRP,91,1.0278,15.577,15.1554,16,01-07-2019,30-06-2022
CAROLINAS MEDICAL CENTER-NORTHEAST,340001,NC,READM-30-HIP-KNEE-HRRP,108,1.067,19.2666,18.0569,25,01-07-2019,30-06-2022
CAROLINAS MEDICAL CENTER-NORTHEAST,340001,NC,READM-30-CABG-HRRP,191,1.1145,18.6014,16.6903,43,01-07-2019,30-06-2022
CAROLINAS MEDICAL CENTER-NORTHEAST,340001,NC,READM-30-AMI-HRRP,160,1.1008,23.4095,21.2665,44,01-07-2019,30-06-2022
MEMORIAL MISSION HOSPITAL AND ASHEVILLE SURGERY CE,340002,NC,READM-30-PN-HRRP,71,0.9645,20.2602,21.005,12,01-07-2019,30-06-2022
MEMORIAL MISSION HOSPITAL AND ASHEVILLE SURGERY CE,340002,NC,READM-30-COPD-HRRP,101,0.9478,16.245,17.1399,13,01-07-2019,30-06-2022
NORTHERN REGIONAL HOSPITAL,340003,NC,READM-30-PN-HRRP,203,0.9819,15.8744,16.1665,31,01-07-2019,30-06-2022
NORTHERN REGIONAL HOSPITAL,340003,NC,READM-30-HF-HRRP,323,0.8845,17.0165,19.2382,47,01-07-2019,30-06-2022
NORTHERN REGIONAL HOSPITAL,340003,NC,READM-30-COPD-HRRP,73,0.9709,19.0692,19.6403,12,01-07-2019,30-06-2022
NORTHERN REGIONAL HOSPITAL,340003,NC,READM-30-CABG-HRRP,93,1.021,12.9022,12.6369,13,01-07-2019,30-06-2022
NORTHERN REGIONAL HOSPITAL,340003,NC,READM-30-AMI-HRRP,426,1.0066,18.2026,18.0835,78,01-07-2019,30-06-2022
HIGH POINT REGIONAL HEALTH SYSTEM,340004,NC,READM-30-PN-HRRP,148,1.108,6.3481,5.7294,11,01-07-2019,30-06-2022
HIGH POINT REGIONAL HEALTH SYSTEM,340004,NC,READM-30-HIP-KNEE-HRRP,1097,0.9631,21.0159,21.8216,228,01-07-2019,30-06-2022
HIGH POINT REGIONAL HEALTH SYSTEM,340004,NC,READM-30-HF-HRRP,202,0.9706,20.7932,21.4236,40,01-07-2019,30-06-2022
HIGH POINT REGIONAL HEALTH SYSTEM,340004,NC,READM-30-COPD-HRRP,276,1.047,12.5664,12.0027,36,01-07-2019,30-06-2022
HIGH POINT REGIONAL HEALTH SYSTEM,340004,NC,READM-30-CABG-HRRP,447,0.9658,14.4799,14.9924,63,01-07-2019,30-06-2022
HIGH POINT REGIONAL HEALTH SYSTEM,340004,NC,READM-30-AMI-HRRP,180,0.9533,15.1167,15.8573,24,01-07-2019,30-06-2022
SCOTLAND MEMORIAL HOSPITAL,340008,NC,READM-30-HIP-KNEE-HRRP,225,0.8771,17.5742,20.037,31,01-07-2019,30-06-2022
SCOTLAND MEMORIAL HOSPITAL,340008,NC,READM-30-COPD-HRRP,120,0.9141,15.0665,16.4831,12,01-07-2019,30-06-2022
SCOTLAND MEMORIAL HOSPITAL,340008,NC,READM-30-AMI-HRRP,182,0.9005,16.3086,18.1107,23,01-07-2019,30-06-2022
WAYNE MEMORIAL HOSPITAL,340010,NC,READM-30-HF-HRRP,159,0.9057,10.4749,11.5655,12,01-07-2019,30-06-2022
WAYNE MEMORIAL HOSPITAL,340010,NC,READM-30-COPD-HRRP,334,1.007,18.7141,18.5837,63,01-07-2019,30-06-2022
WAYNE MEMORIAL HOSPITAL,340010,NC,READM-30-CABG-HRRP,532,1.0117,22.0307,21.7756,118,01-07-2019,30-06-2022
WAYNE MEMORIAL HOSPITAL,340010,NC,READM-30-AMI-HRRP,175,1.0104,22.4464,22.2145,40,01-07-2019,30-06-2022
RUTHERFORD REGIONAL MEDICAL CENTER,340013,NC,READM-30-HIP-KNEE-HRRP,163,1.1192,15.5665,13.9087,31,01-07-2019,30-06-2022
RUTHERFORD REGIONAL MEDICAL CENTER,340013,NC,READM-30-HF-HRRP,162,1.0152,17.2616,17.0029,29,01-07-2019,30-06-2022
RUTHERFORD REGIONAL MEDICAL CENTER,340013,NC,READM-30-CABG-HRRP,208,0.9526,19.3391,20.302,37,01-07-2019,30-06-2022
NOVANT HEALTH FORSYTH MEDICAL CENTER,340014,NC,READM-30-HIP-KNEE-HRRP,106,0.933,16.7532,17.9569,13,01-07-2019,30-06-2022
NOVANT HEALTH FORSYTH MEDICAL CENTER,340014,NC,READM-30-COPD-HRRP,143,0.9518,20.5108,21.5498,26,01-07-2019,30-06-2022
NOVANT HEALTH ROWAN MEDICAL CENTER,340015,NC,READM-30-HIP-KNEE-HRRP,566,0.7774,2.9652,3.8144,13,01-07-2019,30-06-2022
NOVANT HEALTH ROWAN MEDICAL CENTER,340015,NC,READM-30-COPD-HRRP,80,0.978,18.1969,18.607,13,01-07-2019,30-06-2022
NOVANT HEALTH ROWAN MEDICAL CENTER,340015,NC,READM-30-CABG-HRRP,109,0.9605,18.9457,19.7249,18,01-07-2019,30-06-2022
HARRIS REGIONAL HOSPITAL,340016,NC,READM-30-HIP-KNEE-HRRP,87,1.005,15.705,15.6273,14,01-07-2019,30-06-2022
HARRIS REGIONAL HOSPITAL,340016,NC,READM-30-HF-HRRP,152,0.9681,18.4999,19.1095,26,01-07-2019,30-06-2022
HARRIS REGIONAL HOSPITAL,340016,NC,READM-30-AMI-HRRP,181,1.0182,13.3296,13.0915,25,01-07-2019,30-06-2022
MARGARET R PARDEE MEMORIAL HOSPITAL,340017,NC,READM-30-PN-HRRP,347,1.0553,4.3758,4.1464,16,01-07-2019,30-06-2022
MARGARET R PARDEE MEMORIAL HOSPITAL,340017,NC,READM-30-COPD-HRRP,157,0.9217,18.0317,19.5642,23,01-07-2019,30-06-2022
MARGARET R PARDEE MEMORIAL HOSPITAL,340017,NC,READM-30-AMI-HRRP,99,0.9799,13.1259,13.3945,12,01-07-2019,30-06-2022
CENTRAL CAROLINA HOSPITAL,340020,NC,READM-30-PN-HRRP,215,0.9427,15.8151,16.7771,30,01-07-2019,30-06-2022
CENTRAL CAROLINA HOSPITAL,340020,NC,READM-30-HF-HRRP,270,1.0531,21.674,20.5817,62,01-07-2019,30-06-2022
CENTRAL CAROLINA HOSPITAL,340020,NC,READM-30-AMI-HRRP,111,0.9598,11.6733,12.1625,11,01-07-2019,30-06-2022
ATRIUM HEALTH CLEVELAND,340021,NC,READM-30-PN-HRRP,73,1.0516,15.9194,15.1386,15,01-07-2019,30-06-2022
ATRIUM HEALTH CLEVELAND,340021,NC,READM-30-HF-HRRP,84,1.0217,19.7325,19.3131,18,01-07-2019,30-06-2022
ATRIUM HEALTH CLEVELAND,340021,NC,READM-30-CABG-HRRP,84,0.9661,17.1168,17.718,12,01-07-2019,30-06-2022
ADVENTHEALTH HENDERSONVILLE,340023,NC,READM-30-PN-HRRP,78,0.9872,19.0284,19.2747,14,01-07-2019,30-06-2022
ADVENTHEALTH HENDERSONVILLE,340023,NC,READM-30-CABG-HRRP,61,1.0288,18.3073,17.794,13,01-07-2019,30-06-2022
SAMPSON REGIONAL MEDICAL CENTER,340024,NC,READM-30-PN-HRRP,71,0.998,18.4954,18.5329,13,01-07-2019,30-06-2022
SAMPSON REGIONAL MEDICAL CENTER,340024,NC,READM-30-COPD-HRRP,176,0.9664,13.7756,14.2552,22,01-07-2019,30-06-2022
SAMPSON REGIONAL MEDICAL CENTER,340024,NC,READM-30-AMI-HRRP,113,0.95,15.2221,16.0228,14,01-07-2019,30-06-2022
UNC LENOIR HEALTH CARE,340027,NC,READM-30-HF-HRRP,113,1.0036,13.9505,13.9001,16,01-07-2019,30-06-2022
CAPE FEAR VALLEY MEDICAL CENTER,340028,NC,READM-30-COPD-HRRP,356,1.008,15.8614,15.7358,57,01-07-2019,30-06-2022
CAPE FEAR VALLEY MEDICAL CENTER,340028,NC,READM-30-AMI-HRRP,441,0.8232,15.7518,19.1355,57,01-07-2019,30-06-2022
DUKE UNIVERSITY HOSPITAL,340030,NC,READM-30-PN-HRRP,169,0.866,16.6898,19.2729,19,01-07-2019,30-06-2022
DUKE UNIVERSITY HOSPITAL,340030,NC,READM-30-HF-HRRP,214,0.9575,10.7757,11.2545,21,01-07-2019,30-06-2022
DUKE UNIVERSITY HOSPITAL,340030,NC,READM-30-COPD-HRRP,360,0.9238,13.9541,15.1054,45,01-07-2019,30-06-2022
DUKE UNIVERSITY HOSPITAL,340030,NC,READM-30-AMI-HRRP,324,0.9523,17.33,18.1988,53,01-07-2019,30-06-2022
CAROMONT REGIONAL MEDICAL CENTER,340032,NC,READM-30-PN-HRRP,161,0.9284,16.577,17.8552,22,01-07-2019,30-06-2022
CAROMONT REGIONAL MEDICAL CENTER,340032,NC,READM-30-HIP-KNEE-HRRP,173,0.9955,11.684,11.7367,20,01-07-2019,30-06-2022
ECU HEALTH MEDICAL CENTER,340040,NC,READM-30-HF-HRRP,239,0.9372,15.2203,16.241,32,01-07-2019,30-06-2022
ECU HEALTH MEDICAL CENTER,340040,NC,READM-30-COPD-HRRP,254,1.1108,22.3845,20.1514,64,01-07-2019,30-06-2022
ECU HEALTH MEDICAL CENTER,340040,NC,READM-30-CABG-HRRP,81,0.9651,20.2155,20.9476,14,01-07-2019,30-06-2022
CALDWELL MEMORIAL HOSPITAL,340041,NC,READM-30-PN-HRRP,118,0.9482,12.3604,13.0357,12,01-07-2019,30-06-2022
CALDWELL MEMORIAL HOSPITAL,340041,NC,READM-30-HF-HRRP,438,0.9129,18.9557,20.7639,77,01-07-2019,30-06-2022
CALDWELL MEMORIAL HOSPITAL,340041,NC,READM-30-COPD-HRRP,363,0.8799,9.5175,10.8168,31,01-07-2019,30-06-2022
CALDWELL MEMORIAL HOSPITAL,340041,NC,READM-30-CABG-HRRP,430,0.9505,12.6658,13.325,52,01-07-2019,30-06-2022
CALDWELL MEMORIAL HOSPITAL,340041,NC,READM-30-AMI-HRRP,105,0.9875,17.0163,17.2312,17,01-07-2019,30-06-2022
ONSLOW MEMORIAL HOSPITAL,340042,NC,READM-30-PN-HRRP,89,1.0112,19.3995,19.1845,18,01-07-2019,30-06-2022
ONSLOW MEMORIAL HOSPITAL,340042,NC,READM-30-HF-HRRP,279,0.9407,15.0936,16.0454,38,01-07-2019,30-06-2022
ONSLOW MEMORIAL HOSPITAL,340042,NC,READM-30-CABG-HRRP,380,0.9714,18.9231,19.4807,70,01-07-2019,30-06-2022
ONSLOW MEMORIAL HOSPITAL,340042,NC,READM-30-AMI-HRRP,95,1.0539,22.5754,21.4199,25,01-07-2019,30-06-2022
NORTH CAROLINA BAPTIST HOSPITAL,340047,NC,READM-30-HIP-KNEE-HRRP,205,1.0427,13.159,12.62,29,01-07-2019,30-06-2022
NORTH CAROLINA BAPTIST HOSPITAL,340047,NC,READM-30-HF-HRRP,206,0.9145,15.5801,17.0361,26,01-07-2019,30-06-2022
NORTH CAROLINA BAPTIST HOSPITAL,340047,NC,READM-30-COPD-HRRP,193,1.0154,20.1975,19.8907,40,01-07-2019,30-06-2022
NORTH CAROLINA SPECIALTY HOSPITAL,340049,NC,READM-30-HIP-KNEE-HRRP,196,0.953,14.3804,15.089,25,01-07-2019,30-06-2022
NORTH CAROLINA SPECIALTY HOSPITAL,340049,NC,READM-30-COPD-HRRP,123,1.0047,19.2631,19.174,24,01-07-2019,30-06-2022
NORTH CAROLINA SPECIALTY HOSPITAL,340049,NC,READM-30-CABG-HRRP,61,1.012,18.4148,18.1956,12,01-07-2019,30-06-2022
NORTH CAROLINA SPECIALTY HOSPITAL,340049,NC,READM-30-AMI-HRRP,79,1.0522,13.3079,12.6478,13,01-07-2019,30-06-2022
SOUTHEASTERN REGIONAL MEDICAL CENTER,340050,NC,READM-30-PN-HRRP,176,0.9682,15.4328,15.9389,25,01-07-2019,30-06-2022
SOUTHEASTERN REGIONAL MEDICAL CENTER,340050,NC,READM-30-HIP-KNEE-HRRP,114,0.937,18.6731,19.9295,17,01-07-2019,30-06-2022
SOUTHEASTERN REGIONAL MEDICAL CENTER,340050,NC,READM-30-HF-HRRP,45,1.0564,18.8229,17.8185,12,01-07-2019,30-06-2022
SOUTHEASTERN REGIONAL MEDICAL CENTER,340050,NC,READM-30-COPD-HRRP,129,0.9386,15.7398,16.7696,16,01-07-2019,30-06-2022
SOUTHEASTERN REGIONAL MEDICAL CENTER,340050,NC,READM-30-CABG-HRRP,137,0.9313,17.9832,19.3095,20,01-07-2019,30-06-2022
SOUTHEASTERN REGIONAL MEDICAL CENTER,340050,NC,READM-30-AMI-HRRP,63,1.0064,16.9391,16.8322,11,01-07-2019,30-06-2022
WATAUGA MEDICAL CENTER,340051,NC,READM-30-PN-HRRP,811,0.7179,2.3333,3.2502,14,01-07-2019,30-06-2022
WATAUGA MEDICAL CENTER,340051,NC,READM-30-HIP-KNEE-HRRP,111,1.0202,19.4285,19.0444,23,01-07-2019,30-06-2022
WATAUGA MEDICAL CENTER,340051,NC,READM-30-HF-HRRP,82,1.0321,20.5917,19.9505,19,01-07-2019,30-06-2022
WATAUGA MEDICAL CENTER,340051,NC,READM-30-CABG-HRRP,291,1.046,16.823,16.0839,52,01-07-2019,30-06-2022
NOVANT HEALTH PRESBYTERIAN MEDICAL CENTER,340053,NC,READM-30-PN-HRRP,378,0.8662,16.7491,19.3368,54,01-07-2019,30-06-2022
NOVANT HEALTH PRESBYTERIAN MEDICAL CENTER,340053,NC,READM-30-HIP-KNEE-HRRP,83,1.0046,17.7198,17.6386,15,01-07-2019,30-06-2022
NOVANT HEALTH PRESBYTERIAN MEDICAL CENTER,340053,NC,READM-30-COPD-HRRP,147,0.9735,13.1351,13.4926,18,01-07-2019,30-06-2022
NOVANT HEALTH PRESBYTERIAN MEDICAL CENTER,340053,NC,READM-30-CABG-HRRP,275,1.0935,17.7646,16.2461,55,01-07-2019,30-06-2022
NOVANT HEALTH PRESBYTERIAN MEDICAL CENTER,340053,NC,READM-30-AMI-HRRP,187,0.9735,20.2166,20.7678,36,01-07-2019,30-06-2022
UNC ROCKINGHAM,340060,NC,READM-30-PN-HRRP,83,1.0117,19.5598,19.3341,17,01-07-2019,30-06-2022
UNC ROCKINGHAM,340060,NC,READM-30-HF-HRRP,102,1.0956,13.3076,12.146,18,01-07-2019,30-06-2022
UNC ROCKINGHAM,340060,NC,READM-30-CABG-HRRP,138,1.0323,16.5533,16.0359,25,01-07-2019,30-06-2022
UNC ROCKINGHAM,340060,NC,READM-30-AMI-HRRP,141,0.9683,18.5251,19.1315,24,01-07-2019,30-06-2022
UNIVERSITY OF NORTH CAROLINA HOSPITAL,340061,NC,READM-30-PN-HRRP,72,0.9597,19.0589,19.8602,11,01-07-2019,30-06-2022
UNIVERSITY OF NORTH CAROLINA HOSPITAL,340061,NC,READM-30-CABG-HRRP,777,0.9602,3.2957,3.4322,25,01-07-2019,30-06-2022
UNIVERSITY OF NORTH CAROLINA HOSPITAL,340061,NC,READM-30-AMI-HRRP,195,0.9708,14.3425,14.7747,26,01-07-2019,30-06-2022
WILKES REGIONAL MEDICAL CENTER,340064,NC,READM-30-HIP-KNEE-HRRP,70,1.0438,18.8623,18.0707,16,01-07-2019,30-06-2022
WILKES REGIONAL MEDICAL CENTER,340064,NC,READM-30-COPD-HRRP,400,1.0229,3.4152,3.3386,14,01-07-2019,30-06-2022
WILKES REGIONAL MEDICAL CENTER,340064,NC,READM-30-CABG-HRRP,82,1.031,18.3281,17.7763,17,01-07-2019,30-06-2022
COLUMBUS REGIONAL HEALTHCARE SYSTEM,340068,NC,READM-30-HIP-KNEE-HRRP,294,1.1429,4.4133,3.8614,15,01-07-2019,30-06-2022
COLUMBUS REGIONAL HEALTHCARE SYSTEM,340068,NC,READM-30-HF-HRRP,70,1.0499,19.2915,18.3755,17,01-07-2019,30-06-2022
COLUMBUS REGIONAL HEALTHCARE SYSTEM,340068,NC,READM-30-COPD-HRRP,67,1.1098,23.6555,21.3147,23,01-07-2019,30-06-2022
"WAKEMED, RALEIGH CAMPUS",340069,NC,READM-30-PN-HRRP,236,1.2333,4.5792,3.7129,14,01-07-2019,30-06-2022
"WAKEMED, RALEIGH CAMPUS",340069,NC,READM-30-HIP-KNEE-HRRP,344,0.9851,16.5769,16.8272,56,01-07-2019,30-06-2022
"WAKEMED, RALEIGH CAMPUS",340069,NC,READM-30-COPD-HRRP,387,1.0063,20.5623,20.4327,80,01-07-2019,30-06-2022
"WAKEMED, RALEIGH CAMPUS",340069,NC,READM-30-CABG-HRRP,96,0.956,17.5966,18.4074,14,01-07-2019,30-06-2022
ALAMANCE REGIONAL MEDICAL CENTER,340070,NC,READM-30-PN-HRRP,83,1.0041,14.2105,14.152,12,01-07-2019,30-06-2022
ALAMANCE REGIONAL MEDICAL CENTER,340070,NC,READM-30-COPD-HRRP,129,1.0777,16.9917,15.7672,27,01-07-2019,30-06-2022
ALAMANCE REGIONAL MEDICAL CENTER,340070,NC,READM-30-CABG-HRRP,112,1.0835,21.1063,19.4795,29,01-07-2019,30-06-2022
ALAMANCE REGIONAL MEDICAL CENTER,340070,NC,READM-30-AMI-HRRP,56,1.0343,19.2783,18.6381,13,01-07-2019,30-06-2022
BETSY JOHNSON REGIONAL HOSPITAL,340071,NC,READM-30-HIP-KNEE-HRRP,310,1.0408,16.5436,15.8954,54,01-07-2019,30-06-2022
BETSY JOHNSON REGIONAL HOSPITAL,340071,NC,READM-30-COPD-HRRP,262,0.9818,19.5487,19.9121,50,01-07-2019,30-06-2022
BETSY JOHNSON REGIONAL HOSPITAL,340071,NC,READM-30-CABG-HRRP,109,0.9703,20.1806,20.7985,20,01-07-2019,30-06-2022
DUKE HEALTH RALEIGH HOSPITAL,340073,NC,READM-30-PN-HRRP,133,1.0442,16.5769,15.8751,25,01-07-2019,30-06-2022
DUKE HEALTH RALEIGH HOSPITAL,340073,NC,READM-30-HIP-KNEE-HRRP,155,0.9678,18.1468,18.75,26,01-07-2019,30-06-2022
DUKE HEALTH RALEIGH HOSPITAL,340073,NC,READM-30-CABG-HRRP,203,1.0015,15.7129,15.6889,32,01-07-2019,30-06-2022
"BLUE RIDGE HEALTHCARE HOSPITALS, INC",340075,NC,READM-30-PN-HRRP,231,1.0837,20.2156,18.654,52,01-07-2019,30-06-2022
"BLUE RIDGE HEALTHCARE HOSPITALS, INC",340075,NC,READM-30-HIP-KNEE-HRRP,86,0.9399,17.379,18.4911,11,01-07-2019,30-06-2022
"BLUE RIDGE HEALTHCARE HOSPITALS, INC",340075,NC,READM-30-COPD-HRRP,148,0.9578,12.8978,13.4665,17,01-07-2019,30-06-2022
"BLUE RIDGE HEALTHCARE HOSPITALS, INC",340075,NC,READM-30-AMI-HRRP,151,0.968,14.6809,15.1663,20,01-07-2019,30-06-2022
ATRIUM HEALTH ANSON,340084,NC,READM-30-HIP-KNEE-HRRP,136,1.0291,20.6422,20.0582,30,01-07-2019,30-06-2022
ATRIUM HEALTH ANSON,340084,NC,READM-30-COPD-HRRP,77,1.0428,12.9567,12.4249,12,01-07-2019,30-06-2022
ATRIUM HEALTH ANSON,340084,NC,READM-30-CABG-HRRP,109,0.9322,15.3417,16.4576,12,01-07-2019,30-06-2022
ATRIUM HEALTH ANSON,340084,NC,READM-30-AMI-HRRP,79,1.0392,20.798,20.0139,19,01-07-2019,30-06-2022
NOVANT HEALTH THOMASVILLE MEDICAL CENTER,340085,NC,READM-30-HF-HRRP,58,1.0538,19.508,18.5122,15,01-07-2019,30-06-2022
NOVANT HEALTH THOMASVILLE MEDICAL CENTER,340085,NC,READM-30-COPD-HRRP,74,1.0579,23.087,21.8241,21,01-07-2019,30-06-2022
NOVANT HEALTH THOMASVILLE MEDICAL CENTER,340085,NC,READM-30-CABG-HRRP,154,0.9206,13.9235,15.1244,16,01-07-2019,30-06-2022
THE MCDOWELL HOSPITAL,340087,NC,READM-30-PN-HRRP,111,0.9575,17.8625,18.6549,17,01-07-2019,30-06-2022
THE MCDOWELL HOSPITAL,340087,NC,READM-30-HF-HRRP,869,0.7313,2.6092,3.568,18,01-07-2019,30-06-2022
THE MCDOWELL HOSPITAL,340087,NC,READM-30-COPD-HRRP,123,1.1957,19.9468,16.6824,37,01-07-2019,30-06-2022
THE MCDOWELL HOSPITAL,340087,NC,READM-30-CABG-HRRP,128,1.0496,21.65,20.6269,31,01-07-2019,30-06-2022
JOHNSTON HEALTH,340090,NC,READM-30-PN-HRRP,362,0.9546,17.1867,18.0047,59,01-07-2019,30-06-2022
JOHNSTON HEALTH,340090,NC,READM-30-HF-HRRP,432,1.0423,22.4903,21.5771,100,01-07-2019,30-06-2022
JOHNSTON HEALTH,340090,NC,READM-30-COPD-HRRP,102,0.994,20.002,20.1237,20,01-07-2019,30-06-2022
JOHNSTON HEALTH,340090,NC,READM-30-CABG-HRRP,67,1.1302,11.3768,10.066,11,01-07-2019,30-06-2022
JOHNSTON HEALTH,340090,NC,READM-30-AMI-HRRP,104,1.0293,14.9496,14.5239,17,01-07-2019,30-06-2022
